Epoch,Split,Level,Class ID,Class Name,Precision,Recall,F1 Score
0,Train,PF4,0,Arachnida,0.285,0.4107,0.3365
0,Train,PF4,1,Insecta,0.9949,0.9911,0.993
0,Train,PF3,0,Araneae,0.6916,0.2909,0.4096
0,Train,PF3,1,Coleoptera,0.8251,0.4922,0.6166
0,Train,PF3,2,Dermaptera,0.3205,0.0194,0.0365
0,Train,PF3,3,Diptera,0.9049,0.6468,0.7544
0,Train,PF3,4,Hemiptera,0.0,0.0,0.0
0,Train,PF3,5,Hymenoptera,0.7026,0.399,0.5089
0,Train,PF3,6,Lepidoptera,0.8658,0.1645,0.2765
0,Train,PF3,7,Mecoptera,0.1162,0.0932,0.1035
0,Train,PF3,8,Neuroptera,0.577,0.3744,0.4541
0,Train,PF3,9,Orthoptera,0.1439,0.9542,0.25
0,Train,PF3,10,Trichoptera,0.0,0.0,0.0
0,Train,PF2,0,Apocrita,0.8981,0.1699,0.2857
0,Train,PF2,1,Arneomorphae,0.0,0.0,0.0
0,Train,PF2,2,Brachycera,0.89,0.5321,0.666
0,Train,PF2,3,Forficulina,0.4286,0.0023,0.0046
0,Train,PF2,4,Glossata,0.9615,0.002,0.0039
0,Train,PF2,5,Hemerobiiformia,0.8571,0.0083,0.0165
0,Train,PF2,6,Heteroptera,0.0,0.0,0.0
0,Train,PF2,7,Integripalpia,0.0,0.0,0.0
0,Train,PF2,8,Nematocera,0.9474,0.0871,0.1596
0,Train,PF2,9,Polyphaga,0.945,0.157,0.2692
0,Train,PF2,10,Symphyta,0.5425,0.0212,0.0408
0,Train,PF2,11,grasshopper,0.0954,0.9847,0.174
0,Train,PF2,12,scorpion_fly,0.0,0.0,0.0
0,Train,PF1,0,Aculeata,0.7859,0.4753,0.5923
0,Train,PF1,1,Araneomorphae,0.7709,0.1058,0.186
0,Train,PF1,2,Asilomorpha,0.7055,0.6775,0.6912
0,Train,PF1,3,Bibionomorpha,0.5755,0.464,0.5137
0,Train,PF1,4,Cucujiformia,0.8797,0.5471,0.6746
0,Train,PF1,5,Culicomorpha,0.973,0.199,0.3304
0,Train,PF1,6,Epidermaptera,0.5,0.0248,0.0473
0,Train,PF1,7,Heterocera,0.9578,0.1716,0.2911
0,Train,PF1,8,Muscomorpha,0.7689,0.8177,0.7925
0,Train,PF1,9,Parasitica,0.6516,0.1426,0.234
0,Train,PF1,10,Pentatomomorpha,0.6625,0.0299,0.0572
0,Train,PF1,11,Plenitentoria,0.0,0.0,0.0
0,Train,PF1,12,Rhopalocera,0.5161,0.0777,0.135
0,Train,PF1,13,lacewing,0.1792,0.9264,0.3003
0,Train,PF1,14,saw_fly,0.4986,0.046,0.0843
0,Train,Leaf Class (Softmax),0,Ichneumonoidea,0.4918,0.3475,0.4072
0,Train,Leaf Class (Softmax),1,Muscoidea,0.352,0.3606,0.3563
0,Train,Leaf Class (Softmax),2,ant,0.6454,0.7565,0.6965
0,Train,Leaf Class (Softmax),3,ant_beetle,0.6052,0.5234,0.5613
0,Train,Leaf Class (Softmax),4,bug,0.5126,0.366,0.4271
0,Train,Leaf Class (Softmax),5,butterfly,0.4795,0.199,0.2813
0,Train,Leaf Class (Softmax),6,caddisfly,0.6329,0.6128,0.6227
0,Train,Leaf Class (Softmax),7,dance_fly,0.3103,0.1205,0.1736
0,Train,Leaf Class (Softmax),8,earwig,0.3581,0.1419,0.2032
0,Train,Leaf Class (Softmax),9,fever_fly,0.5538,0.4629,0.5043
0,Train,Leaf Class (Softmax),10,flesh_fly,0.5759,0.608,0.5915
0,Train,Leaf Class (Softmax),11,fly,0.3207,0.3122,0.3164
0,Train,Leaf Class (Softmax),12,fruit_fly,0.632,0.6476,0.6397
0,Train,Leaf Class (Softmax),13,hoverfly,0.628,0.6644,0.6457
0,Train,Leaf Class (Softmax),14,ladybug,0.7672,0.829,0.7969
0,Train,Leaf Class (Softmax),15,leaf_beetle,0.7321,0.7502,0.741
0,Train,Leaf Class (Softmax),16,midge,0.7208,0.7782,0.7484
0,Train,Leaf Class (Softmax),17,moth,0.7321,0.7223,0.7272
0,Train,Leaf Class (Softmax),18,robber_fly,0.7433,0.7618,0.7524
0,Train,Leaf Class (Softmax),19,spider,0.6197,0.6821,0.6494
0,Train,Leaf Class (Softmax),20,wasp,0.2444,0.0505,0.0837
0,Train,Leaf Class (Softmax),21,weevil,0.6966,0.644,0.6693
0,Train,Leaf Class (Sigmoid),0,Ichneumonoidea,0.3557,0.2708,0.3075
0,Train,Leaf Class (Sigmoid),1,Muscoidea,0.3315,0.5878,0.424
0,Train,Leaf Class (Sigmoid),2,ant,0.6313,0.7215,0.6734
0,Train,Leaf Class (Sigmoid),3,ant_beetle,0.5113,0.4504,0.4789
0,Train,Leaf Class (Sigmoid),4,bug,0.5359,0.3029,0.387
0,Train,Leaf Class (Sigmoid),5,butterfly,0.7576,0.0202,0.0394
0,Train,Leaf Class (Sigmoid),6,caddisfly,0.5446,0.4273,0.4789
0,Train,Leaf Class (Sigmoid),7,dance_fly,0.0,0.0,0.0
0,Train,Leaf Class (Sigmoid),8,earwig,0.3786,0.0713,0.12
0,Train,Leaf Class (Sigmoid),9,fever_fly,0.8212,0.2263,0.3548
0,Train,Leaf Class (Sigmoid),10,flesh_fly,0.6368,0.5308,0.579
0,Train,Leaf Class (Sigmoid),11,fly,0.0,0.0,0.0
0,Train,Leaf Class (Sigmoid),12,fruit_fly,0.5952,0.6516,0.6221
0,Train,Leaf Class (Sigmoid),13,hoverfly,0.7899,0.5094,0.6193
0,Train,Leaf Class (Sigmoid),14,ladybug,0.6181,0.8146,0.7029
0,Train,Leaf Class (Sigmoid),15,leaf_beetle,0.5411,0.7217,0.6185
0,Train,Leaf Class (Sigmoid),16,midge,0.9357,0.5401,0.6849
0,Train,Leaf Class (Sigmoid),17,moth,0.883,0.5528,0.6799
0,Train,Leaf Class (Sigmoid),18,robber_fly,0.4105,0.8641,0.5566
0,Train,Leaf Class (Sigmoid),19,spider,0.6266,0.5753,0.5999
0,Train,Leaf Class (Sigmoid),20,wasp,0.134,0.0429,0.065
0,Train,Leaf Class (Sigmoid),21,weevil,0.7133,0.5347,0.6112
0,Test,PF4,0,Arachnida,0.4827,0.877,0.6227
0,Test,PF4,1,Insecta,0.9971,0.9782,0.9876
0,Test,PF3,0,Araneae,0.6289,0.8674,0.7291
0,Test,PF3,1,Coleoptera,0.642,0.7552,0.694
0,Test,PF3,2,Dermaptera,0.0,0.0,0.0
0,Test,PF3,3,Diptera,0.8709,0.8205,0.8449
0,Test,PF3,4,Hemiptera,0.0,0.0,0.0
0,Test,PF3,5,Hymenoptera,0.4645,0.5046,0.4837
0,Test,PF3,6,Lepidoptera,0.6074,0.3535,0.4469
0,Test,PF3,7,Mecoptera,0.0445,0.061,0.0515
0,Test,PF3,8,Neuroptera,0.0183,0.025,0.0211
0,Test,PF3,9,Orthoptera,0.4016,0.8888,0.5532
0,Test,PF3,10,Trichoptera,0.0,0.0,0.0
0,Test,PF2,0,Apocrita,0.5747,0.406,0.4759
0,Test,PF2,1,Arneomorphae,0.9583,0.0139,0.0275
0,Test,PF2,2,Brachycera,0.8937,0.7235,0.7997
0,Test,PF2,3,Forficulina,0.0,0.0,0.0
0,Test,PF2,4,Glossata,0.8879,0.0774,0.1423
0,Test,PF2,5,Hemerobiiformia,0.0244,0.0005,0.001
0,Test,PF2,6,Heteroptera,0.9831,0.1795,0.3036
0,Test,PF2,7,Integripalpia,0.0,0.0,0.0
0,Test,PF2,8,Nematocera,0.8472,0.8768,0.8617
0,Test,PF2,9,Polyphaga,0.8491,0.6494,0.7359
0,Test,PF2,10,Symphyta,0.2842,0.0596,0.0985
0,Test,PF2,11,grasshopper,0.1393,0.993,0.2443
0,Test,PF2,12,scorpion_fly,0.0,0.0,0.0
0,Test,PF1,0,Aculeata,0.645,0.3685,0.469
0,Test,PF1,1,Araneomorphae,0.7867,0.7638,0.775
0,Test,PF1,2,Asilomorpha,0.5753,0.6016,0.5881
0,Test,PF1,3,Bibionomorpha,0.4331,0.9229,0.5895
0,Test,PF1,4,Cucujiformia,0.6919,0.7552,0.7222
0,Test,PF1,5,Culicomorpha,0.9777,0.9115,0.9435
0,Test,PF1,6,Epidermaptera,0.0,0.0,0.0
0,Test,PF1,7,Heterocera,0.8334,0.4152,0.5543
0,Test,PF1,8,Muscomorpha,0.7734,0.8185,0.7953
0,Test,PF1,9,Parasitica,0.0462,0.0695,0.0555
0,Test,PF1,10,Pentatomomorpha,0.9012,0.5624,0.6926
0,Test,PF1,11,Plenitentoria,0.0,0.0,0.0
0,Test,PF1,12,Rhopalocera,0.9304,0.7507,0.831
0,Test,PF1,13,lacewing,0.1363,0.5621,0.2194
0,Test,PF1,14,saw_fly,0.2421,0.0704,0.1091
0,Test,Leaf Class (Softmax),0,Ichneumonoidea,0.0703,0.1682,0.0991
0,Test,Leaf Class (Softmax),1,Muscoidea,0.3501,0.8052,0.488
0,Test,Leaf Class (Softmax),2,ant,0.5741,0.7295,0.6425
0,Test,Leaf Class (Softmax),3,ant_beetle,0.5643,0.9084,0.6961
0,Test,Leaf Class (Softmax),4,bug,0.868,0.6333,0.7323
0,Test,Leaf Class (Softmax),5,butterfly,0.9827,0.2798,0.4356
0,Test,Leaf Class (Softmax),6,caddisfly,0.8848,0.7022,0.783
0,Test,Leaf Class (Softmax),7,dance_fly,0.0,0.0,0.0
0,Test,Leaf Class (Softmax),8,earwig,0.0,0.0,0.0
0,Test,Leaf Class (Softmax),9,fever_fly,0.5273,0.8485,0.6504
0,Test,Leaf Class (Softmax),10,flesh_fly,0.7169,0.5995,0.653
0,Test,Leaf Class (Softmax),11,fly,0.0,0.0,0.0
0,Test,Leaf Class (Softmax),12,fruit_fly,0.5219,0.546,0.5337
0,Test,Leaf Class (Softmax),13,hoverfly,0.6393,0.5615,0.5979
0,Test,Leaf Class (Softmax),14,ladybug,0.6091,0.8568,0.712
0,Test,Leaf Class (Softmax),15,leaf_beetle,0.0016,0.0038,0.0023
0,Test,Leaf Class (Softmax),16,midge,0.9469,0.945,0.9459
0,Test,Leaf Class (Softmax),17,moth,0.7853,0.4582,0.5788
0,Test,Leaf Class (Softmax),18,robber_fly,0.6231,0.6522,0.6374
0,Test,Leaf Class (Softmax),19,spider,0.6507,0.8643,0.7425
0,Test,Leaf Class (Softmax),20,wasp,0.5344,0.1111,0.184
0,Test,Leaf Class (Softmax),21,weevil,0.8057,0.7093,0.7544
0,Test,Leaf Class (Sigmoid),0,Ichneumonoidea,0.059,0.0919,0.0719
0,Test,Leaf Class (Sigmoid),1,Muscoidea,0.4576,0.2628,0.3338
0,Test,Leaf Class (Sigmoid),2,ant,0.6358,0.6738,0.6542
0,Test,Leaf Class (Sigmoid),3,ant_beetle,0.5618,0.9209,0.6978
0,Test,Leaf Class (Sigmoid),4,bug,0.85,0.668,0.7481
0,Test,Leaf Class (Sigmoid),5,butterfly,0.8747,0.7635,0.8154
0,Test,Leaf Class (Sigmoid),6,caddisfly,0.8866,0.647,0.7481
0,Test,Leaf Class (Sigmoid),7,dance_fly,0.4402,0.4882,0.4629
0,Test,Leaf Class (Sigmoid),8,earwig,0.0,0.0,0.0
0,Test,Leaf Class (Sigmoid),9,fever_fly,0.4119,0.9434,0.5735
0,Test,Leaf Class (Sigmoid),10,flesh_fly,0.7173,0.5893,0.647
0,Test,Leaf Class (Sigmoid),11,fly,0.4042,0.573,0.474
0,Test,Leaf Class (Sigmoid),12,fruit_fly,0.5959,0.5258,0.5586
0,Test,Leaf Class (Sigmoid),13,hoverfly,0.5885,0.5843,0.5864
0,Test,Leaf Class (Sigmoid),14,ladybug,0.7564,0.8618,0.8057
0,Test,Leaf Class (Sigmoid),15,leaf_beetle,0.003,0.0054,0.0039
0,Test,Leaf Class (Sigmoid),16,midge,0.868,0.955,0.9094
0,Test,Leaf Class (Sigmoid),17,moth,0.7636,0.588,0.6644
0,Test,Leaf Class (Sigmoid),18,robber_fly,0.6397,0.6365,0.6381
0,Test,Leaf Class (Sigmoid),19,spider,0.5933,0.8722,0.7062
0,Test,Leaf Class (Sigmoid),20,wasp,0.6882,0.1618,0.262
0,Test,Leaf Class (Sigmoid),21,weevil,0.795,0.7328,0.7626
1,Train,PF4,0,Arachnida,0.6134,0.8568,0.715
1,Train,PF4,1,Insecta,0.9988,0.9953,0.997
1,Train,PF3,0,Araneae,0.7743,0.7071,0.7392
1,Train,PF3,1,Coleoptera,0.8846,0.861,0.8727
1,Train,PF3,2,Dermaptera,0.411,0.3078,0.352
1,Train,PF3,3,Diptera,0.9365,0.872,0.9031
1,Train,PF3,4,Hemiptera,0.8404,0.0446,0.0846
1,Train,PF3,5,Hymenoptera,0.7259,0.7839,0.7538
1,Train,PF3,6,Lepidoptera,0.8885,0.5742,0.6976
1,Train,PF3,7,Mecoptera,0.1624,0.171,0.1666
1,Train,PF3,8,Neuroptera,0.683,0.8738,0.7667
1,Train,PF3,9,Orthoptera,0.4788,0.9416,0.6348
1,Train,PF3,10,Trichoptera,0.0,0.0,0.0
1,Train,PF2,0,Apocrita,0.9308,0.4905,0.6424
1,Train,PF2,1,Arneomorphae,1.0,0.001,0.002
1,Train,PF2,2,Brachycera,0.9509,0.7378,0.8309
1,Train,PF2,3,Forficulina,0.7838,0.0899,0.1613
1,Train,PF2,4,Glossata,0.9837,0.1471,0.2559
1,Train,PF2,5,Hemerobiiformia,0.9685,0.1679,0.2861
1,Train,PF2,6,Heteroptera,0.95,0.0107,0.0212
1,Train,PF2,7,Integripalpia,0.0,0.0,0.0
1,Train,PF2,8,Nematocera,0.9612,0.4552,0.6178
1,Train,PF2,9,Polyphaga,0.9728,0.5519,0.7043
1,Train,PF2,10,Symphyta,0.7347,0.1784,0.2871
1,Train,PF2,11,grasshopper,0.1426,0.9933,0.2495
1,Train,PF2,12,scorpion_fly,0.0,0.0,0.0
1,Train,PF1,0,Aculeata,0.8884,0.7154,0.7925
1,Train,PF1,1,Araneomorphae,0.8717,0.3932,0.542
1,Train,PF1,2,Asilomorpha,0.8756,0.8745,0.875
1,Train,PF1,3,Bibionomorpha,0.7685,0.8355,0.8006
1,Train,PF1,4,Cucujiformia,0.9191,0.8661,0.8918
1,Train,PF1,5,Culicomorpha,0.9851,0.7409,0.8457
1,Train,PF1,6,Epidermaptera,0.7083,0.2636,0.3842
1,Train,PF1,7,Heterocera,0.9697,0.5225,0.6791
1,Train,PF1,8,Muscomorpha,0.8791,0.925,0.9015
1,Train,PF1,9,Parasitica,0.8094,0.4674,0.5926
1,Train,PF1,10,Pentatomomorpha,0.8998,0.3142,0.4657
1,Train,PF1,11,Plenitentoria,0.9456,0.1775,0.2989
1,Train,PF1,12,Rhopalocera,0.6575,0.5251,0.5839
1,Train,PF1,13,lacewing,0.3707,0.9564,0.5343
1,Train,PF1,14,saw_fly,0.6952,0.2467,0.3642
1,Train,Leaf Class (Softmax),0,Ichneumonoidea,0.7041,0.6051,0.6509
1,Train,Leaf Class (Softmax),1,Muscoidea,0.4787,0.4673,0.4729
1,Train,Leaf Class (Softmax),2,ant,0.8427,0.8901,0.8658
1,Train,Leaf Class (Softmax),3,ant_beetle,0.8515,0.8439,0.8477
1,Train,Leaf Class (Softmax),4,bug,0.7184,0.6977,0.7079
1,Train,Leaf Class (Softmax),5,butterfly,0.6744,0.585,0.6265
1,Train,Leaf Class (Softmax),6,caddisfly,0.8774,0.9046,0.8908
1,Train,Leaf Class (Softmax),7,dance_fly,0.5613,0.5054,0.5319
1,Train,Leaf Class (Softmax),8,earwig,0.5858,0.5295,0.5562
1,Train,Leaf Class (Softmax),9,fever_fly,0.7889,0.8191,0.8037
1,Train,Leaf Class (Softmax),10,flesh_fly,0.7719,0.7673,0.7696
1,Train,Leaf Class (Softmax),11,fly,0.4412,0.443,0.4421
1,Train,Leaf Class (Softmax),12,fruit_fly,0.8127,0.8217,0.8172
1,Train,Leaf Class (Softmax),13,hoverfly,0.8342,0.8505,0.8423
1,Train,Leaf Class (Softmax),14,ladybug,0.9097,0.9191,0.9144
1,Train,Leaf Class (Softmax),15,leaf_beetle,0.8783,0.8984,0.8882
1,Train,Leaf Class (Softmax),16,midge,0.928,0.9412,0.9345
1,Train,Leaf Class (Softmax),17,moth,0.8899,0.8737,0.8817
1,Train,Leaf Class (Softmax),18,robber_fly,0.9079,0.9166,0.9122
1,Train,Leaf Class (Softmax),19,spider,0.7916,0.8797,0.8334
1,Train,Leaf Class (Softmax),20,wasp,0.4846,0.2646,0.3423
1,Train,Leaf Class (Softmax),21,weevil,0.8573,0.8676,0.8624
1,Train,Leaf Class (Sigmoid),0,Ichneumonoidea,0.5332,0.6154,0.5714
1,Train,Leaf Class (Sigmoid),1,Muscoidea,0.4133,0.7973,0.5444
1,Train,Leaf Class (Sigmoid),2,ant,0.8292,0.8822,0.8549
1,Train,Leaf Class (Sigmoid),3,ant_beetle,0.7517,0.8648,0.8043
1,Train,Leaf Class (Sigmoid),4,bug,0.7728,0.6351,0.6972
1,Train,Leaf Class (Sigmoid),5,butterfly,0.8932,0.2638,0.4072
1,Train,Leaf Class (Sigmoid),6,caddisfly,0.8394,0.8645,0.8518
1,Train,Leaf Class (Sigmoid),7,dance_fly,0.8889,0.0428,0.0817
1,Train,Leaf Class (Sigmoid),8,earwig,0.6186,0.3395,0.4384
1,Train,Leaf Class (Sigmoid),9,fever_fly,0.8564,0.7473,0.7982
1,Train,Leaf Class (Sigmoid),10,flesh_fly,0.7315,0.7902,0.7597
1,Train,Leaf Class (Sigmoid),11,fly,0.48,0.0008,0.0015
1,Train,Leaf Class (Sigmoid),12,fruit_fly,0.7587,0.8451,0.7996
1,Train,Leaf Class (Sigmoid),13,hoverfly,0.8716,0.8041,0.8364
1,Train,Leaf Class (Sigmoid),14,ladybug,0.8433,0.9308,0.8849
1,Train,Leaf Class (Sigmoid),15,leaf_beetle,0.8169,0.9138,0.8627
1,Train,Leaf Class (Sigmoid),16,midge,0.969,0.8752,0.9197
1,Train,Leaf Class (Sigmoid),17,moth,0.9351,0.8196,0.8735
1,Train,Leaf Class (Sigmoid),18,robber_fly,0.874,0.9339,0.9029
1,Train,Leaf Class (Sigmoid),19,spider,0.7761,0.8388,0.8062
1,Train,Leaf Class (Sigmoid),20,wasp,0.3053,0.2356,0.266
1,Train,Leaf Class (Sigmoid),21,weevil,0.8705,0.8366,0.8532
1,Test,PF4,0,Arachnida,0.6019,0.8728,0.7125
1,Test,PF4,1,Insecta,0.997,0.9866,0.9918
1,Test,PF3,0,Araneae,0.7187,0.8619,0.7838
1,Test,PF3,1,Coleoptera,0.6751,0.7809,0.7241
1,Test,PF3,2,Dermaptera,0.0,0.0,0.0
1,Test,PF3,3,Diptera,0.8737,0.8442,0.8587
1,Test,PF3,4,Hemiptera,0.8974,0.4784,0.6241
1,Test,PF3,5,Hymenoptera,0.6717,0.6148,0.642
1,Test,PF3,6,Lepidoptera,0.6955,0.352,0.4674
1,Test,PF3,7,Mecoptera,0.0,0.0,0.0
1,Test,PF3,8,Neuroptera,0.0496,0.0598,0.0542
1,Test,PF3,9,Orthoptera,0.3791,0.958,0.5432
1,Test,PF3,10,Trichoptera,0.0,0.0,0.0
1,Test,PF2,0,Apocrita,0.7971,0.3938,0.5272
1,Test,PF2,1,Arneomorphae,0.939,0.0466,0.0889
1,Test,PF2,2,Brachycera,0.886,0.7642,0.8206
1,Test,PF2,3,Forficulina,0.0,0.0,0.0
1,Test,PF2,4,Glossata,0.885,0.2287,0.3635
1,Test,PF2,5,Hemerobiiformia,0.1259,0.0192,0.0334
1,Test,PF2,6,Heteroptera,0.997,0.5185,0.6822
1,Test,PF2,7,Integripalpia,1.0,0.0685,0.1283
1,Test,PF2,8,Nematocera,0.8788,0.8683,0.8735
1,Test,PF2,9,Polyphaga,0.8782,0.6599,0.7536
1,Test,PF2,10,Symphyta,0.6699,0.1186,0.2015
1,Test,PF2,11,grasshopper,0.1456,0.9825,0.2536
1,Test,PF2,12,scorpion_fly,0.0,0.0,0.0
1,Test,PF1,0,Aculeata,0.7435,0.5845,0.6545
1,Test,PF1,1,Araneomorphae,0.8143,0.805,0.8096
1,Test,PF1,2,Asilomorpha,0.65,0.6871,0.668
1,Test,PF1,3,Bibionomorpha,0.5128,0.8514,0.6401
1,Test,PF1,4,Cucujiformia,0.7539,0.7648,0.7593
1,Test,PF1,5,Culicomorpha,0.8595,0.916,0.8868
1,Test,PF1,6,Epidermaptera,0.0,0.0,0.0
1,Test,PF1,7,Heterocera,0.7998,0.3685,0.5045
1,Test,PF1,8,Muscomorpha,0.8079,0.8112,0.8096
1,Test,PF1,9,Parasitica,0.0777,0.0538,0.0636
1,Test,PF1,10,Pentatomomorpha,0.9032,0.6109,0.7289
1,Test,PF1,11,Plenitentoria,0.9209,0.8026,0.8577
1,Test,PF1,12,Rhopalocera,0.7512,0.9222,0.828
1,Test,PF1,13,lacewing,0.2281,0.6797,0.3416
1,Test,PF1,14,saw_fly,0.8455,0.6019,0.7032
1,Test,Leaf Class (Softmax),0,Ichneumonoidea,0.112,0.1502,0.1284
1,Test,Leaf Class (Softmax),1,Muscoidea,0.3663,0.7872,0.5
1,Test,Leaf Class (Softmax),2,ant,0.7565,0.834,0.7933
1,Test,Leaf Class (Softmax),3,ant_beetle,0.8698,0.8344,0.8518
1,Test,Leaf Class (Softmax),4,bug,0.8176,0.6525,0.7258
1,Test,Leaf Class (Softmax),5,butterfly,0.8682,0.7271,0.7914
1,Test,Leaf Class (Softmax),6,caddisfly,0.8825,0.9582,0.9188
1,Test,Leaf Class (Softmax),7,dance_fly,0.9243,0.4005,0.5588
1,Test,Leaf Class (Softmax),8,earwig,0.0,0.0,0.0
1,Test,Leaf Class (Softmax),9,fever_fly,0.6142,0.8167,0.7011
1,Test,Leaf Class (Softmax),10,flesh_fly,0.64,0.5933,0.6157
1,Test,Leaf Class (Softmax),11,fly,0.25,0.0002,0.0005
1,Test,Leaf Class (Softmax),12,fruit_fly,0.5333,0.6252,0.5756
1,Test,Leaf Class (Softmax),13,hoverfly,0.8092,0.598,0.6878
1,Test,Leaf Class (Softmax),14,ladybug,0.7678,0.8128,0.7897
1,Test,Leaf Class (Softmax),15,leaf_beetle,0.0235,0.0215,0.0225
1,Test,Leaf Class (Softmax),16,midge,0.9253,0.9232,0.9243
1,Test,Leaf Class (Softmax),17,moth,0.7864,0.521,0.6268
1,Test,Leaf Class (Softmax),18,robber_fly,0.5814,0.6972,0.6341
1,Test,Leaf Class (Softmax),19,spider,0.7023,0.8431,0.7663
1,Test,Leaf Class (Softmax),20,wasp,0.6444,0.4278,0.5143
1,Test,Leaf Class (Softmax),21,weevil,0.5148,0.749,0.6102
1,Test,Leaf Class (Sigmoid),0,Ichneumonoidea,0.145,0.0852,0.1073
1,Test,Leaf Class (Sigmoid),1,Muscoidea,0.4052,0.2585,0.3156
1,Test,Leaf Class (Sigmoid),2,ant,0.7696,0.8442,0.8052
1,Test,Leaf Class (Sigmoid),3,ant_beetle,0.935,0.7967,0.8603
1,Test,Leaf Class (Sigmoid),4,bug,0.7775,0.735,0.7556
1,Test,Leaf Class (Sigmoid),5,butterfly,0.7541,0.9005,0.8208
1,Test,Leaf Class (Sigmoid),6,caddisfly,0.9067,0.9254,0.916
1,Test,Leaf Class (Sigmoid),7,dance_fly,0.7278,0.6506,0.6871
1,Test,Leaf Class (Sigmoid),8,earwig,0.0,0.0,0.0
1,Test,Leaf Class (Sigmoid),9,fever_fly,0.5534,0.7261,0.6281
1,Test,Leaf Class (Sigmoid),10,flesh_fly,0.6768,0.5387,0.5999
1,Test,Leaf Class (Sigmoid),11,fly,0.3961,0.6542,0.4934
1,Test,Leaf Class (Sigmoid),12,fruit_fly,0.6241,0.5992,0.6114
1,Test,Leaf Class (Sigmoid),13,hoverfly,0.8226,0.5798,0.6802
1,Test,Leaf Class (Sigmoid),14,ladybug,0.8748,0.7965,0.8338
1,Test,Leaf Class (Sigmoid),15,leaf_beetle,0.0121,0.0077,0.0094
1,Test,Leaf Class (Sigmoid),16,midge,0.876,0.9518,0.9123
1,Test,Leaf Class (Sigmoid),17,moth,0.7624,0.5975,0.6699
1,Test,Leaf Class (Sigmoid),18,robber_fly,0.6302,0.6535,0.6416
1,Test,Leaf Class (Sigmoid),19,spider,0.7016,0.8431,0.7659
1,Test,Leaf Class (Sigmoid),20,wasp,0.6452,0.5459,0.5914
1,Test,Leaf Class (Sigmoid),21,weevil,0.4701,0.7692,0.5836
2,Train,PF4,0,Arachnida,0.7024,0.9092,0.7925
2,Train,PF4,1,Insecta,0.9992,0.9967,0.9979
2,Train,PF3,0,Araneae,0.8122,0.7879,0.7999
2,Train,PF3,1,Coleoptera,0.9128,0.9064,0.9096
2,Train,PF3,2,Dermaptera,0.4906,0.5837,0.5331
2,Train,PF3,3,Diptera,0.9527,0.9144,0.9331
2,Train,PF3,4,Hemiptera,0.8521,0.1918,0.3131
2,Train,PF3,5,Hymenoptera,0.8008,0.8347,0.8174
2,Train,PF3,6,Lepidoptera,0.9175,0.693,0.7896
2,Train,PF3,7,Mecoptera,0.2481,0.171,0.2025
2,Train,PF3,8,Neuroptera,0.7304,0.9106,0.8106
2,Train,PF3,9,Orthoptera,0.5785,0.9567,0.721
2,Train,PF3,10,Trichoptera,0.0,0.0,0.0
2,Train,PF2,0,Apocrita,0.949,0.6758,0.7895
2,Train,PF2,1,Arneomorphae,0.8852,0.0539,0.1016
2,Train,PF2,2,Brachycera,0.9568,0.8513,0.901
2,Train,PF2,3,Forficulina,0.7744,0.3326,0.4653
2,Train,PF2,4,Glossata,0.982,0.3986,0.5671
2,Train,PF2,5,Hemerobiiformia,0.9578,0.5778,0.7208
2,Train,PF2,6,Heteroptera,0.9803,0.1963,0.3271
2,Train,PF2,7,Integripalpia,1.0,0.0102,0.0202
2,Train,PF2,8,Nematocera,0.9619,0.6896,0.8033
2,Train,PF2,9,Polyphaga,0.9731,0.7467,0.845
2,Train,PF2,10,Symphyta,0.7993,0.4703,0.5922
2,Train,PF2,11,grasshopper,0.2199,0.9925,0.36
2,Train,PF2,12,scorpion_fly,0.0,0.0,0.0
2,Train,PF1,0,Aculeata,0.9075,0.8098,0.8559
2,Train,PF1,1,Araneomorphae,0.9004,0.726,0.8039
2,Train,PF1,2,Asilomorpha,0.9118,0.9176,0.9147
2,Train,PF1,3,Bibionomorpha,0.857,0.8879,0.8722
2,Train,PF1,4,Cucujiformia,0.9424,0.9077,0.9247
2,Train,PF1,5,Culicomorpha,0.9826,0.9028,0.941
2,Train,PF1,6,Epidermaptera,0.7876,0.5636,0.657
2,Train,PF1,7,Heterocera,0.977,0.6505,0.781
2,Train,PF1,8,Muscomorpha,0.9129,0.947,0.9296
2,Train,PF1,9,Parasitica,0.8461,0.6344,0.7251
2,Train,PF1,10,Pentatomomorpha,0.9329,0.5804,0.7156
2,Train,PF1,11,Plenitentoria,0.9474,0.7638,0.8458
2,Train,PF1,12,Rhopalocera,0.764,0.7282,0.7457
2,Train,PF1,13,lacewing,0.5455,0.9676,0.6977
2,Train,PF1,14,saw_fly,0.8113,0.5516,0.6567
2,Train,Leaf Class (Softmax),0,Ichneumonoidea,0.7961,0.6822,0.7347
2,Train,Leaf Class (Softmax),1,Muscoidea,0.5287,0.5071,0.5177
2,Train,Leaf Class (Softmax),2,ant,0.8938,0.9267,0.9099
2,Train,Leaf Class (Softmax),3,ant_beetle,0.9026,0.9022,0.9024
2,Train,Leaf Class (Softmax),4,bug,0.836,0.7851,0.8098
2,Train,Leaf Class (Softmax),5,butterfly,0.8068,0.7735,0.7898
2,Train,Leaf Class (Softmax),6,caddisfly,0.9389,0.9478,0.9433
2,Train,Leaf Class (Softmax),7,dance_fly,0.6894,0.6821,0.6857
2,Train,Leaf Class (Softmax),8,earwig,0.7425,0.7132,0.7276
2,Train,Leaf Class (Softmax),9,fever_fly,0.8697,0.8936,0.8815
2,Train,Leaf Class (Softmax),10,flesh_fly,0.8153,0.8045,0.8099
2,Train,Leaf Class (Softmax),11,fly,0.4896,0.5158,0.5023
2,Train,Leaf Class (Softmax),12,fruit_fly,0.8585,0.8632,0.8608
2,Train,Leaf Class (Softmax),13,hoverfly,0.882,0.8941,0.888
2,Train,Leaf Class (Softmax),14,ladybug,0.9369,0.9407,0.9388
2,Train,Leaf Class (Softmax),15,leaf_beetle,0.9148,0.9281,0.9214
2,Train,Leaf Class (Softmax),16,midge,0.9547,0.9623,0.9585
2,Train,Leaf Class (Softmax),17,moth,0.9195,0.899,0.9091
2,Train,Leaf Class (Softmax),18,robber_fly,0.9368,0.9412,0.939
2,Train,Leaf Class (Softmax),19,spider,0.8492,0.9187,0.8826
2,Train,Leaf Class (Softmax),20,wasp,0.6429,0.4257,0.5123
2,Train,Leaf Class (Softmax),21,weevil,0.9116,0.9222,0.9168
2,Train,Leaf Class (Sigmoid),0,Ichneumonoidea,0.5968,0.7383,0.66
2,Train,Leaf Class (Sigmoid),1,Muscoidea,0.4385,0.8479,0.5781
2,Train,Leaf Class (Sigmoid),2,ant,0.888,0.9173,0.9024
2,Train,Leaf Class (Sigmoid),3,ant_beetle,0.8453,0.9165,0.8794
2,Train,Leaf Class (Sigmoid),4,bug,0.8747,0.736,0.7994
2,Train,Leaf Class (Sigmoid),5,butterfly,0.9295,0.5016,0.6516
2,Train,Leaf Class (Sigmoid),6,caddisfly,0.9104,0.9466,0.9282
2,Train,Leaf Class (Sigmoid),7,dance_fly,0.9256,0.1914,0.3172
2,Train,Leaf Class (Sigmoid),8,earwig,0.8139,0.4915,0.6129
2,Train,Leaf Class (Sigmoid),9,fever_fly,0.9011,0.8522,0.876
2,Train,Leaf Class (Sigmoid),10,flesh_fly,0.7898,0.8215,0.8054
2,Train,Leaf Class (Sigmoid),11,fly,0.6181,0.0077,0.0152
2,Train,Leaf Class (Sigmoid),12,fruit_fly,0.8032,0.8847,0.842
2,Train,Leaf Class (Sigmoid),13,hoverfly,0.902,0.8675,0.8844
2,Train,Leaf Class (Sigmoid),14,ladybug,0.8919,0.9503,0.9202
2,Train,Leaf Class (Sigmoid),15,leaf_beetle,0.8554,0.936,0.8939
2,Train,Leaf Class (Sigmoid),16,midge,0.9834,0.9214,0.9514
2,Train,Leaf Class (Sigmoid),17,moth,0.9544,0.8547,0.9018
2,Train,Leaf Class (Sigmoid),18,robber_fly,0.9072,0.9521,0.9291
2,Train,Leaf Class (Sigmoid),19,spider,0.8243,0.8847,0.8534
2,Train,Leaf Class (Sigmoid),20,wasp,0.4812,0.382,0.4259
2,Train,Leaf Class (Sigmoid),21,weevil,0.9234,0.8989,0.911
2,Test,PF4,0,Arachnida,0.5899,0.8468,0.6953
2,Test,PF4,1,Insecta,0.9964,0.9864,0.9914
2,Test,PF3,0,Araneae,0.6651,0.8443,0.7441
2,Test,PF3,1,Coleoptera,0.823,0.7202,0.7682
2,Test,PF3,2,Dermaptera,0.0,0.0,0.0
2,Test,PF3,3,Diptera,0.8598,0.8998,0.8794
2,Test,PF3,4,Hemiptera,0.8543,0.5917,0.6991
2,Test,PF3,5,Hymenoptera,0.7002,0.542,0.6111
2,Test,PF3,6,Lepidoptera,0.7524,0.4901,0.5936
2,Test,PF3,7,Mecoptera,0.0727,0.0584,0.0647
2,Test,PF3,8,Neuroptera,0.1044,0.1154,0.1097
2,Test,PF3,9,Orthoptera,0.36,0.97,0.5251
2,Test,PF3,10,Trichoptera,0.0,0.0,0.0
2,Test,PF2,0,Apocrita,0.7363,0.4807,0.5817
2,Test,PF2,1,Arneomorphae,0.8287,0.4367,0.572
2,Test,PF2,2,Brachycera,0.8641,0.8698,0.8669
2,Test,PF2,3,Forficulina,0.0,0.0,0.0
2,Test,PF2,4,Glossata,0.8425,0.3711,0.5152
2,Test,PF2,5,Hemerobiiformia,0.0035,0.001,0.0016
2,Test,PF2,6,Heteroptera,0.8851,0.6587,0.7553
2,Test,PF2,7,Integripalpia,0.9992,0.5599,0.7177
2,Test,PF2,8,Nematocera,0.9419,0.8868,0.9135
2,Test,PF2,9,Polyphaga,0.9049,0.647,0.7545
2,Test,PF2,10,Symphyta,0.8858,0.5378,0.6693
2,Test,PF2,11,grasshopper,0.2183,0.9908,0.3578
2,Test,PF2,12,scorpion_fly,0.0,0.0,0.0
2,Test,PF1,0,Aculeata,0.7165,0.6165,0.6627
2,Test,PF1,1,Araneomorphae,0.6848,0.8328,0.7516
2,Test,PF1,2,Asilomorpha,0.7468,0.6953,0.7202
2,Test,PF1,3,Bibionomorpha,0.9474,0.7516,0.8382
2,Test,PF1,4,Cucujiformia,0.8494,0.7197,0.7792
2,Test,PF1,5,Culicomorpha,0.872,0.9708,0.9187
2,Test,PF1,6,Epidermaptera,0.0,0.0,0.0
2,Test,PF1,7,Heterocera,0.7235,0.4932,0.5866
2,Test,PF1,8,Muscomorpha,0.7466,0.8802,0.8079
2,Test,PF1,9,Parasitica,0.1447,0.1256,0.1345
2,Test,PF1,10,Pentatomomorpha,0.8526,0.6549,0.7407
2,Test,PF1,11,Plenitentoria,0.9154,0.7741,0.8389
2,Test,PF1,12,Rhopalocera,0.9043,0.9034,0.9039
2,Test,PF1,13,lacewing,0.2538,0.5642,0.3501
2,Test,PF1,14,saw_fly,0.9325,0.5693,0.707
2,Test,Leaf Class (Softmax),0,Ichneumonoidea,0.2042,0.4148,0.2737
2,Test,Leaf Class (Softmax),1,Muscoidea,0.3509,0.9122,0.5069
2,Test,Leaf Class (Softmax),2,ant,0.7252,0.8418,0.7791
2,Test,Leaf Class (Softmax),3,ant_beetle,0.8378,0.8854,0.8609
2,Test,Leaf Class (Softmax),4,bug,0.7934,0.6479,0.7133
2,Test,Leaf Class (Softmax),5,butterfly,0.965,0.7616,0.8513
2,Test,Leaf Class (Softmax),6,caddisfly,0.9309,0.7841,0.8512
2,Test,Leaf Class (Softmax),7,dance_fly,0.9623,0.5065,0.6637
2,Test,Leaf Class (Softmax),8,earwig,0.0,0.0,0.0
2,Test,Leaf Class (Softmax),9,fever_fly,0.9637,0.7318,0.8319
2,Test,Leaf Class (Softmax),10,flesh_fly,0.8209,0.558,0.6644
2,Test,Leaf Class (Softmax),11,fly,0.5842,0.0148,0.0288
2,Test,Leaf Class (Softmax),12,fruit_fly,0.5265,0.6208,0.5698
2,Test,Leaf Class (Softmax),13,hoverfly,0.6398,0.7762,0.7015
2,Test,Leaf Class (Softmax),14,ladybug,0.7626,0.8648,0.8104
2,Test,Leaf Class (Softmax),15,leaf_beetle,0.0067,0.0077,0.0072
2,Test,Leaf Class (Softmax),16,midge,0.9207,0.9755,0.9473
2,Test,Leaf Class (Softmax),17,moth,0.7775,0.5592,0.6506
2,Test,Leaf Class (Softmax),18,robber_fly,0.7213,0.7325,0.7269
2,Test,Leaf Class (Softmax),19,spider,0.6093,0.8407,0.7065
2,Test,Leaf Class (Softmax),20,wasp,0.838,0.4126,0.553
2,Test,Leaf Class (Softmax),21,weevil,0.8585,0.725,0.7861
2,Test,Leaf Class (Sigmoid),0,Ichneumonoidea,0.2616,0.3161,0.2863
2,Test,Leaf Class (Sigmoid),1,Muscoidea,0.3554,0.302,0.3265
2,Test,Leaf Class (Sigmoid),2,ant,0.713,0.846,0.7738
2,Test,Leaf Class (Sigmoid),3,ant_beetle,0.8493,0.9084,0.8779
2,Test,Leaf Class (Sigmoid),4,bug,0.7593,0.7196,0.7389
2,Test,Leaf Class (Sigmoid),5,butterfly,0.9391,0.9113,0.925
2,Test,Leaf Class (Sigmoid),6,caddisfly,0.9459,0.6629,0.7795
2,Test,Leaf Class (Sigmoid),7,dance_fly,0.6483,0.6735,0.6607
2,Test,Leaf Class (Sigmoid),8,earwig,0.0,0.0,0.0
2,Test,Leaf Class (Sigmoid),9,fever_fly,0.9667,0.7396,0.838
2,Test,Leaf Class (Sigmoid),10,flesh_fly,0.8112,0.5598,0.6624
2,Test,Leaf Class (Sigmoid),11,fly,0.4044,0.7342,0.5215
2,Test,Leaf Class (Sigmoid),12,fruit_fly,0.5789,0.6152,0.5965
2,Test,Leaf Class (Sigmoid),13,hoverfly,0.5959,0.7968,0.6819
2,Test,Leaf Class (Sigmoid),14,ladybug,0.8782,0.8598,0.8689
2,Test,Leaf Class (Sigmoid),15,leaf_beetle,0.0059,0.0038,0.0046
2,Test,Leaf Class (Sigmoid),16,midge,0.836,0.9865,0.905
2,Test,Leaf Class (Sigmoid),17,moth,0.7001,0.6272,0.6617
2,Test,Leaf Class (Sigmoid),18,robber_fly,0.7539,0.6325,0.6879
2,Test,Leaf Class (Sigmoid),19,spider,0.5829,0.8455,0.6901
2,Test,Leaf Class (Sigmoid),20,wasp,0.8735,0.4647,0.6067
2,Test,Leaf Class (Sigmoid),21,weevil,0.8938,0.7215,0.7985
3,Train,PF4,0,Arachnida,0.7351,0.9331,0.8223
3,Train,PF4,1,Insecta,0.9994,0.9971,0.9983
3,Train,PF3,0,Araneae,0.8245,0.8109,0.8176
3,Train,PF3,1,Coleoptera,0.9294,0.9284,0.9289
3,Train,PF3,2,Dermaptera,0.5728,0.7168,0.6368
3,Train,PF3,3,Diptera,0.9615,0.934,0.9476
3,Train,PF3,4,Hemiptera,0.9003,0.3666,0.521
3,Train,PF3,5,Hymenoptera,0.8527,0.8626,0.8576
3,Train,PF3,6,Lepidoptera,0.9299,0.7669,0.8406
3,Train,PF3,7,Mecoptera,0.3577,0.1954,0.2528
3,Train,PF3,8,Neuroptera,0.7659,0.9431,0.8453
3,Train,PF3,9,Orthoptera,0.629,0.9634,0.7611
3,Train,PF3,10,Trichoptera,0.0,0.0,0.0
3,Train,PF2,0,Apocrita,0.9548,0.8031,0.8724
3,Train,PF2,1,Arneomorphae,0.9231,0.2455,0.3879
3,Train,PF2,2,Brachycera,0.9572,0.9165,0.9364
3,Train,PF2,3,Forficulina,0.7216,0.6796,0.7
3,Train,PF2,4,Glossata,0.9676,0.5768,0.7228
3,Train,PF2,5,Hemerobiiformia,0.937,0.8244,0.8771
3,Train,PF2,6,Heteroptera,0.9409,0.5928,0.7273
3,Train,PF2,7,Integripalpia,0.9934,0.2271,0.3697
3,Train,PF2,8,Nematocera,0.957,0.8279,0.8878
3,Train,PF2,9,Polyphaga,0.9657,0.8685,0.9145
3,Train,PF2,10,Symphyta,0.7739,0.7797,0.7768
3,Train,PF2,11,grasshopper,0.358,0.9887,0.5256
3,Train,PF2,12,scorpion_fly,0.32,0.0033,0.0064
3,Train,PF1,0,Aculeata,0.924,0.865,0.8935
3,Train,PF1,1,Araneomorphae,0.9036,0.8508,0.8764
3,Train,PF1,2,Asilomorpha,0.9169,0.9378,0.9273
3,Train,PF1,3,Bibionomorpha,0.8793,0.9233,0.9008
3,Train,PF1,4,Cucujiformia,0.9539,0.9302,0.9419
3,Train,PF1,5,Culicomorpha,0.9773,0.9429,0.9598
3,Train,PF1,6,Epidermaptera,0.7873,0.7122,0.7479
3,Train,PF1,7,Heterocera,0.9777,0.7194,0.8289
3,Train,PF1,8,Muscomorpha,0.9345,0.9561,0.9452
3,Train,PF1,9,Parasitica,0.8416,0.6962,0.762
3,Train,PF1,10,Pentatomomorpha,0.9247,0.7208,0.8101
3,Train,PF1,11,Plenitentoria,0.9472,0.9307,0.9389
3,Train,PF1,12,Rhopalocera,0.83,0.8018,0.8156
3,Train,PF1,13,lacewing,0.6867,0.9748,0.8058
3,Train,PF1,14,saw_fly,0.8383,0.7526,0.7931
3,Train,Leaf Class (Softmax),0,Ichneumonoidea,0.8178,0.7271,0.7698
3,Train,Leaf Class (Softmax),1,Muscoidea,0.5625,0.532,0.5468
3,Train,Leaf Class (Softmax),2,ant,0.9156,0.9428,0.929
3,Train,Leaf Class (Softmax),3,ant_beetle,0.9236,0.933,0.9283
3,Train,Leaf Class (Softmax),4,bug,0.88,0.8235,0.8508
3,Train,Leaf Class (Softmax),5,butterfly,0.8593,0.835,0.8469
3,Train,Leaf Class (Softmax),6,caddisfly,0.9581,0.9686,0.9633
3,Train,Leaf Class (Softmax),7,dance_fly,0.7529,0.7403,0.7465
3,Train,Leaf Class (Softmax),8,earwig,0.7972,0.7898,0.7935
3,Train,Leaf Class (Softmax),9,fever_fly,0.8969,0.9254,0.9109
3,Train,Leaf Class (Softmax),10,flesh_fly,0.8479,0.8209,0.8342
3,Train,Leaf Class (Softmax),11,fly,0.516,0.5559,0.5352
3,Train,Leaf Class (Softmax),12,fruit_fly,0.8898,0.8939,0.8918
3,Train,Leaf Class (Softmax),13,hoverfly,0.8997,0.9061,0.9029
3,Train,Leaf Class (Softmax),14,ladybug,0.9466,0.9507,0.9486
3,Train,Leaf Class (Softmax),15,leaf_beetle,0.9294,0.9407,0.935
3,Train,Leaf Class (Softmax),16,midge,0.9636,0.9658,0.9647
3,Train,Leaf Class (Softmax),17,moth,0.9327,0.913,0.9228
3,Train,Leaf Class (Softmax),18,robber_fly,0.9484,0.9514,0.9499
3,Train,Leaf Class (Softmax),19,spider,0.8781,0.9271,0.9019
3,Train,Leaf Class (Softmax),20,wasp,0.725,0.5545,0.6284
3,Train,Leaf Class (Softmax),21,weevil,0.933,0.9427,0.9378
3,Train,Leaf Class (Sigmoid),0,Ichneumonoidea,0.6238,0.7663,0.6878
3,Train,Leaf Class (Sigmoid),1,Muscoidea,0.4541,0.871,0.597
3,Train,Leaf Class (Sigmoid),2,ant,0.9138,0.9339,0.9237
3,Train,Leaf Class (Sigmoid),3,ant_beetle,0.8893,0.9352,0.9117
3,Train,Leaf Class (Sigmoid),4,bug,0.9062,0.7789,0.8377
3,Train,Leaf Class (Sigmoid),5,butterfly,0.9439,0.6537,0.7725
3,Train,Leaf Class (Sigmoid),6,caddisfly,0.9392,0.964,0.9514
3,Train,Leaf Class (Sigmoid),7,dance_fly,0.9048,0.3373,0.4915
3,Train,Leaf Class (Sigmoid),8,earwig,0.8753,0.5989,0.7112
3,Train,Leaf Class (Sigmoid),9,fever_fly,0.9205,0.8972,0.9087
3,Train,Leaf Class (Sigmoid),10,flesh_fly,0.8089,0.8397,0.824
3,Train,Leaf Class (Sigmoid),11,fly,0.6491,0.0238,0.0459
3,Train,Leaf Class (Sigmoid),12,fruit_fly,0.8431,0.913,0.8767
3,Train,Leaf Class (Sigmoid),13,hoverfly,0.914,0.8876,0.9006
3,Train,Leaf Class (Sigmoid),14,ladybug,0.9095,0.9589,0.9335
3,Train,Leaf Class (Sigmoid),15,leaf_beetle,0.8853,0.9474,0.9153
3,Train,Leaf Class (Sigmoid),16,midge,0.9849,0.9319,0.9577
3,Train,Leaf Class (Sigmoid),17,moth,0.9626,0.875,0.9167
3,Train,Leaf Class (Sigmoid),18,robber_fly,0.9262,0.9613,0.9434
3,Train,Leaf Class (Sigmoid),19,spider,0.8655,0.9052,0.8849
3,Train,Leaf Class (Sigmoid),20,wasp,0.6183,0.4981,0.5517
3,Train,Leaf Class (Sigmoid),21,weevil,0.9399,0.9274,0.9336
3,Test,PF4,0,Arachnida,0.5782,0.8558,0.6901
3,Test,PF4,1,Insecta,0.9966,0.9855,0.9911
3,Test,PF3,0,Araneae,0.6237,0.8492,0.7192
3,Test,PF3,1,Coleoptera,0.7832,0.7832,0.7832
3,Test,PF3,2,Dermaptera,0.1101,0.0117,0.0211
3,Test,PF3,3,Diptera,0.8819,0.9025,0.8921
3,Test,PF3,4,Hemiptera,0.8898,0.5909,0.7102
3,Test,PF3,5,Hymenoptera,0.7084,0.6039,0.652
3,Test,PF3,6,Lepidoptera,0.8057,0.4565,0.5828
3,Test,PF3,7,Mecoptera,0.0511,0.0363,0.0425
3,Test,PF3,8,Neuroptera,0.1036,0.143,0.1201
3,Test,PF3,9,Orthoptera,0.4087,0.972,0.5754
3,Test,PF3,10,Trichoptera,0.0,0.0,0.0
3,Test,PF2,0,Apocrita,0.7336,0.5525,0.6303
3,Test,PF2,1,Arneomorphae,0.5908,0.209,0.3087
3,Test,PF2,2,Brachycera,0.857,0.8927,0.8745
3,Test,PF2,3,Forficulina,0.0455,0.0019,0.0037
3,Test,PF2,4,Glossata,0.8914,0.3406,0.4929
3,Test,PF2,5,Hemerobiiformia,0.1298,0.0593,0.0814
3,Test,PF2,6,Heteroptera,0.9388,0.6495,0.7678
3,Test,PF2,7,Integripalpia,0.9889,0.6121,0.7561
3,Test,PF2,8,Nematocera,0.9595,0.8759,0.9158
3,Test,PF2,9,Polyphaga,0.8505,0.7657,0.8059
3,Test,PF2,10,Symphyta,0.8662,0.7342,0.7948
3,Test,PF2,11,grasshopper,0.2734,0.9818,0.4277
3,Test,PF2,12,scorpion_fly,0.0,0.0,0.0
3,Test,PF1,0,Aculeata,0.7312,0.6539,0.6904
3,Test,PF1,1,Araneomorphae,0.6033,0.8455,0.7042
3,Test,PF1,2,Asilomorpha,0.6716,0.7439,0.7059
3,Test,PF1,3,Bibionomorpha,0.9833,0.7098,0.8245
3,Test,PF1,4,Cucujiformia,0.8098,0.7756,0.7923
3,Test,PF1,5,Culicomorpha,0.9122,0.972,0.9412
3,Test,PF1,6,Epidermaptera,0.0,0.0,0.0
3,Test,PF1,7,Heterocera,0.8361,0.4462,0.5819
3,Test,PF1,8,Muscomorpha,0.8124,0.8716,0.8409
3,Test,PF1,9,Parasitica,0.1055,0.0471,0.0651
3,Test,PF1,10,Pentatomomorpha,0.8471,0.6572,0.7401
3,Test,PF1,11,Plenitentoria,0.9515,0.7871,0.8615
3,Test,PF1,12,Rhopalocera,0.9255,0.9419,0.9336
3,Test,PF1,13,lacewing,0.2352,0.5751,0.3338
3,Test,PF1,14,saw_fly,0.9193,0.6724,0.7767
3,Test,Leaf Class (Softmax),0,Ichneumonoidea,0.2821,0.4731,0.3534
3,Test,Leaf Class (Softmax),1,Muscoidea,0.3598,0.8905,0.5125
3,Test,Leaf Class (Softmax),2,ant,0.737,0.8842,0.804
3,Test,Leaf Class (Softmax),3,ant_beetle,0.8846,0.8381,0.8607
3,Test,Leaf Class (Softmax),4,bug,0.8452,0.7149,0.7746
3,Test,Leaf Class (Softmax),5,butterfly,0.957,0.8985,0.9268
3,Test,Leaf Class (Softmax),6,caddisfly,0.937,0.7888,0.8565
3,Test,Leaf Class (Softmax),7,dance_fly,0.9697,0.4394,0.6047
3,Test,Leaf Class (Softmax),8,earwig,0.0,0.0,0.0
3,Test,Leaf Class (Softmax),9,fever_fly,0.9943,0.6185,0.7627
3,Test,Leaf Class (Softmax),10,flesh_fly,0.8517,0.4768,0.6113
3,Test,Leaf Class (Softmax),11,fly,0.4126,0.0525,0.0931
3,Test,Leaf Class (Softmax),12,fruit_fly,0.6049,0.623,0.6138
3,Test,Leaf Class (Softmax),13,hoverfly,0.7325,0.8105,0.7695
3,Test,Leaf Class (Softmax),14,ladybug,0.6322,0.867,0.7312
3,Test,Leaf Class (Softmax),15,leaf_beetle,0.0044,0.0031,0.0036
3,Test,Leaf Class (Softmax),16,midge,0.9437,0.973,0.9581
3,Test,Leaf Class (Softmax),17,moth,0.8201,0.4458,0.5776
3,Test,Leaf Class (Softmax),18,robber_fly,0.5561,0.791,0.653
3,Test,Leaf Class (Softmax),19,spider,0.6104,0.8425,0.7079
3,Test,Leaf Class (Softmax),20,wasp,0.9113,0.4786,0.6276
3,Test,Leaf Class (Softmax),21,weevil,0.7696,0.7672,0.7684
3,Test,Leaf Class (Sigmoid),0,Ichneumonoidea,0.5139,0.4978,0.5057
3,Test,Leaf Class (Sigmoid),1,Muscoidea,0.4505,0.383,0.414
3,Test,Leaf Class (Sigmoid),2,ant,0.6722,0.8762,0.7608
3,Test,Leaf Class (Sigmoid),3,ant_beetle,0.9284,0.8906,0.9091
3,Test,Leaf Class (Sigmoid),4,bug,0.7657,0.735,0.75
3,Test,Leaf Class (Sigmoid),5,butterfly,0.9172,0.9271,0.9221
3,Test,Leaf Class (Sigmoid),6,caddisfly,0.9596,0.7366,0.8335
3,Test,Leaf Class (Sigmoid),7,dance_fly,0.8056,0.6384,0.7123
3,Test,Leaf Class (Sigmoid),8,earwig,0.0,0.0,0.0
3,Test,Leaf Class (Sigmoid),9,fever_fly,0.9901,0.707,0.8249
3,Test,Leaf Class (Sigmoid),10,flesh_fly,0.8907,0.5032,0.6431
3,Test,Leaf Class (Sigmoid),11,fly,0.3878,0.7165,0.5032
3,Test,Leaf Class (Sigmoid),12,fruit_fly,0.6736,0.596,0.6324
3,Test,Leaf Class (Sigmoid),13,hoverfly,0.6795,0.7865,0.7291
3,Test,Leaf Class (Sigmoid),14,ladybug,0.6894,0.854,0.7629
3,Test,Leaf Class (Sigmoid),15,leaf_beetle,0.0015,0.0008,0.001
3,Test,Leaf Class (Sigmoid),16,midge,0.9025,0.9838,0.9414
3,Test,Leaf Class (Sigmoid),17,moth,0.7957,0.4605,0.5834
3,Test,Leaf Class (Sigmoid),18,robber_fly,0.5585,0.686,0.6157
3,Test,Leaf Class (Sigmoid),19,spider,0.5774,0.8474,0.6868
3,Test,Leaf Class (Sigmoid),20,wasp,0.9058,0.5012,0.6453
3,Test,Leaf Class (Sigmoid),21,weevil,0.7439,0.7758,0.7595
4,Train,PF4,0,Arachnida,0.7568,0.9441,0.8401
4,Train,PF4,1,Insecta,0.9995,0.9974,0.9984
4,Train,PF3,0,Araneae,0.8174,0.8288,0.8231
4,Train,PF3,1,Coleoptera,0.9386,0.9411,0.9399
4,Train,PF3,2,Dermaptera,0.5816,0.7876,0.6691
4,Train,PF3,3,Diptera,0.9664,0.9451,0.9556
4,Train,PF3,4,Hemiptera,0.8991,0.5578,0.6885
4,Train,PF3,5,Hymenoptera,0.8855,0.8785,0.882
4,Train,PF3,6,Lepidoptera,0.9371,0.8059,0.8666
4,Train,PF3,7,Mecoptera,0.4177,0.1975,0.2682
4,Train,PF3,8,Neuroptera,0.7861,0.9549,0.8623
4,Train,PF3,9,Orthoptera,0.6683,0.9693,0.7911
4,Train,PF3,10,Trichoptera,0.0,0.0,0.0
4,Train,PF2,0,Apocrita,0.9524,0.8573,0.9023
4,Train,PF2,1,Arneomorphae,0.9161,0.3922,0.5493
4,Train,PF2,2,Brachycera,0.9608,0.94,0.9503
4,Train,PF2,3,Forficulina,0.6995,0.7868,0.7406
4,Train,PF2,4,Glossata,0.9691,0.6517,0.7793
4,Train,PF2,5,Hemerobiiformia,0.9288,0.8904,0.9092
4,Train,PF2,6,Heteroptera,0.9416,0.727,0.8205
4,Train,PF2,7,Integripalpia,0.9933,0.5572,0.7139
4,Train,PF2,8,Nematocera,0.956,0.8755,0.914
4,Train,PF2,9,Polyphaga,0.9642,0.9162,0.9396
4,Train,PF2,10,Symphyta,0.7747,0.8525,0.8117
4,Train,PF2,11,grasshopper,0.4726,0.9861,0.639
4,Train,PF2,12,scorpion_fly,0.2314,0.0228,0.0415
4,Train,PF1,0,Aculeata,0.9332,0.8883,0.9102
4,Train,PF1,1,Araneomorphae,0.9052,0.8867,0.8959
4,Train,PF1,2,Asilomorpha,0.9325,0.9474,0.9399
4,Train,PF1,3,Bibionomorpha,0.8968,0.924,0.9102
4,Train,PF1,4,Cucujiformia,0.9601,0.9421,0.951
4,Train,PF1,5,Culicomorpha,0.9797,0.957,0.9682
4,Train,PF1,6,Epidermaptera,0.8035,0.7736,0.7883
4,Train,PF1,7,Heterocera,0.9792,0.7511,0.8502
4,Train,PF1,8,Muscomorpha,0.9447,0.9626,0.9536
4,Train,PF1,9,Parasitica,0.854,0.7308,0.7876
4,Train,PF1,10,Pentatomomorpha,0.9404,0.7659,0.8443
4,Train,PF1,11,Plenitentoria,0.9613,0.9584,0.9598
4,Train,PF1,12,Rhopalocera,0.8608,0.8455,0.8531
4,Train,PF1,13,lacewing,0.7383,0.9798,0.8421
4,Train,PF1,14,saw_fly,0.8607,0.8195,0.8396
4,Train,Leaf Class (Softmax),0,Ichneumonoidea,0.8471,0.7605,0.8015
4,Train,Leaf Class (Softmax),1,Muscoidea,0.5986,0.5599,0.5786
4,Train,Leaf Class (Softmax),2,ant,0.9272,0.9512,0.9391
4,Train,Leaf Class (Softmax),3,ant_beetle,0.9386,0.9442,0.9414
4,Train,Leaf Class (Softmax),4,bug,0.8922,0.8353,0.8628
4,Train,Leaf Class (Softmax),5,butterfly,0.8988,0.8762,0.8873
4,Train,Leaf Class (Softmax),6,caddisfly,0.972,0.9712,0.9716
4,Train,Leaf Class (Softmax),7,dance_fly,0.8051,0.7878,0.7963
4,Train,Leaf Class (Softmax),8,earwig,0.832,0.8217,0.8268
4,Train,Leaf Class (Softmax),9,fever_fly,0.9057,0.9293,0.9174
4,Train,Leaf Class (Softmax),10,flesh_fly,0.8619,0.8434,0.8525
4,Train,Leaf Class (Softmax),11,fly,0.5473,0.5949,0.5701
4,Train,Leaf Class (Softmax),12,fruit_fly,0.9057,0.9123,0.909
4,Train,Leaf Class (Softmax),13,hoverfly,0.9169,0.9222,0.9195
4,Train,Leaf Class (Softmax),14,ladybug,0.9553,0.9584,0.9569
4,Train,Leaf Class (Softmax),15,leaf_beetle,0.943,0.9547,0.9488
4,Train,Leaf Class (Softmax),16,midge,0.9694,0.9718,0.9706
4,Train,Leaf Class (Softmax),17,moth,0.9441,0.9243,0.9341
4,Train,Leaf Class (Softmax),18,robber_fly,0.9573,0.958,0.9576
4,Train,Leaf Class (Softmax),19,spider,0.8961,0.9381,0.9166
4,Train,Leaf Class (Softmax),20,wasp,0.7787,0.6142,0.6867
4,Train,Leaf Class (Softmax),21,weevil,0.9446,0.9526,0.9486
4,Train,Leaf Class (Sigmoid),0,Ichneumonoidea,0.6365,0.8017,0.7096
4,Train,Leaf Class (Sigmoid),1,Muscoidea,0.4684,0.8848,0.6125
4,Train,Leaf Class (Sigmoid),2,ant,0.928,0.9436,0.9358
4,Train,Leaf Class (Sigmoid),3,ant_beetle,0.9177,0.9438,0.9306
4,Train,Leaf Class (Sigmoid),4,bug,0.9216,0.8088,0.8615
4,Train,Leaf Class (Sigmoid),5,butterfly,0.9514,0.7605,0.8453
4,Train,Leaf Class (Sigmoid),6,caddisfly,0.9562,0.9746,0.9653
4,Train,Leaf Class (Sigmoid),7,dance_fly,0.9407,0.4351,0.595
4,Train,Leaf Class (Sigmoid),8,earwig,0.8961,0.6953,0.7831
4,Train,Leaf Class (Sigmoid),9,fever_fly,0.9201,0.9036,0.9118
4,Train,Leaf Class (Sigmoid),10,flesh_fly,0.8323,0.8569,0.8444
4,Train,Leaf Class (Sigmoid),11,fly,0.6803,0.0459,0.086
4,Train,Leaf Class (Sigmoid),12,fruit_fly,0.8662,0.9298,0.8969
4,Train,Leaf Class (Sigmoid),13,hoverfly,0.933,0.9081,0.9204
4,Train,Leaf Class (Sigmoid),14,ladybug,0.9214,0.9665,0.9434
4,Train,Leaf Class (Sigmoid),15,leaf_beetle,0.9035,0.9585,0.9302
4,Train,Leaf Class (Sigmoid),16,midge,0.9868,0.9401,0.9629
4,Train,Leaf Class (Sigmoid),17,moth,0.9694,0.8872,0.9265
4,Train,Leaf Class (Sigmoid),18,robber_fly,0.9349,0.9657,0.95
4,Train,Leaf Class (Sigmoid),19,spider,0.8845,0.9207,0.9022
4,Train,Leaf Class (Sigmoid),20,wasp,0.7188,0.5797,0.6418
4,Train,Leaf Class (Sigmoid),21,weevil,0.953,0.9398,0.9463
4,Test,PF4,0,Arachnida,0.5698,0.8504,0.6824
4,Test,PF4,1,Insecta,0.9965,0.9851,0.9908
4,Test,PF3,0,Araneae,0.6224,0.8468,0.7175
4,Test,PF3,1,Coleoptera,0.745,0.763,0.7539
4,Test,PF3,2,Dermaptera,0.0,0.0,0.0
4,Test,PF3,3,Diptera,0.8624,0.9092,0.8852
4,Test,PF3,4,Hemiptera,0.8885,0.6079,0.7219
4,Test,PF3,5,Hymenoptera,0.7843,0.6229,0.6944
4,Test,PF3,6,Lepidoptera,0.6991,0.4027,0.511
4,Test,PF3,7,Mecoptera,0.3292,0.1712,0.2253
4,Test,PF3,8,Neuroptera,0.134,0.1466,0.1401
4,Test,PF3,9,Orthoptera,0.4165,0.9738,0.5834
4,Test,PF3,10,Trichoptera,0.0,0.0,0.0
4,Test,PF2,0,Apocrita,0.7747,0.6301,0.695
4,Test,PF2,1,Arneomorphae,0.7543,0.8292,0.79
4,Test,PF2,2,Brachycera,0.832,0.8995,0.8644
4,Test,PF2,3,Forficulina,0.0,0.0,0.0
4,Test,PF2,4,Glossata,0.8275,0.3587,0.5005
4,Test,PF2,5,Hemerobiiformia,0.0967,0.0291,0.0448
4,Test,PF2,6,Heteroptera,0.9032,0.6256,0.7392
4,Test,PF2,7,Integripalpia,0.9959,0.6241,0.7674
4,Test,PF2,8,Nematocera,0.9391,0.9376,0.9383
4,Test,PF2,9,Polyphaga,0.833,0.7543,0.7917
4,Test,PF2,10,Symphyta,0.9596,0.6386,0.7669
4,Test,PF2,11,grasshopper,0.3496,0.992,0.517
4,Test,PF2,12,scorpion_fly,0.0,0.0,0.0
4,Test,PF1,0,Aculeata,0.7264,0.7032,0.7146
4,Test,PF1,1,Araneomorphae,0.654,0.8371,0.7343
4,Test,PF1,2,Asilomorpha,0.6961,0.7479,0.7211
4,Test,PF1,3,Bibionomorpha,0.8758,0.8386,0.8568
4,Test,PF1,4,Cucujiformia,0.823,0.7656,0.7933
4,Test,PF1,5,Culicomorpha,0.885,0.9852,0.9325
4,Test,PF1,6,Epidermaptera,0.0,0.0,0.0
4,Test,PF1,7,Heterocera,0.7446,0.2922,0.4197
4,Test,PF1,8,Muscomorpha,0.7746,0.8669,0.8181
4,Test,PF1,9,Parasitica,0.1414,0.0628,0.087
4,Test,PF1,10,Pentatomomorpha,0.8936,0.6341,0.7418
4,Test,PF1,11,Plenitentoria,0.9828,0.8121,0.8893
4,Test,PF1,12,Rhopalocera,0.7396,0.9488,0.8312
4,Test,PF1,13,lacewing,0.2726,0.5679,0.3684
4,Test,PF1,14,saw_fly,0.9775,0.6231,0.7611
4,Test,Leaf Class (Softmax),0,Ichneumonoidea,0.2656,0.574,0.3631
4,Test,Leaf Class (Softmax),1,Muscoidea,0.3696,0.8048,0.5065
4,Test,Leaf Class (Softmax),2,ant,0.778,0.8498,0.8123
4,Test,Leaf Class (Softmax),3,ant_beetle,0.8246,0.9453,0.8809
4,Test,Leaf Class (Softmax),4,bug,0.8901,0.6487,0.7504
4,Test,Leaf Class (Softmax),5,butterfly,0.8504,0.9074,0.878
4,Test,Leaf Class (Softmax),6,caddisfly,0.9848,0.8121,0.8901
4,Test,Leaf Class (Softmax),7,dance_fly,0.9495,0.5019,0.6567
4,Test,Leaf Class (Softmax),8,earwig,0.0,0.0,0.0
4,Test,Leaf Class (Softmax),9,fever_fly,0.8849,0.8705,0.8776
4,Test,Leaf Class (Softmax),10,flesh_fly,0.646,0.6078,0.6263
4,Test,Leaf Class (Softmax),11,fly,0.4984,0.0765,0.1326
4,Test,Leaf Class (Softmax),12,fruit_fly,0.5347,0.6345,0.5803
4,Test,Leaf Class (Softmax),13,hoverfly,0.767,0.6988,0.7313
4,Test,Leaf Class (Softmax),14,ladybug,0.6776,0.8412,0.7506
4,Test,Leaf Class (Softmax),15,leaf_beetle,0.0137,0.0069,0.0092
4,Test,Leaf Class (Softmax),16,midge,0.9555,0.9832,0.9692
4,Test,Leaf Class (Softmax),17,moth,0.7562,0.4365,0.5535
4,Test,Leaf Class (Softmax),18,robber_fly,0.6899,0.7625,0.7244
4,Test,Leaf Class (Softmax),19,spider,0.6196,0.8328,0.7106
4,Test,Leaf Class (Softmax),20,wasp,0.6879,0.6727,0.6802
4,Test,Leaf Class (Softmax),21,weevil,0.7282,0.747,0.7375
4,Test,Leaf Class (Sigmoid),0,Ichneumonoidea,0.5021,0.5336,0.5174
4,Test,Leaf Class (Sigmoid),1,Muscoidea,0.4188,0.3422,0.3767
4,Test,Leaf Class (Sigmoid),2,ant,0.7707,0.8648,0.815
4,Test,Leaf Class (Sigmoid),3,ant_beetle,0.8485,0.9394,0.8916
4,Test,Leaf Class (Sigmoid),4,bug,0.8785,0.6741,0.7629
4,Test,Leaf Class (Sigmoid),5,butterfly,0.8121,0.9281,0.8662
4,Test,Leaf Class (Sigmoid),6,caddisfly,0.993,0.7953,0.8832
4,Test,Leaf Class (Sigmoid),7,dance_fly,0.7618,0.688,0.723
4,Test,Leaf Class (Sigmoid),8,earwig,0.0,0.0,0.0
4,Test,Leaf Class (Sigmoid),9,fever_fly,0.8762,0.8712,0.8737
4,Test,Leaf Class (Sigmoid),10,flesh_fly,0.6446,0.648,0.6463
4,Test,Leaf Class (Sigmoid),11,fly,0.4064,0.6718,0.5065
4,Test,Leaf Class (Sigmoid),12,fruit_fly,0.6008,0.604,0.6024
4,Test,Leaf Class (Sigmoid),13,hoverfly,0.858,0.6978,0.7696
4,Test,Leaf Class (Sigmoid),14,ladybug,0.7353,0.8468,0.7871
4,Test,Leaf Class (Sigmoid),15,leaf_beetle,0.0141,0.0061,0.0086
4,Test,Leaf Class (Sigmoid),16,midge,0.9372,0.9888,0.9623
4,Test,Leaf Class (Sigmoid),17,moth,0.7104,0.7032,0.7068
4,Test,Leaf Class (Sigmoid),18,robber_fly,0.8354,0.722,0.7746
4,Test,Leaf Class (Sigmoid),19,spider,0.6334,0.8371,0.7211
4,Test,Leaf Class (Sigmoid),20,wasp,0.7201,0.6547,0.6858
4,Test,Leaf Class (Sigmoid),21,weevil,0.7361,0.7525,0.7442
5,Train,PF4,0,Arachnida,0.7756,0.9501,0.854
5,Train,PF4,1,Insecta,0.9996,0.9976,0.9986
5,Train,PF3,0,Araneae,0.8413,0.8388,0.8401
5,Train,PF3,1,Coleoptera,0.9466,0.9495,0.948
5,Train,PF3,2,Dermaptera,0.6111,0.8357,0.706
5,Train,PF3,3,Diptera,0.9694,0.9531,0.9612
5,Train,PF3,4,Hemiptera,0.9255,0.6864,0.7882
5,Train,PF3,5,Hymenoptera,0.9107,0.8923,0.9014
5,Train,PF3,6,Lepidoptera,0.9439,0.8275,0.8819
5,Train,PF3,7,Mecoptera,0.4876,0.2085,0.2921
5,Train,PF3,8,Neuroptera,0.8092,0.9651,0.8803
5,Train,PF3,9,Orthoptera,0.6843,0.9728,0.8035
5,Train,PF3,10,Trichoptera,0.0,0.0,0.0
5,Train,PF2,0,Apocrita,0.9568,0.884,0.919
5,Train,PF2,1,Arneomorphae,0.9309,0.4301,0.5884
5,Train,PF2,2,Brachycera,0.9648,0.9535,0.9591
5,Train,PF2,3,Forficulina,0.7327,0.8031,0.7663
5,Train,PF2,4,Glossata,0.9706,0.6674,0.791
5,Train,PF2,5,Hemerobiiformia,0.9286,0.9307,0.9297
5,Train,PF2,6,Heteroptera,0.9612,0.7682,0.8539
5,Train,PF2,7,Integripalpia,0.9887,0.76,0.8594
5,Train,PF2,8,Nematocera,0.9629,0.914,0.9378
5,Train,PF2,9,Polyphaga,0.9685,0.9307,0.9492
5,Train,PF2,10,Symphyta,0.8178,0.8722,0.8441
5,Train,PF2,11,grasshopper,0.5404,0.987,0.6984
5,Train,PF2,12,scorpion_fly,0.2953,0.077,0.1221
5,Train,PF1,0,Aculeata,0.9385,0.9049,0.9214
5,Train,PF1,1,Araneomorphae,0.9207,0.9032,0.9118
5,Train,PF1,2,Asilomorpha,0.9365,0.9562,0.9462
5,Train,PF1,3,Bibionomorpha,0.9221,0.9461,0.9339
5,Train,PF1,4,Cucujiformia,0.968,0.95,0.9589
5,Train,PF1,5,Culicomorpha,0.9821,0.9616,0.9717
5,Train,PF1,6,Epidermaptera,0.8291,0.786,0.807
5,Train,PF1,7,Heterocera,0.9749,0.7973,0.8772
5,Train,PF1,8,Muscomorpha,0.9522,0.9682,0.9601
5,Train,PF1,9,Parasitica,0.8798,0.7456,0.8071
5,Train,PF1,10,Pentatomomorpha,0.9551,0.7806,0.8591
5,Train,PF1,11,Plenitentoria,0.9592,0.9606,0.9599
5,Train,PF1,12,Rhopalocera,0.867,0.8754,0.8712
5,Train,PF1,13,lacewing,0.7892,0.9838,0.8758
5,Train,PF1,14,saw_fly,0.8707,0.8553,0.8629
5,Train,Leaf Class (Softmax),0,Ichneumonoidea,0.8739,0.7942,0.8321
5,Train,Leaf Class (Softmax),1,Muscoidea,0.6214,0.5731,0.5963
5,Train,Leaf Class (Softmax),2,ant,0.9402,0.9611,0.9505
5,Train,Leaf Class (Softmax),3,ant_beetle,0.9529,0.9551,0.954
5,Train,Leaf Class (Softmax),4,bug,0.9191,0.8528,0.8847
5,Train,Leaf Class (Softmax),5,butterfly,0.9035,0.8867,0.8951
5,Train,Leaf Class (Softmax),6,caddisfly,0.9747,0.9769,0.9758
5,Train,Leaf Class (Softmax),7,dance_fly,0.8373,0.8333,0.8353
5,Train,Leaf Class (Softmax),8,earwig,0.8646,0.8465,0.8555
5,Train,Leaf Class (Softmax),9,fever_fly,0.9318,0.9561,0.9438
5,Train,Leaf Class (Softmax),10,flesh_fly,0.8741,0.8528,0.8633
5,Train,Leaf Class (Softmax),11,fly,0.5709,0.6278,0.598
5,Train,Leaf Class (Softmax),12,fruit_fly,0.9188,0.9257,0.9222
5,Train,Leaf Class (Softmax),13,hoverfly,0.9256,0.931,0.9283
5,Train,Leaf Class (Softmax),14,ladybug,0.9619,0.9636,0.9628
5,Train,Leaf Class (Softmax),15,leaf_beetle,0.953,0.9637,0.9583
5,Train,Leaf Class (Softmax),16,midge,0.9736,0.9737,0.9737
5,Train,Leaf Class (Softmax),17,moth,0.946,0.9279,0.9369
5,Train,Leaf Class (Softmax),18,robber_fly,0.9631,0.9639,0.9635
5,Train,Leaf Class (Softmax),19,spider,0.9039,0.9436,0.9233
5,Train,Leaf Class (Softmax),20,wasp,0.8015,0.6727,0.7315
5,Train,Leaf Class (Softmax),21,weevil,0.9535,0.9592,0.9563
5,Train,Leaf Class (Sigmoid),0,Ichneumonoidea,0.7076,0.8322,0.7648
5,Train,Leaf Class (Sigmoid),1,Muscoidea,0.4751,0.8929,0.6202
5,Train,Leaf Class (Sigmoid),2,ant,0.9422,0.9521,0.9471
5,Train,Leaf Class (Sigmoid),3,ant_beetle,0.9277,0.9558,0.9415
5,Train,Leaf Class (Sigmoid),4,bug,0.9419,0.8229,0.8784
5,Train,Leaf Class (Sigmoid),5,butterfly,0.9659,0.801,0.8757
5,Train,Leaf Class (Sigmoid),6,caddisfly,0.9565,0.9739,0.9651
5,Train,Leaf Class (Sigmoid),7,dance_fly,0.9394,0.5703,0.7097
5,Train,Leaf Class (Sigmoid),8,earwig,0.9337,0.7426,0.8273
5,Train,Leaf Class (Sigmoid),9,fever_fly,0.9493,0.9279,0.9385
5,Train,Leaf Class (Sigmoid),10,flesh_fly,0.843,0.8657,0.8542
5,Train,Leaf Class (Sigmoid),11,fly,0.7349,0.0723,0.1316
5,Train,Leaf Class (Sigmoid),12,fruit_fly,0.889,0.9374,0.9126
5,Train,Leaf Class (Sigmoid),13,hoverfly,0.9368,0.9196,0.9281
5,Train,Leaf Class (Sigmoid),14,ladybug,0.9361,0.9704,0.953
5,Train,Leaf Class (Sigmoid),15,leaf_beetle,0.9249,0.9661,0.945
5,Train,Leaf Class (Sigmoid),16,midge,0.9885,0.9519,0.9699
5,Train,Leaf Class (Sigmoid),17,moth,0.9675,0.9018,0.9335
5,Train,Leaf Class (Sigmoid),18,robber_fly,0.9427,0.9694,0.9559
5,Train,Leaf Class (Sigmoid),19,spider,0.8957,0.9346,0.9148
5,Train,Leaf Class (Sigmoid),20,wasp,0.7445,0.6214,0.6774
5,Train,Leaf Class (Sigmoid),21,weevil,0.9611,0.9494,0.9552
5,Test,PF4,0,Arachnida,0.6267,0.854,0.7229
5,Test,PF4,1,Insecta,0.9966,0.9882,0.9924
5,Test,PF3,0,Araneae,0.7239,0.8116,0.7653
5,Test,PF3,1,Coleoptera,0.8868,0.7378,0.8055
5,Test,PF3,2,Dermaptera,0.5306,0.3635,0.4315
5,Test,PF3,3,Diptera,0.8813,0.9217,0.9011
5,Test,PF3,4,Hemiptera,0.8302,0.6741,0.744
5,Test,PF3,5,Hymenoptera,0.7075,0.722,0.7147
5,Test,PF3,6,Lepidoptera,0.7725,0.5135,0.6169
5,Test,PF3,7,Mecoptera,0.3653,0.1284,0.19
5,Test,PF3,8,Neuroptera,0.1815,0.234,0.2044
5,Test,PF3,9,Orthoptera,0.4494,0.9665,0.6135
5,Test,PF3,10,Trichoptera,0.0,0.0,0.0
5,Test,PF2,0,Apocrita,0.6915,0.7131,0.7021
5,Test,PF2,1,Arneomorphae,0.7746,0.7995,0.7869
5,Test,PF2,2,Brachycera,0.8513,0.9134,0.8812
5,Test,PF2,3,Forficulina,0.7277,0.1667,0.2712
5,Test,PF2,4,Glossata,0.8898,0.4832,0.6263
5,Test,PF2,5,Hemerobiiformia,0.3456,0.181,0.2375
5,Test,PF2,6,Heteroptera,0.9289,0.6849,0.7885
5,Test,PF2,7,Integripalpia,0.9978,0.7991,0.8875
5,Test,PF2,8,Nematocera,0.9578,0.957,0.9574
5,Test,PF2,9,Polyphaga,0.9266,0.7268,0.8146
5,Test,PF2,10,Symphyta,0.9271,0.7434,0.8252
5,Test,PF2,11,grasshopper,0.4044,0.9848,0.5734
5,Test,PF2,12,scorpion_fly,0.0725,0.0065,0.0119
5,Test,PF1,0,Aculeata,0.6753,0.8298,0.7446
5,Test,PF1,1,Araneomorphae,0.6898,0.8474,0.7605
5,Test,PF1,2,Asilomorpha,0.8109,0.7656,0.7876
5,Test,PF1,3,Bibionomorpha,0.9245,0.8839,0.9038
5,Test,PF1,4,Cucujiformia,0.8917,0.736,0.8064
5,Test,PF1,5,Culicomorpha,0.9355,0.9858,0.96
5,Test,PF1,6,Epidermaptera,0.6923,0.0702,0.1274
5,Test,PF1,7,Heterocera,0.7822,0.3968,0.5265
5,Test,PF1,8,Muscomorpha,0.7945,0.8886,0.8389
5,Test,PF1,9,Parasitica,0.1962,0.139,0.1627
5,Test,PF1,10,Pentatomomorpha,0.9229,0.6826,0.7848
5,Test,PF1,11,Plenitentoria,0.9761,0.8284,0.8962
5,Test,PF1,12,Rhopalocera,0.8818,0.933,0.9067
5,Test,PF1,13,lacewing,0.3124,0.6251,0.4166
5,Test,PF1,14,saw_fly,0.9467,0.7022,0.8063
5,Test,Leaf Class (Softmax),0,Ichneumonoidea,0.2982,0.5964,0.3976
5,Test,Leaf Class (Softmax),1,Muscoidea,0.3724,0.9215,0.5304
5,Test,Leaf Class (Softmax),2,ant,0.652,0.896,0.7548
5,Test,Leaf Class (Softmax),3,ant_beetle,0.9644,0.8019,0.8757
5,Test,Leaf Class (Softmax),4,bug,0.9408,0.698,0.8014
5,Test,Leaf Class (Softmax),5,butterfly,0.9216,0.8916,0.9064
5,Test,Leaf Class (Softmax),6,caddisfly,0.9872,0.8302,0.9019
5,Test,Leaf Class (Softmax),7,dance_fly,0.9184,0.524,0.6673
5,Test,Leaf Class (Softmax),8,earwig,0.6774,0.0205,0.0397
5,Test,Leaf Class (Softmax),9,fever_fly,0.9495,0.8252,0.883
5,Test,Leaf Class (Softmax),10,flesh_fly,0.7911,0.5738,0.6651
5,Test,Leaf Class (Softmax),11,fly,0.33,0.0658,0.1097
5,Test,Leaf Class (Softmax),12,fruit_fly,0.7084,0.6268,0.6651
5,Test,Leaf Class (Softmax),13,hoverfly,0.8232,0.768,0.7946
5,Test,Leaf Class (Softmax),14,ladybug,0.6905,0.8945,0.7794
5,Test,Leaf Class (Softmax),15,leaf_beetle,0.0025,0.0015,0.0019
5,Test,Leaf Class (Softmax),16,midge,0.9582,0.9795,0.9687
5,Test,Leaf Class (Softmax),17,moth,0.8378,0.5878,0.6909
5,Test,Leaf Class (Softmax),18,robber_fly,0.6637,0.7998,0.7254
5,Test,Leaf Class (Softmax),19,spider,0.6351,0.8328,0.7206
5,Test,Leaf Class (Softmax),20,wasp,0.8722,0.686,0.768
5,Test,Leaf Class (Softmax),21,weevil,0.8516,0.7362,0.7898
5,Test,Leaf Class (Sigmoid),0,Ichneumonoidea,0.4099,0.5762,0.479
5,Test,Leaf Class (Sigmoid),1,Muscoidea,0.3854,0.6655,0.4881
5,Test,Leaf Class (Sigmoid),2,ant,0.6383,0.9018,0.7475
5,Test,Leaf Class (Sigmoid),3,ant_beetle,0.989,0.731,0.8406
5,Test,Leaf Class (Sigmoid),4,bug,0.8739,0.7103,0.7837
5,Test,Leaf Class (Sigmoid),5,butterfly,0.8903,0.9271,0.9083
5,Test,Leaf Class (Sigmoid),6,caddisfly,0.9929,0.9078,0.9484
5,Test,Leaf Class (Sigmoid),7,dance_fly,0.8457,0.6606,0.7418
5,Test,Leaf Class (Sigmoid),8,earwig,0.5699,0.0517,0.0947
5,Test,Leaf Class (Sigmoid),9,fever_fly,0.9232,0.8592,0.89
5,Test,Leaf Class (Sigmoid),10,flesh_fly,0.8355,0.5407,0.6565
5,Test,Leaf Class (Sigmoid),11,fly,0.3658,0.4548,0.4054
5,Test,Leaf Class (Sigmoid),12,fruit_fly,0.8032,0.5835,0.6759
5,Test,Leaf Class (Sigmoid),13,hoverfly,0.7786,0.7183,0.7472
5,Test,Leaf Class (Sigmoid),14,ladybug,0.907,0.8878,0.8973
5,Test,Leaf Class (Sigmoid),15,leaf_beetle,0.0,0.0,0.0
5,Test,Leaf Class (Sigmoid),16,midge,0.9549,0.9902,0.9723
5,Test,Leaf Class (Sigmoid),17,moth,0.8308,0.8935,0.861
5,Test,Leaf Class (Sigmoid),18,robber_fly,0.8256,0.7562,0.7894
5,Test,Leaf Class (Sigmoid),19,spider,0.6247,0.8528,0.7211
5,Test,Leaf Class (Sigmoid),20,wasp,0.8211,0.7722,0.7959
5,Test,Leaf Class (Sigmoid),21,weevil,0.8586,0.7425,0.7964
6,Train,PF4,0,Arachnida,0.7955,0.9551,0.868
6,Train,PF4,1,Insecta,0.9996,0.9979,0.9987
6,Train,PF3,0,Araneae,0.8333,0.8508,0.842
6,Train,PF3,1,Coleoptera,0.9535,0.956,0.9547
6,Train,PF3,2,Dermaptera,0.6685,0.8504,0.7485
6,Train,PF3,3,Diptera,0.9727,0.9598,0.9662
6,Train,PF3,4,Hemiptera,0.9112,0.7462,0.8205
6,Train,PF3,5,Hymenoptera,0.9233,0.9049,0.914
6,Train,PF3,6,Lepidoptera,0.9505,0.8446,0.8944
6,Train,PF3,7,Mecoptera,0.5432,0.2357,0.3288
6,Train,PF3,8,Neuroptera,0.8167,0.9677,0.8858
6,Train,PF3,9,Orthoptera,0.708,0.9781,0.8214
6,Train,PF3,10,Trichoptera,0.0,0.0,0.0
6,Train,PF2,0,Apocrita,0.9614,0.8978,0.9285
6,Train,PF2,1,Arneomorphae,0.9434,0.499,0.6527
6,Train,PF2,2,Brachycera,0.9677,0.9608,0.9642
6,Train,PF2,3,Forficulina,0.7702,0.8419,0.8044
6,Train,PF2,4,Glossata,0.9712,0.7115,0.8213
6,Train,PF2,5,Hemerobiiformia,0.9237,0.9535,0.9384
6,Train,PF2,6,Heteroptera,0.9554,0.7862,0.8626
6,Train,PF2,7,Integripalpia,0.9858,0.891,0.936
6,Train,PF2,8,Nematocera,0.9681,0.931,0.9492
6,Train,PF2,9,Polyphaga,0.9715,0.9405,0.9557
6,Train,PF2,10,Symphyta,0.8351,0.8903,0.8618
6,Train,PF2,11,grasshopper,0.6069,0.9862,0.7514
6,Train,PF2,12,scorpion_fly,0.4403,0.1983,0.2734
6,Train,PF1,0,Aculeata,0.9452,0.9189,0.9318
6,Train,PF1,1,Araneomorphae,0.9223,0.9182,0.9202
6,Train,PF1,2,Asilomorpha,0.945,0.9602,0.9526
6,Train,PF1,3,Bibionomorpha,0.9308,0.9511,0.9409
6,Train,PF1,4,Cucujiformia,0.9712,0.9575,0.9643
6,Train,PF1,5,Culicomorpha,0.9851,0.9696,0.9773
6,Train,PF1,6,Epidermaptera,0.8634,0.8233,0.8429
6,Train,PF1,7,Heterocera,0.9778,0.8363,0.9015
6,Train,PF1,8,Muscomorpha,0.9569,0.9713,0.964
6,Train,PF1,9,Parasitica,0.8918,0.7749,0.8293
6,Train,PF1,10,Pentatomomorpha,0.9659,0.7992,0.8747
6,Train,PF1,11,Plenitentoria,0.9737,0.9796,0.9766
6,Train,PF1,12,Rhopalocera,0.8984,0.8875,0.893
6,Train,PF1,13,lacewing,0.8269,0.9851,0.8991
6,Train,PF1,14,saw_fly,0.8946,0.8722,0.8833
6,Train,Leaf Class (Softmax),0,Ichneumonoidea,0.879,0.8145,0.8455
6,Train,Leaf Class (Softmax),1,Muscoidea,0.6311,0.592,0.6109
6,Train,Leaf Class (Softmax),2,ant,0.9456,0.9645,0.955
6,Train,Leaf Class (Softmax),3,ant_beetle,0.9574,0.9584,0.9579
6,Train,Leaf Class (Softmax),4,bug,0.9257,0.8708,0.8974
6,Train,Leaf Class (Softmax),5,butterfly,0.9237,0.8908,0.9069
6,Train,Leaf Class (Softmax),6,caddisfly,0.9797,0.9856,0.9826
6,Train,Leaf Class (Softmax),7,dance_fly,0.8616,0.8668,0.8642
6,Train,Leaf Class (Softmax),8,earwig,0.8813,0.8636,0.8724
6,Train,Leaf Class (Softmax),9,fever_fly,0.9392,0.9532,0.9462
6,Train,Leaf Class (Softmax),10,flesh_fly,0.8857,0.8599,0.8726
6,Train,Leaf Class (Softmax),11,fly,0.5845,0.6369,0.6096
6,Train,Leaf Class (Softmax),12,fruit_fly,0.929,0.9301,0.9295
6,Train,Leaf Class (Softmax),13,hoverfly,0.9304,0.9364,0.9334
6,Train,Leaf Class (Softmax),14,ladybug,0.9664,0.9681,0.9673
6,Train,Leaf Class (Softmax),15,leaf_beetle,0.9601,0.9682,0.9642
6,Train,Leaf Class (Softmax),16,midge,0.9821,0.9817,0.9819
6,Train,Leaf Class (Softmax),17,moth,0.9522,0.9379,0.945
6,Train,Leaf Class (Softmax),18,robber_fly,0.9637,0.9656,0.9646
6,Train,Leaf Class (Softmax),19,spider,0.9195,0.9571,0.9379
6,Train,Leaf Class (Softmax),20,wasp,0.8063,0.6883,0.7426
6,Train,Leaf Class (Softmax),21,weevil,0.9626,0.9671,0.9648
6,Train,Leaf Class (Sigmoid),0,Ichneumonoidea,0.7447,0.8561,0.7965
6,Train,Leaf Class (Sigmoid),1,Muscoidea,0.4858,0.8987,0.6307
6,Train,Leaf Class (Sigmoid),2,ant,0.9496,0.9569,0.9532
6,Train,Leaf Class (Sigmoid),3,ant_beetle,0.9466,0.9558,0.9512
6,Train,Leaf Class (Sigmoid),4,bug,0.957,0.8285,0.8881
6,Train,Leaf Class (Sigmoid),5,butterfly,0.9732,0.8212,0.8907
6,Train,Leaf Class (Sigmoid),6,caddisfly,0.9687,0.9833,0.976
6,Train,Leaf Class (Sigmoid),7,dance_fly,0.9334,0.6473,0.7644
6,Train,Leaf Class (Sigmoid),8,earwig,0.9367,0.7915,0.858
6,Train,Leaf Class (Sigmoid),9,fever_fly,0.9505,0.9325,0.9415
6,Train,Leaf Class (Sigmoid),10,flesh_fly,0.8531,0.8734,0.8631
6,Train,Leaf Class (Sigmoid),11,fly,0.7363,0.0969,0.1712
6,Train,Leaf Class (Sigmoid),12,fruit_fly,0.8986,0.9446,0.921
6,Train,Leaf Class (Sigmoid),13,hoverfly,0.9419,0.9274,0.9346
6,Train,Leaf Class (Sigmoid),14,ladybug,0.9415,0.9736,0.9573
6,Train,Leaf Class (Sigmoid),15,leaf_beetle,0.9334,0.9709,0.9518
6,Train,Leaf Class (Sigmoid),16,midge,0.9925,0.9623,0.9772
6,Train,Leaf Class (Sigmoid),17,moth,0.9741,0.9095,0.9407
6,Train,Leaf Class (Sigmoid),18,robber_fly,0.9489,0.973,0.9608
6,Train,Leaf Class (Sigmoid),19,spider,0.9018,0.9486,0.9246
6,Train,Leaf Class (Sigmoid),20,wasp,0.7765,0.6504,0.7079
6,Train,Leaf Class (Sigmoid),21,weevil,0.9676,0.9561,0.9618
6,Test,PF4,0,Arachnida,0.5625,0.8746,0.6847
6,Test,PF4,1,Insecta,0.9971,0.9843,0.9906
6,Test,PF3,0,Araneae,0.6519,0.871,0.7457
6,Test,PF3,1,Coleoptera,0.8027,0.7764,0.7894
6,Test,PF3,2,Dermaptera,0.6088,0.1745,0.2712
6,Test,PF3,3,Diptera,0.8971,0.9188,0.9078
6,Test,PF3,4,Hemiptera,0.9421,0.6764,0.7874
6,Test,PF3,5,Hymenoptera,0.7514,0.7024,0.7261
6,Test,PF3,6,Lepidoptera,0.8422,0.4391,0.5772
6,Test,PF3,7,Mecoptera,0.273,0.1427,0.1874
6,Test,PF3,8,Neuroptera,0.2197,0.4228,0.2892
6,Test,PF3,9,Orthoptera,0.469,0.9728,0.6328
6,Test,PF3,10,Trichoptera,0.0,0.0,0.0
6,Test,PF2,0,Apocrita,0.7541,0.6579,0.7027
6,Test,PF2,1,Arneomorphae,0.694,0.805,0.7454
6,Test,PF2,2,Brachycera,0.8737,0.9124,0.8926
6,Test,PF2,3,Forficulina,0.4813,0.1131,0.1831
6,Test,PF2,4,Glossata,0.9088,0.3892,0.545
6,Test,PF2,5,Hemerobiiformia,0.3589,0.3656,0.3622
6,Test,PF2,6,Heteroptera,0.9314,0.6795,0.7857
6,Test,PF2,7,Integripalpia,0.9824,0.8159,0.8915
6,Test,PF2,8,Nematocera,0.9479,0.9607,0.9542
6,Test,PF2,9,Polyphaga,0.8505,0.7691,0.8078
6,Test,PF2,10,Symphyta,0.8618,0.7858,0.822
6,Test,PF2,11,grasshopper,0.434,0.9815,0.6018
6,Test,PF2,12,scorpion_fly,0.2533,0.1505,0.1888
6,Test,PF1,0,Aculeata,0.7868,0.7539,0.77
6,Test,PF1,1,Araneomorphae,0.6736,0.8613,0.756
6,Test,PF1,2,Asilomorpha,0.7872,0.7473,0.7667
6,Test,PF1,3,Bibionomorpha,0.9453,0.8924,0.9181
6,Test,PF1,4,Cucujiformia,0.8444,0.7782,0.8099
6,Test,PF1,5,Culicomorpha,0.9248,0.9838,0.9534
6,Test,PF1,6,Epidermaptera,0.6316,0.117,0.1974
6,Test,PF1,7,Heterocera,0.8367,0.383,0.5255
6,Test,PF1,8,Muscomorpha,0.8127,0.9065,0.857
6,Test,PF1,9,Parasitica,0.3287,0.3744,0.3501
6,Test,PF1,10,Pentatomomorpha,0.9189,0.6726,0.7767
6,Test,PF1,11,Plenitentoria,0.9269,0.831,0.8764
6,Test,PF1,12,Rhopalocera,0.9409,0.8936,0.9166
6,Test,PF1,13,lacewing,0.2846,0.6292,0.392
6,Test,PF1,14,saw_fly,0.9102,0.7257,0.8075
6,Test,Leaf Class (Softmax),0,Ichneumonoidea,0.2383,0.648,0.3484
6,Test,Leaf Class (Softmax),1,Muscoidea,0.3279,0.857,0.4743
6,Test,Leaf Class (Softmax),2,ant,0.7772,0.858,0.8156
6,Test,Leaf Class (Softmax),3,ant_beetle,0.6974,0.9335,0.7984
6,Test,Leaf Class (Softmax),4,bug,0.9382,0.6903,0.7954
6,Test,Leaf Class (Softmax),5,butterfly,0.9653,0.8759,0.9184
6,Test,Leaf Class (Softmax),6,caddisfly,0.9737,0.9409,0.957
6,Test,Leaf Class (Softmax),7,dance_fly,0.9168,0.6392,0.7533
6,Test,Leaf Class (Softmax),8,earwig,0.5319,0.0487,0.0893
6,Test,Leaf Class (Softmax),9,fever_fly,0.9692,0.8471,0.9041
6,Test,Leaf Class (Softmax),10,flesh_fly,0.8017,0.6115,0.6938
6,Test,Leaf Class (Softmax),11,fly,0.4204,0.1188,0.1852
6,Test,Leaf Class (Softmax),12,fruit_fly,0.6915,0.5873,0.6351
6,Test,Leaf Class (Softmax),13,hoverfly,0.8384,0.8328,0.8356
6,Test,Leaf Class (Softmax),14,ladybug,0.7252,0.8935,0.8006
6,Test,Leaf Class (Softmax),15,leaf_beetle,0.0059,0.0031,0.004
6,Test,Leaf Class (Softmax),16,midge,0.9477,0.9822,0.9646
6,Test,Leaf Class (Softmax),17,moth,0.7638,0.4122,0.5355
6,Test,Leaf Class (Softmax),18,robber_fly,0.7722,0.8028,0.7872
6,Test,Leaf Class (Softmax),19,spider,0.5853,0.8746,0.7013
6,Test,Leaf Class (Softmax),20,wasp,0.8556,0.6118,0.7134
6,Test,Leaf Class (Softmax),21,weevil,0.8605,0.7322,0.7912
6,Test,Leaf Class (Sigmoid),0,Ichneumonoidea,0.3145,0.5987,0.4124
6,Test,Leaf Class (Sigmoid),1,Muscoidea,0.3867,0.4565,0.4187
6,Test,Leaf Class (Sigmoid),2,ant,0.7919,0.8512,0.8205
6,Test,Leaf Class (Sigmoid),3,ant_beetle,0.7428,0.952,0.8345
6,Test,Leaf Class (Sigmoid),4,bug,0.8554,0.7065,0.7738
6,Test,Leaf Class (Sigmoid),5,butterfly,0.9449,0.8956,0.9196
6,Test,Leaf Class (Sigmoid),6,caddisfly,0.9836,0.881,0.9295
6,Test,Leaf Class (Sigmoid),7,dance_fly,0.7255,0.6995,0.7122
6,Test,Leaf Class (Sigmoid),8,earwig,0.6696,0.1462,0.24
6,Test,Leaf Class (Sigmoid),9,fever_fly,0.968,0.879,0.9214
6,Test,Leaf Class (Sigmoid),10,flesh_fly,0.8082,0.591,0.6827
6,Test,Leaf Class (Sigmoid),11,fly,0.3726,0.6202,0.4655
6,Test,Leaf Class (Sigmoid),12,fruit_fly,0.8085,0.5572,0.6598
6,Test,Leaf Class (Sigmoid),13,hoverfly,0.7835,0.8335,0.8078
6,Test,Leaf Class (Sigmoid),14,ladybug,0.843,0.8765,0.8594
6,Test,Leaf Class (Sigmoid),15,leaf_beetle,0.0067,0.0031,0.0042
6,Test,Leaf Class (Sigmoid),16,midge,0.932,0.9895,0.9599
6,Test,Leaf Class (Sigmoid),17,moth,0.7958,0.7825,0.7891
6,Test,Leaf Class (Sigmoid),18,robber_fly,0.8383,0.7722,0.8039
6,Test,Leaf Class (Sigmoid),19,spider,0.6114,0.874,0.7195
6,Test,Leaf Class (Sigmoid),20,wasp,0.8263,0.6538,0.73
6,Test,Leaf Class (Sigmoid),21,weevil,0.8422,0.7418,0.7888
7,Train,PF4,0,Arachnida,0.8109,0.9651,0.8813
7,Train,PF4,1,Insecta,0.9997,0.998,0.9989
7,Train,PF3,0,Araneae,0.8749,0.8693,0.8721
7,Train,PF3,1,Coleoptera,0.9558,0.9581,0.957
7,Train,PF3,2,Dermaptera,0.7013,0.8589,0.7721
7,Train,PF3,3,Diptera,0.9743,0.9624,0.9683
7,Train,PF3,4,Hemiptera,0.9332,0.78,0.8498
7,Train,PF3,5,Hymenoptera,0.9324,0.9118,0.922
7,Train,PF3,6,Lepidoptera,0.9507,0.853,0.8992
7,Train,PF3,7,Mecoptera,0.5092,0.1918,0.2786
7,Train,PF3,8,Neuroptera,0.8744,0.9738,0.9215
7,Train,PF3,9,Orthoptera,0.7322,0.9795,0.838
7,Train,PF3,10,Trichoptera,0.9855,0.5413,0.6988
7,Train,PF2,0,Apocrita,0.9666,0.9048,0.9347
7,Train,PF2,1,Arneomorphae,0.9536,0.5329,0.6837
7,Train,PF2,2,Brachycera,0.9703,0.9632,0.9667
7,Train,PF2,3,Forficulina,0.7901,0.8519,0.8198
7,Train,PF2,4,Glossata,0.9738,0.7077,0.8197
7,Train,PF2,5,Hemerobiiformia,0.9295,0.9648,0.9468
7,Train,PF2,6,Heteroptera,0.9551,0.8037,0.8729
7,Train,PF2,7,Integripalpia,0.9914,0.9175,0.953
7,Train,PF2,8,Nematocera,0.9701,0.9316,0.9505
7,Train,PF2,9,Polyphaga,0.9714,0.9443,0.9576
7,Train,PF2,10,Symphyta,0.8499,0.8957,0.8722
7,Train,PF2,11,grasshopper,0.6088,0.9885,0.7535
7,Train,PF2,12,scorpion_fly,0.4114,0.1502,0.2201
7,Train,PF1,0,Aculeata,0.9477,0.9239,0.9356
7,Train,PF1,1,Araneomorphae,0.9297,0.9311,0.9304
7,Train,PF1,2,Asilomorpha,0.95,0.9628,0.9564
7,Train,PF1,3,Bibionomorpha,0.9359,0.9543,0.945
7,Train,PF1,4,Cucujiformia,0.9724,0.9606,0.9664
7,Train,PF1,5,Culicomorpha,0.9865,0.9705,0.9784
7,Train,PF1,6,Epidermaptera,0.8568,0.8395,0.8481
7,Train,PF1,7,Heterocera,0.9755,0.8555,0.9116
7,Train,PF1,8,Muscomorpha,0.959,0.9731,0.966
7,Train,PF1,9,Parasitica,0.9022,0.7906,0.8427
7,Train,PF1,10,Pentatomomorpha,0.9541,0.8088,0.8755
7,Train,PF1,11,Plenitentoria,0.9784,0.9769,0.9777
7,Train,PF1,12,Rhopalocera,0.9091,0.9061,0.9076
7,Train,PF1,13,lacewing,0.8575,0.987,0.9177
7,Train,PF1,14,saw_fly,0.8914,0.8788,0.8851
7,Train,Leaf Class (Softmax),0,Ichneumonoidea,0.8872,0.8232,0.854
7,Train,Leaf Class (Softmax),1,Muscoidea,0.6478,0.5945,0.62
7,Train,Leaf Class (Softmax),2,ant,0.95,0.9661,0.958
7,Train,Leaf Class (Softmax),3,ant_beetle,0.963,0.9652,0.9641
7,Train,Leaf Class (Softmax),4,bug,0.9181,0.8658,0.8911
7,Train,Leaf Class (Softmax),5,butterfly,0.932,0.9086,0.9201
7,Train,Leaf Class (Softmax),6,caddisfly,0.9837,0.9818,0.9828
7,Train,Leaf Class (Softmax),7,dance_fly,0.8754,0.8748,0.8751
7,Train,Leaf Class (Softmax),8,earwig,0.8802,0.8829,0.8816
7,Train,Leaf Class (Softmax),9,fever_fly,0.9421,0.9529,0.9475
7,Train,Leaf Class (Softmax),10,flesh_fly,0.8921,0.8723,0.882
7,Train,Leaf Class (Softmax),11,fly,0.5971,0.6559,0.6251
7,Train,Leaf Class (Softmax),12,fruit_fly,0.9339,0.941,0.9374
7,Train,Leaf Class (Softmax),13,hoverfly,0.9384,0.9416,0.94
7,Train,Leaf Class (Softmax),14,ladybug,0.9671,0.9692,0.9682
7,Train,Leaf Class (Softmax),15,leaf_beetle,0.9631,0.9722,0.9676
7,Train,Leaf Class (Softmax),16,midge,0.9806,0.9808,0.9807
7,Train,Leaf Class (Softmax),17,moth,0.9539,0.9415,0.9476
7,Train,Leaf Class (Softmax),18,robber_fly,0.9688,0.9713,0.9701
7,Train,Leaf Class (Softmax),19,spider,0.927,0.9571,0.9418
7,Train,Leaf Class (Softmax),20,wasp,0.8282,0.7177,0.769
7,Train,Leaf Class (Softmax),21,weevil,0.9619,0.9684,0.9652
7,Train,Leaf Class (Sigmoid),0,Ichneumonoidea,0.7691,0.8623,0.8131
7,Train,Leaf Class (Sigmoid),1,Muscoidea,0.4935,0.8964,0.6366
7,Train,Leaf Class (Sigmoid),2,ant,0.9536,0.9584,0.956
7,Train,Leaf Class (Sigmoid),3,ant_beetle,0.9486,0.9599,0.9542
7,Train,Leaf Class (Sigmoid),4,bug,0.9503,0.8308,0.8865
7,Train,Leaf Class (Sigmoid),5,butterfly,0.9662,0.8333,0.8949
7,Train,Leaf Class (Sigmoid),6,caddisfly,0.977,0.9807,0.9788
7,Train,Leaf Class (Sigmoid),7,dance_fly,0.9503,0.6914,0.8005
7,Train,Leaf Class (Sigmoid),8,earwig,0.9227,0.8147,0.8654
7,Train,Leaf Class (Sigmoid),9,fever_fly,0.9455,0.9418,0.9437
7,Train,Leaf Class (Sigmoid),10,flesh_fly,0.8669,0.8815,0.8741
7,Train,Leaf Class (Sigmoid),11,fly,0.7501,0.1193,0.2059
7,Train,Leaf Class (Sigmoid),12,fruit_fly,0.9031,0.9519,0.9269
7,Train,Leaf Class (Sigmoid),13,hoverfly,0.9457,0.9342,0.9399
7,Train,Leaf Class (Sigmoid),14,ladybug,0.9445,0.9758,0.9599
7,Train,Leaf Class (Sigmoid),15,leaf_beetle,0.9392,0.9748,0.9567
7,Train,Leaf Class (Sigmoid),16,midge,0.9918,0.9659,0.9787
7,Train,Leaf Class (Sigmoid),17,moth,0.9758,0.9149,0.9444
7,Train,Leaf Class (Sigmoid),18,robber_fly,0.9539,0.9766,0.9651
7,Train,Leaf Class (Sigmoid),19,spider,0.9129,0.9566,0.9342
7,Train,Leaf Class (Sigmoid),20,wasp,0.7896,0.6693,0.7245
7,Train,Leaf Class (Sigmoid),21,weevil,0.9673,0.9573,0.9622
7,Test,PF4,0,Arachnida,0.59,0.8619,0.7005
7,Test,PF4,1,Insecta,0.9968,0.9861,0.9914
7,Test,PF3,0,Araneae,0.6684,0.8583,0.7515
7,Test,PF3,1,Coleoptera,0.8701,0.7801,0.8226
7,Test,PF3,2,Dermaptera,0.4878,0.078,0.1345
7,Test,PF3,3,Diptera,0.8911,0.9311,0.9107
7,Test,PF3,4,Hemiptera,0.9694,0.6826,0.8011
7,Test,PF3,5,Hymenoptera,0.7869,0.6963,0.7388
7,Test,PF3,6,Lepidoptera,0.7524,0.5294,0.6215
7,Test,PF3,7,Mecoptera,0.1225,0.048,0.069
7,Test,PF3,8,Neuroptera,0.3596,0.3957,0.3768
7,Test,PF3,9,Orthoptera,0.5094,0.978,0.6699
7,Test,PF3,10,Trichoptera,0.9818,0.8121,0.8889
7,Test,PF2,0,Apocrita,0.7855,0.668,0.722
7,Test,PF2,1,Arneomorphae,0.7032,0.848,0.7688
7,Test,PF2,2,Brachycera,0.8658,0.9249,0.8944
7,Test,PF2,3,Forficulina,0.3097,0.0341,0.0615
7,Test,PF2,4,Glossata,0.8573,0.4925,0.6256
7,Test,PF2,5,Hemerobiiformia,0.4491,0.4015,0.4239
7,Test,PF2,6,Heteroptera,0.9684,0.6849,0.8023
7,Test,PF2,7,Integripalpia,0.9793,0.8159,0.8902
7,Test,PF2,8,Nematocera,0.945,0.9767,0.9606
7,Test,PF2,9,Polyphaga,0.913,0.7674,0.8339
7,Test,PF2,10,Symphyta,0.948,0.7308,0.8254
7,Test,PF2,11,grasshopper,0.4308,0.9932,0.6009
7,Test,PF2,12,scorpion_fly,0.0256,0.0039,0.0068
7,Test,PF1,0,Aculeata,0.752,0.7633,0.7576
7,Test,PF1,1,Araneomorphae,0.6746,0.8413,0.7488
7,Test,PF1,2,Asilomorpha,0.8349,0.7682,0.8002
7,Test,PF1,3,Bibionomorpha,0.8913,0.9689,0.9285
7,Test,PF1,4,Cucujiformia,0.9095,0.7787,0.839
7,Test,PF1,5,Culicomorpha,0.9294,0.9775,0.9528
7,Test,PF1,6,Epidermaptera,0.4051,0.0312,0.0579
7,Test,PF1,7,Heterocera,0.7786,0.4238,0.5488
7,Test,PF1,8,Muscomorpha,0.7928,0.9273,0.8548
7,Test,PF1,9,Parasitica,0.5104,0.4955,0.5028
7,Test,PF1,10,Pentatomomorpha,0.9621,0.6849,0.8002
7,Test,PF1,11,Plenitentoria,0.9185,0.8259,0.8697
7,Test,PF1,12,Rhopalocera,0.7638,0.93,0.8387
7,Test,PF1,13,lacewing,0.3319,0.5741,0.4207
7,Test,PF1,14,saw_fly,0.9644,0.6678,0.7892
7,Test,Leaf Class (Softmax),0,Ichneumonoidea,0.3674,0.7018,0.4823
7,Test,Leaf Class (Softmax),1,Muscoidea,0.38,0.8582,0.5267
7,Test,Leaf Class (Softmax),2,ant,0.7757,0.8568,0.8142
7,Test,Leaf Class (Softmax),3,ant_beetle,0.7949,0.9364,0.8599
7,Test,Leaf Class (Softmax),4,bug,0.9595,0.6941,0.8055
7,Test,Leaf Class (Softmax),5,butterfly,0.8423,0.9103,0.875
7,Test,Leaf Class (Softmax),6,caddisfly,0.9643,0.8263,0.89
7,Test,Leaf Class (Softmax),7,dance_fly,0.9501,0.5805,0.7206
7,Test,Leaf Class (Softmax),8,earwig,0.0294,0.001,0.0019
7,Test,Leaf Class (Softmax),9,fever_fly,0.9155,0.9512,0.933
7,Test,Leaf Class (Softmax),10,flesh_fly,0.767,0.6808,0.7213
7,Test,Leaf Class (Softmax),11,fly,0.3799,0.1475,0.2125
7,Test,Leaf Class (Softmax),12,fruit_fly,0.7211,0.581,0.6435
7,Test,Leaf Class (Softmax),13,hoverfly,0.6506,0.8545,0.7387
7,Test,Leaf Class (Softmax),14,ladybug,0.7956,0.8945,0.8422
7,Test,Leaf Class (Softmax),15,leaf_beetle,0.0325,0.0131,0.0186
7,Test,Leaf Class (Softmax),16,midge,0.9643,0.971,0.9676
7,Test,Leaf Class (Softmax),17,moth,0.8232,0.4935,0.6171
7,Test,Leaf Class (Softmax),18,robber_fly,0.7442,0.8218,0.781
7,Test,Leaf Class (Softmax),19,spider,0.6266,0.8498,0.7213
7,Test,Leaf Class (Softmax),20,wasp,0.839,0.6653,0.7421
7,Test,Leaf Class (Softmax),21,weevil,0.8199,0.7532,0.7851
7,Test,Leaf Class (Sigmoid),0,Ichneumonoidea,0.4383,0.6368,0.5192
7,Test,Leaf Class (Sigmoid),1,Muscoidea,0.3986,0.4322,0.4147
7,Test,Leaf Class (Sigmoid),2,ant,0.7785,0.8455,0.8106
7,Test,Leaf Class (Sigmoid),3,ant_beetle,0.8541,0.9305,0.8907
7,Test,Leaf Class (Sigmoid),4,bug,0.8545,0.7057,0.773
7,Test,Leaf Class (Sigmoid),5,butterfly,0.7619,0.9271,0.8364
7,Test,Leaf Class (Sigmoid),6,caddisfly,0.9724,0.8345,0.8982
7,Test,Leaf Class (Sigmoid),7,dance_fly,0.8675,0.6491,0.7426
7,Test,Leaf Class (Sigmoid),8,earwig,0.3333,0.0185,0.0351
7,Test,Leaf Class (Sigmoid),9,fever_fly,0.9056,0.9505,0.9275
7,Test,Leaf Class (Sigmoid),10,flesh_fly,0.8046,0.6607,0.7256
7,Test,Leaf Class (Sigmoid),11,fly,0.3682,0.6597,0.4726
7,Test,Leaf Class (Sigmoid),12,fruit_fly,0.8331,0.558,0.6684
7,Test,Leaf Class (Sigmoid),13,hoverfly,0.5847,0.8645,0.6976
7,Test,Leaf Class (Sigmoid),14,ladybug,0.9454,0.8745,0.9086
7,Test,Leaf Class (Sigmoid),15,leaf_beetle,0.0132,0.0031,0.005
7,Test,Leaf Class (Sigmoid),16,midge,0.9562,0.9832,0.9696
7,Test,Leaf Class (Sigmoid),17,moth,0.7645,0.526,0.6232
7,Test,Leaf Class (Sigmoid),18,robber_fly,0.8006,0.799,0.7998
7,Test,Leaf Class (Sigmoid),19,spider,0.6371,0.8528,0.7293
7,Test,Leaf Class (Sigmoid),20,wasp,0.8493,0.7068,0.7715
7,Test,Leaf Class (Sigmoid),21,weevil,0.8069,0.7582,0.7818
8,Train,PF4,0,Arachnida,0.8183,0.9686,0.8871
8,Train,PF4,1,Insecta,0.9997,0.9981,0.9989
8,Train,PF3,0,Araneae,0.93,0.8887,0.9089
8,Train,PF3,1,Coleoptera,0.9623,0.9652,0.9638
8,Train,PF3,2,Dermaptera,0.7538,0.8736,0.8093
8,Train,PF3,3,Diptera,0.9765,0.9657,0.9711
8,Train,PF3,4,Hemiptera,0.954,0.7947,0.8671
8,Train,PF3,5,Hymenoptera,0.9409,0.9202,0.9304
8,Train,PF3,6,Lepidoptera,0.9559,0.8684,0.9101
8,Train,PF3,7,Mecoptera,0.5286,0.1918,0.2814
8,Train,PF3,8,Neuroptera,0.9094,0.9764,0.9417
8,Train,PF3,9,Orthoptera,0.7632,0.9815,0.8587
8,Train,PF3,10,Trichoptera,0.9864,0.9357,0.9604
8,Train,PF2,0,Apocrita,0.9677,0.9127,0.9394
8,Train,PF2,1,Arneomorphae,0.9537,0.6058,0.7409
8,Train,PF2,2,Brachycera,0.9722,0.9667,0.9695
8,Train,PF2,3,Forficulina,0.8176,0.855,0.8359
8,Train,PF2,4,Glossata,0.9758,0.7275,0.8336
8,Train,PF2,5,Hemerobiiformia,0.9365,0.9694,0.9527
8,Train,PF2,6,Heteroptera,0.9608,0.815,0.8819
8,Train,PF2,7,Integripalpia,0.992,0.9383,0.9644
8,Train,PF2,8,Nematocera,0.9752,0.9401,0.9573
8,Train,PF2,9,Polyphaga,0.975,0.9522,0.9634
8,Train,PF2,10,Symphyta,0.8674,0.9082,0.8874
8,Train,PF2,11,grasshopper,0.6239,0.9895,0.7653
8,Train,PF2,12,scorpion_fly,0.3622,0.0818,0.1335
8,Train,PF1,0,Aculeata,0.9532,0.9321,0.9426
8,Train,PF1,1,Araneomorphae,0.942,0.9326,0.9373
8,Train,PF1,2,Asilomorpha,0.954,0.9671,0.9605
8,Train,PF1,3,Bibionomorpha,0.9481,0.9582,0.9531
8,Train,PF1,4,Cucujiformia,0.9768,0.9649,0.9708
8,Train,PF1,5,Culicomorpha,0.9868,0.9707,0.9787
8,Train,PF1,6,Epidermaptera,0.8607,0.8721,0.8664
8,Train,PF1,7,Heterocera,0.979,0.8741,0.9236
8,Train,PF1,8,Muscomorpha,0.9617,0.9763,0.9689
8,Train,PF1,9,Parasitica,0.9134,0.8215,0.865
8,Train,PF1,10,Pentatomomorpha,0.9637,0.8235,0.8881
8,Train,PF1,11,Plenitentoria,0.9816,0.9871,0.9843
8,Train,PF1,12,Rhopalocera,0.9218,0.9061,0.9139
8,Train,PF1,13,lacewing,0.8821,0.9884,0.9322
8,Train,PF1,14,saw_fly,0.9121,0.897,0.9045
8,Train,Leaf Class (Softmax),0,Ichneumonoidea,0.9003,0.8557,0.8774
8,Train,Leaf Class (Softmax),1,Muscoidea,0.6632,0.6119,0.6365
8,Train,Leaf Class (Softmax),2,ant,0.9558,0.9703,0.963
8,Train,Leaf Class (Softmax),3,ant_beetle,0.9681,0.9648,0.9664
8,Train,Leaf Class (Softmax),4,bug,0.9275,0.8804,0.9034
8,Train,Leaf Class (Softmax),5,butterfly,0.9344,0.911,0.9226
8,Train,Leaf Class (Softmax),6,caddisfly,0.9864,0.9886,0.9875
8,Train,Leaf Class (Softmax),7,dance_fly,0.8618,0.8768,0.8693
8,Train,Leaf Class (Softmax),8,earwig,0.8977,0.8915,0.8946
8,Train,Leaf Class (Softmax),9,fever_fly,0.9552,0.9657,0.9604
8,Train,Leaf Class (Softmax),10,flesh_fly,0.8998,0.8808,0.8902
8,Train,Leaf Class (Softmax),11,fly,0.6081,0.666,0.6357
8,Train,Leaf Class (Softmax),12,fruit_fly,0.9379,0.943,0.9404
8,Train,Leaf Class (Softmax),13,hoverfly,0.9396,0.9429,0.9413
8,Train,Leaf Class (Softmax),14,ladybug,0.9687,0.9722,0.9705
8,Train,Leaf Class (Softmax),15,leaf_beetle,0.9693,0.9748,0.9721
8,Train,Leaf Class (Softmax),16,midge,0.9811,0.9795,0.9803
8,Train,Leaf Class (Softmax),17,moth,0.9542,0.9438,0.949
8,Train,Leaf Class (Softmax),18,robber_fly,0.9732,0.9732,0.9732
8,Train,Leaf Class (Softmax),19,spider,0.9331,0.9541,0.9435
8,Train,Leaf Class (Softmax),20,wasp,0.8375,0.7329,0.7817
8,Train,Leaf Class (Softmax),21,weevil,0.9672,0.9721,0.9697
8,Train,Leaf Class (Sigmoid),0,Ichneumonoidea,0.8022,0.8846,0.8414
8,Train,Leaf Class (Sigmoid),1,Muscoidea,0.504,0.9048,0.6474
8,Train,Leaf Class (Sigmoid),2,ant,0.9596,0.963,0.9613
8,Train,Leaf Class (Sigmoid),3,ant_beetle,0.9507,0.9599,0.9553
8,Train,Leaf Class (Sigmoid),4,bug,0.9529,0.8438,0.895
8,Train,Leaf Class (Sigmoid),5,butterfly,0.9781,0.8317,0.899
8,Train,Leaf Class (Sigmoid),6,caddisfly,0.9816,0.9898,0.9857
8,Train,Leaf Class (Sigmoid),7,dance_fly,0.9265,0.743,0.8247
8,Train,Leaf Class (Sigmoid),8,earwig,0.9281,0.8403,0.882
8,Train,Leaf Class (Sigmoid),9,fever_fly,0.9611,0.9529,0.957
8,Train,Leaf Class (Sigmoid),10,flesh_fly,0.8742,0.8918,0.8829
8,Train,Leaf Class (Sigmoid),11,fly,0.7578,0.1451,0.2435
8,Train,Leaf Class (Sigmoid),12,fruit_fly,0.9124,0.9546,0.933
8,Train,Leaf Class (Sigmoid),13,hoverfly,0.9487,0.9359,0.9423
8,Train,Leaf Class (Sigmoid),14,ladybug,0.9488,0.9754,0.9619
8,Train,Leaf Class (Sigmoid),15,leaf_beetle,0.9483,0.9788,0.9633
8,Train,Leaf Class (Sigmoid),16,midge,0.9912,0.9658,0.9783
8,Train,Leaf Class (Sigmoid),17,moth,0.9764,0.9187,0.9467
8,Train,Leaf Class (Sigmoid),18,robber_fly,0.9619,0.9779,0.9698
8,Train,Leaf Class (Sigmoid),19,spider,0.9261,0.9511,0.9385
8,Train,Leaf Class (Sigmoid),20,wasp,0.7927,0.7047,0.7461
8,Train,Leaf Class (Sigmoid),21,weevil,0.9718,0.964,0.9679
8,Test,PF4,0,Arachnida,0.599,0.8776,0.712
8,Test,PF4,1,Insecta,0.9971,0.9864,0.9917
8,Test,PF3,0,Araneae,0.669,0.8752,0.7583
8,Test,PF3,1,Coleoptera,0.8675,0.7592,0.8098
8,Test,PF3,2,Dermaptera,0.7607,0.2076,0.3262
8,Test,PF3,3,Diptera,0.8746,0.937,0.9047
8,Test,PF3,4,Hemiptera,0.9725,0.6818,0.8016
8,Test,PF3,5,Hymenoptera,0.7887,0.7657,0.777
8,Test,PF3,6,Lepidoptera,0.7687,0.5219,0.6217
8,Test,PF3,7,Mecoptera,0.3743,0.0908,0.1461
8,Test,PF3,8,Neuroptera,0.2514,0.1638,0.1984
8,Test,PF3,9,Orthoptera,0.5074,0.9592,0.6637
8,Test,PF3,10,Trichoptera,0.9925,0.681,0.8078
8,Test,PF2,0,Apocrita,0.7867,0.7438,0.7646
8,Test,PF2,1,Arneomorphae,0.6784,0.8661,0.7608
8,Test,PF2,2,Brachycera,0.8592,0.9281,0.8923
8,Test,PF2,3,Forficulina,0.619,0.1014,0.1742
8,Test,PF2,4,Glossata,0.868,0.4628,0.6037
8,Test,PF2,5,Hemerobiiformia,0.3473,0.1721,0.2302
8,Test,PF2,6,Heteroptera,0.969,0.6741,0.7951
8,Test,PF2,7,Integripalpia,0.9937,0.8112,0.8932
8,Test,PF2,8,Nematocera,0.9532,0.9741,0.9635
8,Test,PF2,9,Polyphaga,0.903,0.7485,0.8185
8,Test,PF2,10,Symphyta,0.9103,0.756,0.826
8,Test,PF2,11,grasshopper,0.4242,0.9765,0.5914
8,Test,PF2,12,scorpion_fly,0.2989,0.0337,0.0606
8,Test,PF1,0,Aculeata,0.7629,0.8261,0.7932
8,Test,PF1,1,Araneomorphae,0.6226,0.8674,0.7249
8,Test,PF1,2,Asilomorpha,0.823,0.7759,0.7988
8,Test,PF1,3,Bibionomorpha,0.9355,0.9342,0.9348
8,Test,PF1,4,Cucujiformia,0.8959,0.7611,0.823
8,Test,PF1,5,Culicomorpha,0.9594,0.9812,0.9702
8,Test,PF1,6,Epidermaptera,0.7238,0.0741,0.1344
8,Test,PF1,7,Heterocera,0.8215,0.504,0.6247
8,Test,PF1,8,Muscomorpha,0.7806,0.9202,0.8447
8,Test,PF1,9,Parasitica,0.4712,0.5135,0.4914
8,Test,PF1,10,Pentatomomorpha,0.9755,0.6741,0.7973
8,Test,PF1,11,Plenitentoria,0.9874,0.8091,0.8894
8,Test,PF1,12,Rhopalocera,0.7808,0.9547,0.859
8,Test,PF1,13,lacewing,0.486,0.5949,0.535
8,Test,PF1,14,saw_fly,0.9295,0.7325,0.8193
8,Test,Leaf Class (Softmax),0,Ichneumonoidea,0.3938,0.5695,0.4656
8,Test,Leaf Class (Softmax),1,Muscoidea,0.3537,0.8128,0.4929
8,Test,Leaf Class (Softmax),2,ant,0.6984,0.8608,0.7711
8,Test,Leaf Class (Softmax),3,ant_beetle,0.8258,0.8477,0.8366
8,Test,Leaf Class (Softmax),4,bug,0.9707,0.6895,0.8063
8,Test,Leaf Class (Softmax),5,butterfly,0.9133,0.9438,0.9283
8,Test,Leaf Class (Softmax),6,caddisfly,0.9848,0.7828,0.8722
8,Test,Leaf Class (Softmax),7,dance_fly,0.9154,0.6766,0.7781
8,Test,Leaf Class (Softmax),8,earwig,0.4762,0.0097,0.0191
8,Test,Leaf Class (Softmax),9,fever_fly,0.95,0.9009,0.9248
8,Test,Leaf Class (Softmax),10,flesh_fly,0.8503,0.6475,0.7352
8,Test,Leaf Class (Softmax),11,fly,0.396,0.1718,0.2396
8,Test,Leaf Class (Softmax),12,fruit_fly,0.6926,0.6378,0.6641
8,Test,Leaf Class (Softmax),13,hoverfly,0.6713,0.862,0.7548
8,Test,Leaf Class (Softmax),14,ladybug,0.8182,0.8878,0.8516
8,Test,Leaf Class (Softmax),15,leaf_beetle,0.0252,0.0123,0.0165
8,Test,Leaf Class (Softmax),16,midge,0.9581,0.971,0.9645
8,Test,Leaf Class (Softmax),17,moth,0.8536,0.5858,0.6947
8,Test,Leaf Class (Softmax),18,robber_fly,0.795,0.799,0.797
8,Test,Leaf Class (Softmax),19,spider,0.591,0.8692,0.7036
8,Test,Leaf Class (Softmax),20,wasp,0.8773,0.7188,0.7902
8,Test,Leaf Class (Softmax),21,weevil,0.8426,0.7173,0.7749
8,Test,Leaf Class (Sigmoid),0,Ichneumonoidea,0.5596,0.5157,0.5368
8,Test,Leaf Class (Sigmoid),1,Muscoidea,0.4117,0.3192,0.3596
8,Test,Leaf Class (Sigmoid),2,ant,0.7028,0.8565,0.7721
8,Test,Leaf Class (Sigmoid),3,ant_beetle,0.9097,0.8418,0.8745
8,Test,Leaf Class (Sigmoid),4,bug,0.8686,0.698,0.774
8,Test,Leaf Class (Sigmoid),5,butterfly,0.8405,0.9606,0.8966
8,Test,Leaf Class (Sigmoid),6,caddisfly,0.9881,0.8569,0.9178
8,Test,Leaf Class (Sigmoid),7,dance_fly,0.8549,0.6964,0.7675
8,Test,Leaf Class (Sigmoid),8,earwig,0.7629,0.0721,0.1318
8,Test,Leaf Class (Sigmoid),9,fever_fly,0.9421,0.9101,0.9258
8,Test,Leaf Class (Sigmoid),10,flesh_fly,0.8621,0.5985,0.7065
8,Test,Leaf Class (Sigmoid),11,fly,0.3791,0.723,0.4974
8,Test,Leaf Class (Sigmoid),12,fruit_fly,0.7302,0.6312,0.6771
8,Test,Leaf Class (Sigmoid),13,hoverfly,0.6258,0.8778,0.7307
8,Test,Leaf Class (Sigmoid),14,ladybug,0.89,0.8838,0.8869
8,Test,Leaf Class (Sigmoid),15,leaf_beetle,0.0293,0.0123,0.0173
8,Test,Leaf Class (Sigmoid),16,midge,0.936,0.9838,0.9593
8,Test,Leaf Class (Sigmoid),17,moth,0.8097,0.6372,0.7132
8,Test,Leaf Class (Sigmoid),18,robber_fly,0.8319,0.7855,0.808
8,Test,Leaf Class (Sigmoid),19,spider,0.6102,0.8722,0.718
8,Test,Leaf Class (Sigmoid),20,wasp,0.8728,0.7372,0.7993
8,Test,Leaf Class (Sigmoid),21,weevil,0.8106,0.7308,0.7686
9,Train,PF4,0,Arachnida,0.8511,0.9785,0.9104
9,Train,PF4,1,Insecta,0.9998,0.9985,0.9992
9,Train,PF3,0,Araneae,0.9339,0.8877,0.9102
9,Train,PF3,1,Coleoptera,0.9625,0.9685,0.9655
9,Train,PF3,2,Dermaptera,0.7561,0.8698,0.8089
9,Train,PF3,3,Diptera,0.9788,0.968,0.9734
9,Train,PF3,4,Hemiptera,0.9596,0.8043,0.8751
9,Train,PF3,5,Hymenoptera,0.9453,0.9273,0.9362
9,Train,PF3,6,Lepidoptera,0.9553,0.8717,0.9116
9,Train,PF3,7,Mecoptera,0.5767,0.173,0.2662
9,Train,PF3,8,Neuroptera,0.917,0.978,0.9465
9,Train,PF3,9,Orthoptera,0.7661,0.9835,0.8613
9,Train,PF3,10,Trichoptera,0.9866,0.9455,0.9656
9,Train,PF2,0,Apocrita,0.9703,0.9198,0.9444
9,Train,PF2,1,Arneomorphae,0.9574,0.6507,0.7748
9,Train,PF2,2,Brachycera,0.974,0.9691,0.9715
9,Train,PF2,3,Forficulina,0.8195,0.8519,0.8354
9,Train,PF2,4,Glossata,0.9758,0.7387,0.8409
9,Train,PF2,5,Hemerobiiformia,0.9457,0.9714,0.9584
9,Train,PF2,6,Heteroptera,0.9626,0.8268,0.8896
9,Train,PF2,7,Integripalpia,0.9908,0.9391,0.9642
9,Train,PF2,8,Nematocera,0.9758,0.9451,0.9602
9,Train,PF2,9,Polyphaga,0.9758,0.9557,0.9657
9,Train,PF2,10,Symphyta,0.8748,0.911,0.8926
9,Train,PF2,11,grasshopper,0.6361,0.9912,0.7749
9,Train,PF2,12,scorpion_fly,0.4339,0.0908,0.1502
9,Train,PF1,0,Aculeata,0.957,0.9369,0.9468
9,Train,PF1,1,Araneomorphae,0.9443,0.9466,0.9454
9,Train,PF1,2,Asilomorpha,0.9569,0.9686,0.9627
9,Train,PF1,3,Bibionomorpha,0.9532,0.9586,0.9559
9,Train,PF1,4,Cucujiformia,0.9787,0.9681,0.9733
9,Train,PF1,5,Culicomorpha,0.988,0.9737,0.9808
9,Train,PF1,6,Epidermaptera,0.8754,0.8605,0.8679
9,Train,PF1,7,Heterocera,0.9777,0.8904,0.932
9,Train,PF1,8,Muscomorpha,0.9639,0.9783,0.971
9,Train,PF1,9,Parasitica,0.9151,0.8355,0.8735
9,Train,PF1,10,Pentatomomorpha,0.9576,0.828,0.8881
9,Train,PF1,11,Plenitentoria,0.9774,0.9807,0.979
9,Train,PF1,12,Rhopalocera,0.9258,0.9183,0.922
9,Train,PF1,13,lacewing,0.9023,0.9884,0.9434
9,Train,PF1,14,saw_fly,0.9158,0.9006,0.9081
9,Train,Leaf Class (Softmax),0,Ichneumonoidea,0.9019,0.8636,0.8823
9,Train,Leaf Class (Softmax),1,Muscoidea,0.675,0.634,0.6539
9,Train,Leaf Class (Softmax),2,ant,0.9604,0.9724,0.9663
9,Train,Leaf Class (Softmax),3,ant_beetle,0.9639,0.97,0.967
9,Train,Leaf Class (Softmax),4,bug,0.9229,0.8782,0.9
9,Train,Leaf Class (Softmax),5,butterfly,0.9471,0.9264,0.9366
9,Train,Leaf Class (Softmax),6,caddisfly,0.9852,0.9822,0.9837
9,Train,Leaf Class (Softmax),7,dance_fly,0.8886,0.8868,0.8877
9,Train,Leaf Class (Softmax),8,earwig,0.9064,0.886,0.8961
9,Train,Leaf Class (Softmax),9,fever_fly,0.9554,0.9632,0.9593
9,Train,Leaf Class (Softmax),10,flesh_fly,0.9011,0.8822,0.8915
9,Train,Leaf Class (Softmax),11,fly,0.6261,0.676,0.6501
9,Train,Leaf Class (Softmax),12,fruit_fly,0.9459,0.9496,0.9477
9,Train,Leaf Class (Softmax),13,hoverfly,0.9439,0.9498,0.9468
9,Train,Leaf Class (Softmax),14,ladybug,0.9719,0.9755,0.9737
9,Train,Leaf Class (Softmax),15,leaf_beetle,0.9738,0.9791,0.9764
9,Train,Leaf Class (Softmax),16,midge,0.9838,0.9836,0.9837
9,Train,Leaf Class (Softmax),17,moth,0.9602,0.9479,0.954
9,Train,Leaf Class (Softmax),18,robber_fly,0.9731,0.975,0.9741
9,Train,Leaf Class (Softmax),19,spider,0.937,0.9651,0.9508
9,Train,Leaf Class (Softmax),20,wasp,0.8475,0.7459,0.7935
9,Train,Leaf Class (Softmax),21,weevil,0.9695,0.9728,0.9712
9,Train,Leaf Class (Sigmoid),0,Ichneumonoidea,0.8068,0.8916,0.8471
9,Train,Leaf Class (Sigmoid),1,Muscoidea,0.516,0.9006,0.6561
9,Train,Leaf Class (Sigmoid),2,ant,0.9629,0.9666,0.9648
9,Train,Leaf Class (Sigmoid),3,ant_beetle,0.961,0.9607,0.9609
9,Train,Leaf Class (Sigmoid),4,bug,0.9544,0.8505,0.8995
9,Train,Leaf Class (Sigmoid),5,butterfly,0.9807,0.8641,0.9187
9,Train,Leaf Class (Sigmoid),6,caddisfly,0.9778,0.9822,0.98
9,Train,Leaf Class (Sigmoid),7,dance_fly,0.9494,0.7669,0.8485
9,Train,Leaf Class (Sigmoid),8,earwig,0.9536,0.8279,0.8863
9,Train,Leaf Class (Sigmoid),9,fever_fly,0.9601,0.9522,0.9561
9,Train,Leaf Class (Sigmoid),10,flesh_fly,0.8711,0.8943,0.8825
9,Train,Leaf Class (Sigmoid),11,fly,0.7816,0.1785,0.2906
9,Train,Leaf Class (Sigmoid),12,fruit_fly,0.9167,0.9605,0.9381
9,Train,Leaf Class (Sigmoid),13,hoverfly,0.9505,0.9426,0.9465
9,Train,Leaf Class (Sigmoid),14,ladybug,0.9528,0.98,0.9662
9,Train,Leaf Class (Sigmoid),15,leaf_beetle,0.9544,0.9807,0.9674
9,Train,Leaf Class (Sigmoid),16,midge,0.992,0.9673,0.9795
9,Train,Leaf Class (Sigmoid),17,moth,0.9777,0.9227,0.9494
9,Train,Leaf Class (Sigmoid),18,robber_fly,0.9593,0.9788,0.9689
9,Train,Leaf Class (Sigmoid),19,spider,0.931,0.9631,0.9468
9,Train,Leaf Class (Sigmoid),20,wasp,0.817,0.727,0.7694
9,Train,Leaf Class (Sigmoid),21,weevil,0.975,0.9622,0.9686
9,Test,PF4,0,Arachnida,0.6053,0.874,0.7152
9,Test,PF4,1,Insecta,0.9971,0.9868,0.9919
9,Test,PF3,0,Araneae,0.6796,0.8722,0.7639
9,Test,PF3,1,Coleoptera,0.9001,0.7847,0.8384
9,Test,PF3,2,Dermaptera,0.7204,0.1306,0.2211
9,Test,PF3,3,Diptera,0.8954,0.9285,0.9116
9,Test,PF3,4,Hemiptera,0.9525,0.6649,0.7831
9,Test,PF3,5,Hymenoptera,0.7576,0.7362,0.7467
9,Test,PF3,6,Lepidoptera,0.7879,0.5241,0.6295
9,Test,PF3,7,Mecoptera,0.1522,0.1362,0.1437
9,Test,PF3,8,Neuroptera,0.1804,0.1388,0.1569
9,Test,PF3,9,Orthoptera,0.4874,0.9848,0.6521
9,Test,PF3,10,Trichoptera,1.0,0.7716,0.871
9,Test,PF2,0,Apocrita,0.7167,0.7497,0.7328
9,Test,PF2,1,Arneomorphae,0.7279,0.8734,0.7941
9,Test,PF2,2,Brachycera,0.8711,0.9147,0.8924
9,Test,PF2,3,Forficulina,0.6602,0.0663,0.1205
9,Test,PF2,4,Glossata,0.8728,0.4995,0.6354
9,Test,PF2,5,Hemerobiiformia,0.2169,0.1321,0.1642
9,Test,PF2,6,Heteroptera,0.9448,0.6726,0.7858
9,Test,PF2,7,Integripalpia,1.0,0.7871,0.8808
9,Test,PF2,8,Nematocera,0.9665,0.9316,0.9487
9,Test,PF2,9,Polyphaga,0.9456,0.7688,0.8481
9,Test,PF2,10,Symphyta,0.9888,0.7056,0.8235
9,Test,PF2,11,grasshopper,0.4164,0.9948,0.5871
9,Test,PF2,12,scorpion_fly,0.0481,0.0298,0.0368
9,Test,PF1,0,Aculeata,0.6908,0.7898,0.737
9,Test,PF1,1,Araneomorphae,0.6579,0.8746,0.7509
9,Test,PF1,2,Asilomorpha,0.8291,0.7827,0.8052
9,Test,PF1,3,Bibionomorpha,0.9881,0.7629,0.861
9,Test,PF1,4,Cucujiformia,0.9372,0.7799,0.8513
9,Test,PF1,5,Culicomorpha,0.9292,0.991,0.9591
9,Test,PF1,6,Epidermaptera,0.675,0.0526,0.0976
9,Test,PF1,7,Heterocera,0.6941,0.4425,0.5405
9,Test,PF1,8,Muscomorpha,0.8022,0.899,0.8478
9,Test,PF1,9,Parasitica,0.3421,0.6099,0.4384
9,Test,PF1,10,Pentatomomorpha,0.926,0.6656,0.7745
9,Test,PF1,11,Plenitentoria,0.9874,0.8129,0.8917
9,Test,PF1,12,Rhopalocera,0.8175,0.9488,0.8782
9,Test,PF1,13,lacewing,0.3027,0.5403,0.388
9,Test,PF1,14,saw_fly,0.9923,0.6638,0.7955
9,Test,Leaf Class (Softmax),0,Ichneumonoidea,0.3011,0.7668,0.4324
9,Test,Leaf Class (Softmax),1,Muscoidea,0.3678,0.793,0.5025
9,Test,Leaf Class (Softmax),2,ant,0.7348,0.7895,0.7611
9,Test,Leaf Class (Softmax),3,ant_beetle,0.9018,0.8751,0.8882
9,Test,Leaf Class (Softmax),4,bug,0.9592,0.6703,0.7891
9,Test,Leaf Class (Softmax),5,butterfly,0.9066,0.9281,0.9172
9,Test,Leaf Class (Softmax),6,caddisfly,0.9984,0.8108,0.8949
9,Test,Leaf Class (Softmax),7,dance_fly,0.958,0.6438,0.7701
9,Test,Leaf Class (Softmax),8,earwig,0.6957,0.0156,0.0305
9,Test,Leaf Class (Softmax),9,fever_fly,0.9915,0.7389,0.8467
9,Test,Leaf Class (Softmax),10,flesh_fly,0.6141,0.678,0.6445
9,Test,Leaf Class (Softmax),11,fly,0.3781,0.1878,0.2509
9,Test,Leaf Class (Softmax),12,fruit_fly,0.7369,0.6252,0.6765
9,Test,Leaf Class (Softmax),13,hoverfly,0.8185,0.7362,0.7752
9,Test,Leaf Class (Softmax),14,ladybug,0.8765,0.919,0.8972
9,Test,Leaf Class (Softmax),15,leaf_beetle,0.0433,0.0092,0.0152
9,Test,Leaf Class (Softmax),16,midge,0.96,0.9895,0.9745
9,Test,Leaf Class (Softmax),17,moth,0.8328,0.5268,0.6453
9,Test,Leaf Class (Softmax),18,robber_fly,0.6353,0.8075,0.7111
9,Test,Leaf Class (Softmax),19,spider,0.5929,0.8758,0.7071
9,Test,Leaf Class (Softmax),20,wasp,0.663,0.7736,0.714
9,Test,Leaf Class (Softmax),21,weevil,0.8617,0.7698,0.8132
9,Test,Leaf Class (Sigmoid),0,Ichneumonoidea,0.332,0.7309,0.4566
9,Test,Leaf Class (Sigmoid),1,Muscoidea,0.4317,0.4432,0.4374
9,Test,Leaf Class (Sigmoid),2,ant,0.7418,0.8862,0.8076
9,Test,Leaf Class (Sigmoid),3,ant_beetle,0.9464,0.8736,0.9085
9,Test,Leaf Class (Sigmoid),4,bug,0.9156,0.6849,0.7836
9,Test,Leaf Class (Sigmoid),5,butterfly,0.8587,0.9458,0.9001
9,Test,Leaf Class (Sigmoid),6,caddisfly,0.9995,0.8116,0.8958
9,Test,Leaf Class (Sigmoid),7,dance_fly,0.8825,0.6934,0.7766
9,Test,Leaf Class (Sigmoid),8,earwig,0.764,0.0663,0.122
9,Test,Leaf Class (Sigmoid),9,fever_fly,0.9936,0.7714,0.8685
9,Test,Leaf Class (Sigmoid),10,flesh_fly,0.6386,0.6515,0.645
9,Test,Leaf Class (Sigmoid),11,fly,0.3749,0.5938,0.4596
9,Test,Leaf Class (Sigmoid),12,fruit_fly,0.7879,0.6055,0.6848
9,Test,Leaf Class (Sigmoid),13,hoverfly,0.7507,0.7318,0.7411
9,Test,Leaf Class (Sigmoid),14,ladybug,0.9346,0.9042,0.9192
9,Test,Leaf Class (Sigmoid),15,leaf_beetle,0.0449,0.0054,0.0096
9,Test,Leaf Class (Sigmoid),16,midge,0.9585,0.992,0.9749
9,Test,Leaf Class (Sigmoid),17,moth,0.8414,0.8022,0.8213
9,Test,Leaf Class (Sigmoid),18,robber_fly,0.8375,0.777,0.8061
9,Test,Leaf Class (Sigmoid),19,spider,0.6209,0.8758,0.7266
9,Test,Leaf Class (Sigmoid),20,wasp,0.6374,0.799,0.7091
9,Test,Leaf Class (Sigmoid),21,weevil,0.8087,0.7822,0.7953
10,Train,PF4,0,Arachnida,0.8181,0.9651,0.8855
10,Train,PF4,1,Insecta,0.9997,0.9981,0.9989
10,Train,PF3,0,Araneae,0.9385,0.8837,0.9103
10,Train,PF3,1,Coleoptera,0.959,0.9625,0.9607
10,Train,PF3,2,Dermaptera,0.7898,0.8853,0.8348
10,Train,PF3,3,Diptera,0.9764,0.9651,0.9707
10,Train,PF3,4,Hemiptera,0.9621,0.802,0.8748
10,Train,PF3,5,Hymenoptera,0.9409,0.9211,0.9309
10,Train,PF3,6,Lepidoptera,0.9506,0.8628,0.9046
10,Train,PF3,7,Mecoptera,0.5538,0.2244,0.3194
10,Train,PF3,8,Neuroptera,0.9086,0.9754,0.9408
10,Train,PF3,9,Orthoptera,0.7625,0.9801,0.8577
10,Train,PF3,10,Trichoptera,0.9869,0.9391,0.9624
10,Train,PF2,0,Apocrita,0.9666,0.9128,0.939
10,Train,PF2,1,Arneomorphae,0.9722,0.6272,0.7625
10,Train,PF2,2,Brachycera,0.9718,0.9668,0.9693
10,Train,PF2,3,Forficulina,0.8301,0.8636,0.8465
10,Train,PF2,4,Glossata,0.969,0.7294,0.8323
10,Train,PF2,5,Hemerobiiformia,0.9359,0.9667,0.951
10,Train,PF2,6,Heteroptera,0.9636,0.8218,0.8871
10,Train,PF2,7,Integripalpia,0.9919,0.9277,0.9587
10,Train,PF2,8,Nematocera,0.977,0.9379,0.9571
10,Train,PF2,9,Polyphaga,0.9745,0.9492,0.9617
10,Train,PF2,10,Symphyta,0.8807,0.9064,0.8934
10,Train,PF2,11,grasshopper,0.6247,0.9885,0.7656
10,Train,PF2,12,scorpion_fly,0.4663,0.1267,0.1992
10,Train,PF1,0,Aculeata,0.9503,0.9343,0.9422
10,Train,PF1,1,Araneomorphae,0.9387,0.9391,0.9389
10,Train,PF1,2,Asilomorpha,0.9534,0.965,0.9591
10,Train,PF1,3,Bibionomorpha,0.9559,0.9597,0.9578
10,Train,PF1,4,Cucujiformia,0.9756,0.9627,0.9691
10,Train,PF1,5,Culicomorpha,0.9905,0.9722,0.9813
10,Train,PF1,6,Epidermaptera,0.872,0.8659,0.8689
10,Train,PF1,7,Heterocera,0.9748,0.8783,0.924
10,Train,PF1,8,Muscomorpha,0.9613,0.9761,0.9687
10,Train,PF1,9,Parasitica,0.9063,0.805,0.8527
10,Train,PF1,10,Pentatomomorpha,0.9724,0.8336,0.8977
10,Train,PF1,11,Plenitentoria,0.9845,0.9841,0.9843
10,Train,PF1,12,Rhopalocera,0.895,0.9102,0.9025
10,Train,PF1,13,lacewing,0.8848,0.9873,0.9332
10,Train,PF1,14,saw_fly,0.9222,0.8941,0.908
10,Train,Leaf Class (Softmax),0,Ichneumonoidea,0.8945,0.8388,0.8658
10,Train,Leaf Class (Softmax),1,Muscoidea,0.6787,0.624,0.6502
10,Train,Leaf Class (Softmax),2,ant,0.9505,0.9679,0.9591
10,Train,Leaf Class (Softmax),3,ant_beetle,0.9626,0.9633,0.9629
10,Train,Leaf Class (Softmax),4,bug,0.9334,0.8849,0.9085
10,Train,Leaf Class (Softmax),5,butterfly,0.9315,0.9126,0.9219
10,Train,Leaf Class (Softmax),6,caddisfly,0.9868,0.9894,0.9881
10,Train,Leaf Class (Softmax),7,dance_fly,0.8876,0.8876,0.8876
10,Train,Leaf Class (Softmax),8,earwig,0.9051,0.9023,0.9037
10,Train,Leaf Class (Softmax),9,fever_fly,0.9584,0.9622,0.9603
10,Train,Leaf Class (Softmax),10,flesh_fly,0.9021,0.8787,0.8902
10,Train,Leaf Class (Softmax),11,fly,0.6223,0.6832,0.6513
10,Train,Leaf Class (Softmax),12,fruit_fly,0.9428,0.9478,0.9453
10,Train,Leaf Class (Softmax),13,hoverfly,0.939,0.9458,0.9424
10,Train,Leaf Class (Softmax),14,ladybug,0.9691,0.9732,0.9711
10,Train,Leaf Class (Softmax),15,leaf_beetle,0.9678,0.9738,0.9708
10,Train,Leaf Class (Softmax),16,midge,0.9851,0.9812,0.9831
10,Train,Leaf Class (Softmax),17,moth,0.9529,0.944,0.9484
10,Train,Leaf Class (Softmax),18,robber_fly,0.9703,0.9717,0.971
10,Train,Leaf Class (Softmax),19,spider,0.938,0.9591,0.9484
10,Train,Leaf Class (Softmax),20,wasp,0.8615,0.7509,0.8024
10,Train,Leaf Class (Softmax),21,weevil,0.9696,0.9728,0.9712
10,Train,Leaf Class (Sigmoid),0,Ichneumonoidea,0.8057,0.8735,0.8382
10,Train,Leaf Class (Sigmoid),1,Muscoidea,0.516,0.8971,0.6551
10,Train,Leaf Class (Sigmoid),2,ant,0.9531,0.9621,0.9576
10,Train,Leaf Class (Sigmoid),3,ant_beetle,0.9537,0.9558,0.9547
10,Train,Leaf Class (Sigmoid),4,bug,0.9681,0.8562,0.9087
10,Train,Leaf Class (Sigmoid),5,butterfly,0.9689,0.8584,0.9103
10,Train,Leaf Class (Sigmoid),6,caddisfly,0.9853,0.9868,0.986
10,Train,Leaf Class (Sigmoid),7,dance_fly,0.9498,0.7724,0.852
10,Train,Leaf Class (Sigmoid),8,earwig,0.9475,0.8388,0.8898
10,Train,Leaf Class (Sigmoid),9,fever_fly,0.9659,0.9515,0.9586
10,Train,Leaf Class (Sigmoid),10,flesh_fly,0.8733,0.8913,0.8822
10,Train,Leaf Class (Sigmoid),11,fly,0.7753,0.1855,0.2994
10,Train,Leaf Class (Sigmoid),12,fruit_fly,0.9162,0.9582,0.9367
10,Train,Leaf Class (Sigmoid),13,hoverfly,0.9489,0.9378,0.9433
10,Train,Leaf Class (Sigmoid),14,ladybug,0.9497,0.9774,0.9633
10,Train,Leaf Class (Sigmoid),15,leaf_beetle,0.9468,0.9744,0.9604
10,Train,Leaf Class (Sigmoid),16,midge,0.9932,0.9694,0.9811
10,Train,Leaf Class (Sigmoid),17,moth,0.9727,0.9189,0.945
10,Train,Leaf Class (Sigmoid),18,robber_fly,0.9565,0.9771,0.9667
10,Train,Leaf Class (Sigmoid),19,spider,0.923,0.9516,0.9371
10,Train,Leaf Class (Sigmoid),20,wasp,0.8206,0.7177,0.7657
10,Train,Leaf Class (Sigmoid),21,weevil,0.9722,0.9629,0.9675
10,Test,PF4,0,Arachnida,0.5757,0.8801,0.696
10,Test,PF4,1,Insecta,0.9972,0.985,0.9911
10,Test,PF3,0,Araneae,0.6225,0.877,0.7282
10,Test,PF3,1,Coleoptera,0.7868,0.77,0.7783
10,Test,PF3,2,Dermaptera,0.7973,0.1725,0.2837
10,Test,PF3,3,Diptera,0.9125,0.9313,0.9218
10,Test,PF3,4,Hemiptera,0.8411,0.7057,0.7675
10,Test,PF3,5,Hymenoptera,0.7642,0.7423,0.7531
10,Test,PF3,6,Lepidoptera,0.6952,0.4727,0.5627
10,Test,PF3,7,Mecoptera,0.3626,0.0856,0.1385
10,Test,PF3,8,Neuroptera,0.1704,0.118,0.1395
10,Test,PF3,9,Orthoptera,0.5135,0.9632,0.6699
10,Test,PF3,10,Trichoptera,0.9759,0.8203,0.8913
10,Test,PF2,0,Apocrita,0.7776,0.7309,0.7535
10,Test,PF2,1,Arneomorphae,0.6314,0.8758,0.7338
10,Test,PF2,2,Brachycera,0.8811,0.9291,0.9044
10,Test,PF2,3,Forficulina,0.7059,0.0819,0.1467
10,Test,PF2,4,Glossata,0.8039,0.4259,0.5568
10,Test,PF2,5,Hemerobiiformia,0.2619,0.1144,0.1592
10,Test,PF2,6,Heteroptera,0.8174,0.7103,0.7601
10,Test,PF2,7,Integripalpia,0.9822,0.8091,0.8873
10,Test,PF2,8,Nematocera,0.9618,0.9492,0.9555
10,Test,PF2,9,Polyphaga,0.8386,0.7622,0.7985
10,Test,PF2,10,Symphyta,0.8826,0.6672,0.7599
10,Test,PF2,11,grasshopper,0.4307,0.9928,0.6008
10,Test,PF2,12,scorpion_fly,0.1146,0.0143,0.0254
10,Test,PF1,0,Aculeata,0.8131,0.7898,0.8012
10,Test,PF1,1,Araneomorphae,0.5942,0.8789,0.709
10,Test,PF1,2,Asilomorpha,0.824,0.7784,0.8005
10,Test,PF1,3,Bibionomorpha,0.9537,0.874,0.9121
10,Test,PF1,4,Cucujiformia,0.8667,0.7735,0.8175
10,Test,PF1,5,Culicomorpha,0.924,0.9842,0.9532
10,Test,PF1,6,Epidermaptera,0.6854,0.0595,0.1094
10,Test,PF1,7,Heterocera,0.7106,0.3872,0.5013
10,Test,PF1,8,Muscomorpha,0.7996,0.9236,0.8572
10,Test,PF1,9,Parasitica,0.3834,0.5381,0.4478
10,Test,PF1,10,Pentatomomorpha,0.8158,0.7065,0.7572
10,Test,PF1,11,Plenitentoria,0.949,0.8345,0.8881
10,Test,PF1,12,Rhopalocera,0.799,0.932,0.8604
10,Test,PF1,13,lacewing,0.3219,0.4795,0.3852
10,Test,PF1,14,saw_fly,0.9316,0.6478,0.7642
10,Test,Leaf Class (Softmax),0,Ichneumonoidea,0.3693,0.7287,0.4902
10,Test,Leaf Class (Softmax),1,Muscoidea,0.3557,0.864,0.5039
10,Test,Leaf Class (Softmax),2,ant,0.769,0.78,0.7745
10,Test,Leaf Class (Softmax),3,ant_beetle,0.9101,0.8899,0.8999
10,Test,Leaf Class (Softmax),4,bug,0.894,0.7404,0.8099
10,Test,Leaf Class (Softmax),5,butterfly,0.9085,0.9005,0.9045
10,Test,Leaf Class (Softmax),6,caddisfly,0.9709,0.8491,0.906
10,Test,Leaf Class (Softmax),7,dance_fly,0.8794,0.6339,0.7367
10,Test,Leaf Class (Softmax),8,earwig,0.2759,0.0078,0.0152
10,Test,Leaf Class (Softmax),9,fever_fly,0.973,0.8401,0.9016
10,Test,Leaf Class (Softmax),10,flesh_fly,0.7993,0.5595,0.6582
10,Test,Leaf Class (Softmax),11,fly,0.331,0.1305,0.1872
10,Test,Leaf Class (Softmax),12,fruit_fly,0.7989,0.597,0.6834
10,Test,Leaf Class (Softmax),13,hoverfly,0.7165,0.8175,0.7637
10,Test,Leaf Class (Softmax),14,ladybug,0.6495,0.9302,0.7649
10,Test,Leaf Class (Softmax),15,leaf_beetle,0.0957,0.0638,0.0766
10,Test,Leaf Class (Softmax),16,midge,0.9637,0.9832,0.9734
10,Test,Leaf Class (Softmax),17,moth,0.7337,0.443,0.5525
10,Test,Leaf Class (Softmax),18,robber_fly,0.7405,0.8248,0.7804
10,Test,Leaf Class (Softmax),19,spider,0.5961,0.8776,0.7099
10,Test,Leaf Class (Softmax),20,wasp,0.8976,0.7437,0.8134
10,Test,Leaf Class (Softmax),21,weevil,0.8933,0.7408,0.8099
10,Test,Leaf Class (Sigmoid),0,Ichneumonoidea,0.4853,0.6278,0.5474
10,Test,Leaf Class (Sigmoid),1,Muscoidea,0.3847,0.5768,0.4615
10,Test,Leaf Class (Sigmoid),2,ant,0.7782,0.7648,0.7714
10,Test,Leaf Class (Sigmoid),3,ant_beetle,0.9486,0.8736,0.9096
10,Test,Leaf Class (Sigmoid),4,bug,0.847,0.7381,0.7888
10,Test,Leaf Class (Sigmoid),5,butterfly,0.8607,0.9251,0.8917
10,Test,Leaf Class (Sigmoid),6,caddisfly,0.9797,0.8759,0.9249
10,Test,Leaf Class (Sigmoid),7,dance_fly,0.8204,0.6934,0.7516
10,Test,Leaf Class (Sigmoid),8,earwig,0.6907,0.0653,0.1193
10,Test,Leaf Class (Sigmoid),9,fever_fly,0.9601,0.8854,0.9212
10,Test,Leaf Class (Sigmoid),10,flesh_fly,0.8617,0.5468,0.669
10,Test,Leaf Class (Sigmoid),11,fly,0.3782,0.478,0.4223
10,Test,Leaf Class (Sigmoid),12,fruit_fly,0.854,0.5705,0.6841
10,Test,Leaf Class (Sigmoid),13,hoverfly,0.5966,0.8385,0.6972
10,Test,Leaf Class (Sigmoid),14,ladybug,0.7738,0.9135,0.8379
10,Test,Leaf Class (Sigmoid),15,leaf_beetle,0.0741,0.0407,0.0526
10,Test,Leaf Class (Sigmoid),16,midge,0.956,0.989,0.9722
10,Test,Leaf Class (Sigmoid),17,moth,0.6404,0.5312,0.5808
10,Test,Leaf Class (Sigmoid),18,robber_fly,0.7792,0.8162,0.7973
10,Test,Leaf Class (Sigmoid),19,spider,0.6043,0.8789,0.7162
10,Test,Leaf Class (Sigmoid),20,wasp,0.8858,0.769,0.8233
10,Test,Leaf Class (Sigmoid),21,weevil,0.8672,0.7572,0.8085
11,Train,PF4,0,Arachnida,0.8618,0.9805,0.9174
11,Train,PF4,1,Insecta,0.9998,0.9986,0.9992
11,Train,PF3,0,Araneae,0.9428,0.9132,0.9278
11,Train,PF3,1,Coleoptera,0.9654,0.9688,0.9671
11,Train,PF3,2,Dermaptera,0.8014,0.8977,0.8468
11,Train,PF3,3,Diptera,0.9794,0.9712,0.9753
11,Train,PF3,4,Hemiptera,0.9648,0.8195,0.8862
11,Train,PF3,5,Hymenoptera,0.9492,0.9336,0.9414
11,Train,PF3,6,Lepidoptera,0.9601,0.8835,0.9202
11,Train,PF3,7,Mecoptera,0.6049,0.2512,0.355
11,Train,PF3,8,Neuroptera,0.9264,0.9807,0.9528
11,Train,PF3,9,Orthoptera,0.7934,0.9838,0.8784
11,Train,PF3,10,Trichoptera,0.9868,0.9587,0.9725
11,Train,PF2,0,Apocrita,0.9715,0.9282,0.9494
11,Train,PF2,1,Arneomorphae,0.963,0.7011,0.8114
11,Train,PF2,2,Brachycera,0.9748,0.9729,0.9739
11,Train,PF2,3,Forficulina,0.8591,0.8744,0.8667
11,Train,PF2,4,Glossata,0.9758,0.7488,0.8474
11,Train,PF2,5,Hemerobiiformia,0.9513,0.9751,0.9631
11,Train,PF2,6,Heteroptera,0.962,0.8426,0.8984
11,Train,PF2,7,Integripalpia,0.9921,0.9534,0.9724
11,Train,PF2,8,Nematocera,0.9808,0.9486,0.9644
11,Train,PF2,9,Polyphaga,0.9784,0.9565,0.9673
11,Train,PF2,10,Symphyta,0.8993,0.9128,0.906
11,Train,PF2,11,grasshopper,0.6515,0.9921,0.7865
11,Train,PF2,12,scorpion_fly,0.4395,0.0843,0.1414
11,Train,PF1,0,Aculeata,0.9578,0.9429,0.9503
11,Train,PF1,1,Araneomorphae,0.951,0.9486,0.9498
11,Train,PF1,2,Asilomorpha,0.9602,0.9714,0.9658
11,Train,PF1,3,Bibionomorpha,0.9577,0.97,0.9638
11,Train,PF1,4,Cucujiformia,0.9801,0.9681,0.974
11,Train,PF1,5,Culicomorpha,0.9909,0.976,0.9834
11,Train,PF1,6,Epidermaptera,0.8966,0.8868,0.8917
11,Train,PF1,7,Heterocera,0.9789,0.8971,0.9362
11,Train,PF1,8,Muscomorpha,0.9656,0.9799,0.9727
11,Train,PF1,9,Parasitica,0.9222,0.8409,0.8797
11,Train,PF1,10,Pentatomomorpha,0.9695,0.8426,0.9016
11,Train,PF1,11,Plenitentoria,0.9827,0.9883,0.9855
11,Train,PF1,12,Rhopalocera,0.9228,0.928,0.9254
11,Train,PF1,13,lacewing,0.9119,0.9906,0.9496
11,Train,PF1,14,saw_fly,0.9313,0.9085,0.9198
11,Train,Leaf Class (Softmax),0,Ichneumonoidea,0.9099,0.8656,0.8872
11,Train,Leaf Class (Softmax),1,Muscoidea,0.6965,0.6451,0.6698
11,Train,Leaf Class (Softmax),2,ant,0.9593,0.974,0.9666
11,Train,Leaf Class (Softmax),3,ant_beetle,0.973,0.9719,0.9725
11,Train,Leaf Class (Softmax),4,bug,0.9455,0.8996,0.922
11,Train,Leaf Class (Softmax),5,butterfly,0.9526,0.9272,0.9397
11,Train,Leaf Class (Softmax),6,caddisfly,0.9898,0.9898,0.9898
11,Train,Leaf Class (Softmax),7,dance_fly,0.8991,0.9123,0.9056
11,Train,Leaf Class (Softmax),8,earwig,0.925,0.9178,0.9214
11,Train,Leaf Class (Softmax),9,fever_fly,0.966,0.9732,0.9696
11,Train,Leaf Class (Softmax),10,flesh_fly,0.9089,0.8953,0.9021
11,Train,Leaf Class (Softmax),11,fly,0.6397,0.698,0.6676
11,Train,Leaf Class (Softmax),12,fruit_fly,0.9513,0.9531,0.9522
11,Train,Leaf Class (Softmax),13,hoverfly,0.9477,0.95,0.9488
11,Train,Leaf Class (Softmax),14,ladybug,0.9746,0.9756,0.9751
11,Train,Leaf Class (Softmax),15,leaf_beetle,0.9743,0.9802,0.9772
11,Train,Leaf Class (Softmax),16,midge,0.987,0.9836,0.9853
11,Train,Leaf Class (Softmax),17,moth,0.9597,0.9505,0.9551
11,Train,Leaf Class (Softmax),18,robber_fly,0.9756,0.9754,0.9755
11,Train,Leaf Class (Softmax),19,spider,0.9446,0.9691,0.9567
11,Train,Leaf Class (Softmax),20,wasp,0.8605,0.7732,0.8145
11,Train,Leaf Class (Softmax),21,weevil,0.972,0.9765,0.9743
11,Train,Leaf Class (Sigmoid),0,Ichneumonoidea,0.824,0.8957,0.8584
11,Train,Leaf Class (Sigmoid),1,Muscoidea,0.5314,0.8999,0.6682
11,Train,Leaf Class (Sigmoid),2,ant,0.9648,0.9671,0.9659
11,Train,Leaf Class (Sigmoid),3,ant_beetle,0.9652,0.9652,0.9652
11,Train,Leaf Class (Sigmoid),4,bug,0.9669,0.8579,0.9091
11,Train,Leaf Class (Sigmoid),5,butterfly,0.9811,0.8843,0.9302
11,Train,Leaf Class (Sigmoid),6,caddisfly,0.9834,0.9868,0.9851
11,Train,Leaf Class (Sigmoid),7,dance_fly,0.9453,0.8092,0.872
11,Train,Leaf Class (Sigmoid),8,earwig,0.9549,0.8705,0.9108
11,Train,Leaf Class (Sigmoid),9,fever_fly,0.9716,0.9647,0.9681
11,Train,Leaf Class (Sigmoid),10,flesh_fly,0.8804,0.9068,0.8934
11,Train,Leaf Class (Sigmoid),11,fly,0.7805,0.2278,0.3527
11,Train,Leaf Class (Sigmoid),12,fruit_fly,0.9283,0.9626,0.9451
11,Train,Leaf Class (Sigmoid),13,hoverfly,0.9558,0.9436,0.9496
11,Train,Leaf Class (Sigmoid),14,ladybug,0.9558,0.9802,0.9679
11,Train,Leaf Class (Sigmoid),15,leaf_beetle,0.9581,0.9825,0.9701
11,Train,Leaf Class (Sigmoid),16,midge,0.993,0.9745,0.9837
11,Train,Leaf Class (Sigmoid),17,moth,0.979,0.9254,0.9514
11,Train,Leaf Class (Sigmoid),18,robber_fly,0.9642,0.9801,0.9721
11,Train,Leaf Class (Sigmoid),19,spider,0.9364,0.9626,0.9493
11,Train,Leaf Class (Sigmoid),20,wasp,0.8419,0.7505,0.7936
11,Train,Leaf Class (Sigmoid),21,weevil,0.9759,0.9665,0.9712
11,Test,PF4,0,Arachnida,0.6099,0.8789,0.7201
11,Test,PF4,1,Insecta,0.9972,0.987,0.9921
11,Test,PF3,0,Araneae,0.6792,0.8758,0.7651
11,Test,PF3,1,Coleoptera,0.8598,0.7793,0.8176
11,Test,PF3,2,Dermaptera,0.8764,0.2281,0.3619
11,Test,PF3,3,Diptera,0.9073,0.9411,0.9239
11,Test,PF3,4,Hemiptera,0.9722,0.6726,0.7951
11,Test,PF3,5,Hymenoptera,0.7817,0.7275,0.7536
11,Test,PF3,6,Lepidoptera,0.6647,0.5131,0.5791
11,Test,PF3,7,Mecoptera,0.2973,0.2529,0.2733
11,Test,PF3,8,Neuroptera,0.3519,0.4202,0.383
11,Test,PF3,9,Orthoptera,0.6033,0.9615,0.7414
11,Test,PF3,10,Trichoptera,0.965,0.8203,0.8868
11,Test,PF2,0,Apocrita,0.7772,0.7246,0.75
11,Test,PF2,1,Arneomorphae,0.6986,0.8758,0.7772
11,Test,PF2,2,Brachycera,0.8658,0.9411,0.9019
11,Test,PF2,3,Forficulina,0.8906,0.1667,0.2808
11,Test,PF2,4,Glossata,0.7732,0.5119,0.616
11,Test,PF2,5,Hemerobiiformia,0.3823,0.2964,0.3339
11,Test,PF2,6,Heteroptera,0.9736,0.6541,0.7825
11,Test,PF2,7,Integripalpia,0.9862,0.8336,0.9035
11,Test,PF2,8,Nematocera,0.9753,0.9396,0.9571
11,Test,PF2,9,Polyphaga,0.9062,0.7717,0.8336
11,Test,PF2,10,Symphyta,0.9655,0.626,0.7596
11,Test,PF2,11,grasshopper,0.4887,0.9868,0.6536
11,Test,PF2,12,scorpion_fly,0.2508,0.096,0.1388
11,Test,PF1,0,Aculeata,0.7996,0.833,0.816
11,Test,PF1,1,Araneomorphae,0.687,0.8746,0.7695
11,Test,PF1,2,Asilomorpha,0.8632,0.7558,0.8059
11,Test,PF1,3,Bibionomorpha,0.9845,0.8103,0.889
11,Test,PF1,4,Cucujiformia,0.9036,0.7774,0.8357
11,Test,PF1,5,Culicomorpha,0.9652,0.9788,0.9719
11,Test,PF1,6,Epidermaptera,0.9082,0.1832,0.3049
11,Test,PF1,7,Heterocera,0.7015,0.4325,0.5351
11,Test,PF1,8,Muscomorpha,0.7758,0.9405,0.8502
11,Test,PF1,9,Parasitica,0.5209,0.5022,0.5114
11,Test,PF1,10,Pentatomomorpha,0.9756,0.6456,0.777
11,Test,PF1,11,Plenitentoria,0.9238,0.8366,0.8781
11,Test,PF1,12,Rhopalocera,0.6469,0.9655,0.7747
11,Test,PF1,13,lacewing,0.4544,0.5855,0.5117
11,Test,PF1,14,saw_fly,0.9736,0.5905,0.7351
11,Test,Leaf Class (Softmax),0,Ichneumonoidea,0.4112,0.6435,0.5017
11,Test,Leaf Class (Softmax),1,Muscoidea,0.3616,0.8448,0.5064
11,Test,Leaf Class (Softmax),2,ant,0.818,0.8385,0.8281
11,Test,Leaf Class (Softmax),3,ant_beetle,0.8894,0.8677,0.8784
11,Test,Leaf Class (Softmax),4,bug,0.9854,0.6757,0.8016
11,Test,Leaf Class (Softmax),5,butterfly,0.751,0.9596,0.8426
11,Test,Leaf Class (Softmax),6,caddisfly,0.9766,0.8289,0.8967
11,Test,Leaf Class (Softmax),7,dance_fly,0.9495,0.6308,0.758
11,Test,Leaf Class (Softmax),8,earwig,0.9286,0.1014,0.1828
11,Test,Leaf Class (Softmax),9,fever_fly,0.9921,0.799,0.8851
11,Test,Leaf Class (Softmax),10,flesh_fly,0.6888,0.6412,0.6642
11,Test,Leaf Class (Softmax),11,fly,0.2908,0.1462,0.1946
11,Test,Leaf Class (Softmax),12,fruit_fly,0.7807,0.5893,0.6716
11,Test,Leaf Class (Softmax),13,hoverfly,0.7029,0.8358,0.7636
11,Test,Leaf Class (Softmax),14,ladybug,0.7474,0.907,0.8195
11,Test,Leaf Class (Softmax),15,leaf_beetle,0.0019,0.0008,0.0011
11,Test,Leaf Class (Softmax),16,midge,0.9699,0.9748,0.9723
11,Test,Leaf Class (Softmax),17,moth,0.7532,0.4882,0.5924
11,Test,Leaf Class (Softmax),18,robber_fly,0.7678,0.8208,0.7934
11,Test,Leaf Class (Softmax),19,spider,0.6582,0.877,0.752
11,Test,Leaf Class (Softmax),20,wasp,0.8577,0.8031,0.8295
11,Test,Leaf Class (Softmax),21,weevil,0.8575,0.76,0.8058
11,Test,Leaf Class (Sigmoid),0,Ichneumonoidea,0.5061,0.5561,0.5299
11,Test,Leaf Class (Sigmoid),1,Muscoidea,0.3884,0.6785,0.494
11,Test,Leaf Class (Sigmoid),2,ant,0.7937,0.8242,0.8087
11,Test,Leaf Class (Sigmoid),3,ant_beetle,0.9106,0.881,0.8956
11,Test,Leaf Class (Sigmoid),4,bug,0.9745,0.678,0.7996
11,Test,Leaf Class (Sigmoid),5,butterfly,0.6635,0.9695,0.7878
11,Test,Leaf Class (Sigmoid),6,caddisfly,0.9852,0.8323,0.9023
11,Test,Leaf Class (Sigmoid),7,dance_fly,0.9167,0.6629,0.7694
11,Test,Leaf Class (Sigmoid),8,earwig,0.9268,0.1852,0.3087
11,Test,Leaf Class (Sigmoid),9,fever_fly,0.9933,0.8386,0.9094
11,Test,Leaf Class (Sigmoid),10,flesh_fly,0.735,0.6478,0.6886
11,Test,Leaf Class (Sigmoid),11,fly,0.3244,0.3838,0.3516
11,Test,Leaf Class (Sigmoid),12,fruit_fly,0.8424,0.576,0.6842
11,Test,Leaf Class (Sigmoid),13,hoverfly,0.6681,0.8398,0.7441
11,Test,Leaf Class (Sigmoid),14,ladybug,0.8972,0.901,0.8991
11,Test,Leaf Class (Sigmoid),15,leaf_beetle,0.0021,0.0008,0.0011
11,Test,Leaf Class (Sigmoid),16,midge,0.9668,0.9832,0.975
11,Test,Leaf Class (Sigmoid),17,moth,0.7707,0.6965,0.7317
11,Test,Leaf Class (Sigmoid),18,robber_fly,0.877,0.7738,0.8222
11,Test,Leaf Class (Sigmoid),19,spider,0.6521,0.8764,0.7478
11,Test,Leaf Class (Sigmoid),20,wasp,0.8494,0.8266,0.8379
11,Test,Leaf Class (Sigmoid),21,weevil,0.8419,0.763,0.8005
12,Train,PF4,0,Arachnida,0.8747,0.979,0.9239
12,Train,PF4,1,Insecta,0.9998,0.9988,0.9993
12,Train,PF3,0,Araneae,0.9528,0.9261,0.9393
12,Train,PF3,1,Coleoptera,0.9705,0.9717,0.9711
12,Train,PF3,2,Dermaptera,0.8264,0.9186,0.87
12,Train,PF3,3,Diptera,0.9813,0.9746,0.978
12,Train,PF3,4,Hemiptera,0.9707,0.8421,0.9018
12,Train,PF3,5,Hymenoptera,0.9556,0.9406,0.9481
12,Train,PF3,6,Lepidoptera,0.9619,0.8891,0.9241
12,Train,PF3,7,Mecoptera,0.6064,0.2239,0.3271
12,Train,PF3,8,Neuroptera,0.9334,0.9825,0.9573
12,Train,PF3,9,Orthoptera,0.7966,0.9851,0.8809
12,Train,PF3,10,Trichoptera,0.9903,0.9663,0.9782
12,Train,PF2,0,Apocrita,0.9741,0.9336,0.9534
12,Train,PF2,1,Arneomorphae,0.9639,0.7325,0.8324
12,Train,PF2,2,Brachycera,0.9776,0.9759,0.9767
12,Train,PF2,3,Forficulina,0.8817,0.907,0.8942
12,Train,PF2,4,Glossata,0.9752,0.7726,0.8622
12,Train,PF2,5,Hemerobiiformia,0.9543,0.9757,0.9649
12,Train,PF2,6,Heteroptera,0.9618,0.8511,0.9031
12,Train,PF2,7,Integripalpia,0.9937,0.9569,0.9749
12,Train,PF2,8,Nematocera,0.9812,0.9576,0.9692
12,Train,PF2,9,Polyphaga,0.9801,0.9627,0.9713
12,Train,PF2,10,Symphyta,0.9101,0.9213,0.9157
12,Train,PF2,11,grasshopper,0.6721,0.9912,0.801
12,Train,PF2,12,scorpion_fly,0.4979,0.0965,0.1617
12,Train,PF1,0,Aculeata,0.9657,0.949,0.9573
12,Train,PF1,1,Araneomorphae,0.9521,0.9611,0.9565
12,Train,PF1,2,Asilomorpha,0.9654,0.972,0.9687
12,Train,PF1,3,Bibionomorpha,0.9627,0.9668,0.9647
12,Train,PF1,4,Cucujiformia,0.9824,0.9724,0.9774
12,Train,PF1,5,Culicomorpha,0.9934,0.981,0.9872
12,Train,PF1,6,Epidermaptera,0.9143,0.9093,0.9118
12,Train,PF1,7,Heterocera,0.9787,0.9092,0.9426
12,Train,PF1,8,Muscomorpha,0.9679,0.9824,0.9751
12,Train,PF1,9,Parasitica,0.9291,0.8594,0.8929
12,Train,PF1,10,Pentatomomorpha,0.971,0.8505,0.9068
12,Train,PF1,11,Plenitentoria,0.9894,0.9879,0.9886
12,Train,PF1,12,Rhopalocera,0.9343,0.9312,0.9327
12,Train,PF1,13,lacewing,0.9253,0.9911,0.9571
12,Train,PF1,14,saw_fly,0.9358,0.9164,0.926
12,Train,Leaf Class (Softmax),0,Ichneumonoidea,0.9203,0.8899,0.9049
12,Train,Leaf Class (Softmax),1,Muscoidea,0.7133,0.6656,0.6886
12,Train,Leaf Class (Softmax),2,ant,0.9651,0.9777,0.9714
12,Train,Leaf Class (Softmax),3,ant_beetle,0.9728,0.9783,0.9755
12,Train,Leaf Class (Softmax),4,bug,0.9428,0.9024,0.9222
12,Train,Leaf Class (Softmax),5,butterfly,0.9556,0.9409,0.9482
12,Train,Leaf Class (Softmax),6,caddisfly,0.9917,0.9902,0.9909
12,Train,Leaf Class (Softmax),7,dance_fly,0.9156,0.9076,0.9116
12,Train,Leaf Class (Softmax),8,earwig,0.925,0.9271,0.9261
12,Train,Leaf Class (Softmax),9,fever_fly,0.967,0.9725,0.9698
12,Train,Leaf Class (Softmax),10,flesh_fly,0.9153,0.9013,0.9083
12,Train,Leaf Class (Softmax),11,fly,0.6587,0.7138,0.6851
12,Train,Leaf Class (Softmax),12,fruit_fly,0.9569,0.9569,0.9569
12,Train,Leaf Class (Softmax),13,hoverfly,0.9512,0.9578,0.9545
12,Train,Leaf Class (Softmax),14,ladybug,0.9772,0.9782,0.9777
12,Train,Leaf Class (Softmax),15,leaf_beetle,0.9786,0.9842,0.9814
12,Train,Leaf Class (Softmax),16,midge,0.9903,0.9873,0.9888
12,Train,Leaf Class (Softmax),17,moth,0.9638,0.9557,0.9597
12,Train,Leaf Class (Softmax),18,robber_fly,0.9797,0.9778,0.9787
12,Train,Leaf Class (Softmax),19,spider,0.9544,0.9721,0.9632
12,Train,Leaf Class (Softmax),20,wasp,0.8719,0.7871,0.8273
12,Train,Leaf Class (Softmax),21,weevil,0.978,0.9797,0.9789
12,Train,Leaf Class (Sigmoid),0,Ichneumonoidea,0.8608,0.9101,0.8848
12,Train,Leaf Class (Sigmoid),1,Muscoidea,0.5428,0.9048,0.6785
12,Train,Leaf Class (Sigmoid),2,ant,0.9695,0.9725,0.971
12,Train,Leaf Class (Sigmoid),3,ant_beetle,0.9654,0.9723,0.9688
12,Train,Leaf Class (Sigmoid),4,bug,0.9703,0.8652,0.9147
12,Train,Leaf Class (Sigmoid),5,butterfly,0.9866,0.8932,0.9376
12,Train,Leaf Class (Sigmoid),6,caddisfly,0.9883,0.9886,0.9885
12,Train,Leaf Class (Sigmoid),7,dance_fly,0.9459,0.8427,0.8913
12,Train,Leaf Class (Sigmoid),8,earwig,0.9627,0.8814,0.9203
12,Train,Leaf Class (Sigmoid),9,fever_fly,0.9708,0.9618,0.9663
12,Train,Leaf Class (Sigmoid),10,flesh_fly,0.8876,0.9132,0.9002
12,Train,Leaf Class (Sigmoid),11,fly,0.8079,0.2584,0.3916
12,Train,Leaf Class (Sigmoid),12,fruit_fly,0.9388,0.9662,0.9524
12,Train,Leaf Class (Sigmoid),13,hoverfly,0.9576,0.9521,0.9548
12,Train,Leaf Class (Sigmoid),14,ladybug,0.9559,0.9829,0.9692
12,Train,Leaf Class (Sigmoid),15,leaf_beetle,0.9654,0.9857,0.9755
12,Train,Leaf Class (Sigmoid),16,midge,0.9963,0.9777,0.9869
12,Train,Leaf Class (Sigmoid),17,moth,0.9823,0.9329,0.9569
12,Train,Leaf Class (Sigmoid),18,robber_fly,0.9679,0.9811,0.9745
12,Train,Leaf Class (Sigmoid),19,spider,0.9428,0.9701,0.9562
12,Train,Leaf Class (Sigmoid),20,wasp,0.8669,0.7669,0.8138
12,Train,Leaf Class (Sigmoid),21,weevil,0.9817,0.9723,0.9769
12,Test,PF4,0,Arachnida,0.6249,0.8758,0.7294
12,Test,PF4,1,Insecta,0.9971,0.9878,0.9924
12,Test,PF3,0,Araneae,0.6969,0.8649,0.7719
12,Test,PF3,1,Coleoptera,0.8706,0.7865,0.8264
12,Test,PF3,2,Dermaptera,0.7354,0.2329,0.3538
12,Test,PF3,3,Diptera,0.8984,0.9393,0.9184
12,Test,PF3,4,Hemiptera,0.9353,0.6911,0.7949
12,Test,PF3,5,Hymenoptera,0.7769,0.7869,0.7819
12,Test,PF3,6,Lepidoptera,0.7627,0.5251,0.622
12,Test,PF3,7,Mecoptera,0.2938,0.1284,0.1787
12,Test,PF3,8,Neuroptera,0.3843,0.2694,0.3167
12,Test,PF3,9,Orthoptera,0.5451,0.9858,0.702
12,Test,PF3,10,Trichoptera,1.0,0.8129,0.8968
12,Test,PF2,0,Apocrita,0.797,0.8014,0.7992
12,Test,PF2,1,Arneomorphae,0.7339,0.8601,0.792
12,Test,PF2,2,Brachycera,0.8748,0.9337,0.9033
12,Test,PF2,3,Forficulina,0.5714,0.0975,0.1665
12,Test,PF2,4,Glossata,0.8634,0.5178,0.6474
12,Test,PF2,5,Hemerobiiformia,0.4805,0.2241,0.3057
12,Test,PF2,6,Heteroptera,0.925,0.6841,0.7865
12,Test,PF2,7,Integripalpia,1.0,0.8116,0.896
12,Test,PF2,8,Nematocera,0.9558,0.9551,0.9555
12,Test,PF2,9,Polyphaga,0.9074,0.7751,0.836
12,Test,PF2,10,Symphyta,0.9256,0.6982,0.796
12,Test,PF2,11,grasshopper,0.4428,0.9952,0.6129
12,Test,PF2,12,scorpion_fly,0.042,0.0065,0.0112
12,Test,PF1,0,Aculeata,0.7967,0.8475,0.8213
12,Test,PF1,1,Araneomorphae,0.6592,0.8692,0.7497
12,Test,PF1,2,Asilomorpha,0.876,0.7528,0.8097
12,Test,PF1,3,Bibionomorpha,0.9535,0.8698,0.9097
12,Test,PF1,4,Cucujiformia,0.9113,0.7782,0.8395
12,Test,PF1,5,Culicomorpha,0.9266,0.988,0.9563
12,Test,PF1,6,Epidermaptera,0.7211,0.1335,0.2253
12,Test,PF1,7,Heterocera,0.7136,0.4305,0.537
12,Test,PF1,8,Muscomorpha,0.793,0.9307,0.8563
12,Test,PF1,9,Parasitica,0.4646,0.4709,0.4677
12,Test,PF1,10,Pentatomomorpha,0.9138,0.6857,0.7835
12,Test,PF1,11,Plenitentoria,0.9974,0.8216,0.901
12,Test,PF1,12,Rhopalocera,0.7564,0.936,0.8366
12,Test,PF1,13,lacewing,0.3862,0.6105,0.4731
12,Test,PF1,14,saw_fly,0.9087,0.6609,0.7653
12,Test,Leaf Class (Softmax),0,Ichneumonoidea,0.3184,0.6076,0.4179
12,Test,Leaf Class (Softmax),1,Muscoidea,0.3562,0.7882,0.4906
12,Test,Leaf Class (Softmax),2,ant,0.7866,0.789,0.7878
12,Test,Leaf Class (Softmax),3,ant_beetle,0.9485,0.8574,0.9006
12,Test,Leaf Class (Softmax),4,bug,0.9499,0.6864,0.797
12,Test,Leaf Class (Softmax),5,butterfly,0.8414,0.9202,0.8791
12,Test,Leaf Class (Softmax),6,caddisfly,0.9989,0.8181,0.8995
12,Test,Leaf Class (Softmax),7,dance_fly,0.9301,0.6293,0.7507
12,Test,Leaf Class (Softmax),8,earwig,0.74,0.0721,0.1314
12,Test,Leaf Class (Softmax),9,fever_fly,0.9666,0.8408,0.8993
12,Test,Leaf Class (Softmax),10,flesh_fly,0.7911,0.6978,0.7415
12,Test,Leaf Class (Softmax),11,fly,0.327,0.276,0.2993
12,Test,Leaf Class (Softmax),12,fruit_fly,0.8223,0.5705,0.6737
12,Test,Leaf Class (Softmax),13,hoverfly,0.8534,0.751,0.7989
12,Test,Leaf Class (Softmax),14,ladybug,0.8319,0.935,0.8804
12,Test,Leaf Class (Softmax),15,leaf_beetle,0.0545,0.02,0.0292
12,Test,Leaf Class (Softmax),16,midge,0.9615,0.987,0.9741
12,Test,Leaf Class (Softmax),17,moth,0.7644,0.459,0.5736
12,Test,Leaf Class (Softmax),18,robber_fly,0.6315,0.7952,0.704
12,Test,Leaf Class (Softmax),19,spider,0.6296,0.8637,0.7283
12,Test,Leaf Class (Softmax),20,wasp,0.7665,0.858,0.8097
12,Test,Leaf Class (Softmax),21,weevil,0.8024,0.7602,0.7807
12,Test,Leaf Class (Sigmoid),0,Ichneumonoidea,0.4071,0.5897,0.4817
12,Test,Leaf Class (Sigmoid),1,Muscoidea,0.5525,0.2645,0.3577
12,Test,Leaf Class (Sigmoid),2,ant,0.7776,0.8005,0.7889
12,Test,Leaf Class (Sigmoid),3,ant_beetle,0.9613,0.8448,0.8993
12,Test,Leaf Class (Sigmoid),4,bug,0.8629,0.698,0.7717
12,Test,Leaf Class (Sigmoid),5,butterfly,0.8264,0.9379,0.8786
12,Test,Leaf Class (Sigmoid),6,caddisfly,0.999,0.8224,0.9021
12,Test,Leaf Class (Sigmoid),7,dance_fly,0.8814,0.6522,0.7497
12,Test,Leaf Class (Sigmoid),8,earwig,0.7917,0.1296,0.2228
12,Test,Leaf Class (Sigmoid),9,fever_fly,0.9671,0.8726,0.9174
12,Test,Leaf Class (Sigmoid),10,flesh_fly,0.8002,0.736,0.7668
12,Test,Leaf Class (Sigmoid),11,fly,0.3155,0.8372,0.4583
12,Test,Leaf Class (Sigmoid),12,fruit_fly,0.8647,0.5498,0.6722
12,Test,Leaf Class (Sigmoid),13,hoverfly,0.8515,0.7485,0.7967
12,Test,Leaf Class (Sigmoid),14,ladybug,0.8949,0.928,0.9111
12,Test,Leaf Class (Sigmoid),15,leaf_beetle,0.0312,0.0077,0.0123
12,Test,Leaf Class (Sigmoid),16,midge,0.9397,0.9895,0.964
12,Test,Leaf Class (Sigmoid),17,moth,0.7663,0.592,0.668
12,Test,Leaf Class (Sigmoid),18,robber_fly,0.7532,0.7438,0.7484
12,Test,Leaf Class (Sigmoid),19,spider,0.6445,0.8643,0.7384
12,Test,Leaf Class (Sigmoid),20,wasp,0.7199,0.8603,0.7839
12,Test,Leaf Class (Sigmoid),21,weevil,0.7622,0.7682,0.7652
13,Train,PF4,0,Arachnida,0.8813,0.9815,0.9287
13,Train,PF4,1,Insecta,0.9998,0.9989,0.9993
13,Train,PF3,0,Araneae,0.9538,0.9371,0.9454
13,Train,PF3,1,Coleoptera,0.9717,0.9745,0.9731
13,Train,PF3,2,Dermaptera,0.8405,0.9271,0.8817
13,Train,PF3,3,Diptera,0.9824,0.9754,0.9789
13,Train,PF3,4,Hemiptera,0.9703,0.8477,0.9049
13,Train,PF3,5,Hymenoptera,0.9555,0.9446,0.95
13,Train,PF3,6,Lepidoptera,0.9625,0.897,0.9286
13,Train,PF3,7,Mecoptera,0.6674,0.2467,0.3603
13,Train,PF3,8,Neuroptera,0.9362,0.9848,0.9599
13,Train,PF3,9,Orthoptera,0.8075,0.9847,0.8873
13,Train,PF3,10,Trichoptera,0.9918,0.9663,0.9789
13,Train,PF2,0,Apocrita,0.9743,0.9381,0.9559
13,Train,PF2,1,Arneomorphae,0.9721,0.7655,0.8565
13,Train,PF2,2,Brachycera,0.9788,0.9765,0.9777
13,Train,PF2,3,Forficulina,0.8867,0.9163,0.9013
13,Train,PF2,4,Glossata,0.9748,0.7985,0.8779
13,Train,PF2,5,Hemerobiiformia,0.9568,0.9781,0.9674
13,Train,PF2,6,Heteroptera,0.9665,0.8624,0.9115
13,Train,PF2,7,Integripalpia,0.9957,0.9565,0.9757
13,Train,PF2,8,Nematocera,0.9837,0.9608,0.9721
13,Train,PF2,9,Polyphaga,0.9824,0.9663,0.9743
13,Train,PF2,10,Symphyta,0.9071,0.9231,0.915
13,Train,PF2,11,grasshopper,0.6884,0.9924,0.8129
13,Train,PF2,12,scorpion_fly,0.5412,0.0989,0.1673
13,Train,PF1,0,Aculeata,0.9646,0.9505,0.9575
13,Train,PF1,1,Araneomorphae,0.9588,0.9641,0.9614
13,Train,PF1,2,Asilomorpha,0.9688,0.9755,0.9721
13,Train,PF1,3,Bibionomorpha,0.9683,0.9714,0.9699
13,Train,PF1,4,Cucujiformia,0.9844,0.9752,0.9798
13,Train,PF1,5,Culicomorpha,0.9923,0.9836,0.988
13,Train,PF1,6,Epidermaptera,0.9191,0.9163,0.9177
13,Train,PF1,7,Heterocera,0.9802,0.9146,0.9463
13,Train,PF1,8,Muscomorpha,0.9698,0.9831,0.9764
13,Train,PF1,9,Parasitica,0.935,0.8603,0.8961
13,Train,PF1,10,Pentatomomorpha,0.9807,0.8607,0.9168
13,Train,PF1,11,Plenitentoria,0.9894,0.9905,0.99
13,Train,PF1,12,Rhopalocera,0.9196,0.9434,0.9313
13,Train,PF1,13,lacewing,0.9297,0.989,0.9584
13,Train,PF1,14,saw_fly,0.9391,0.9192,0.9291
13,Train,Leaf Class (Softmax),0,Ichneumonoidea,0.9148,0.8854,0.8999
13,Train,Leaf Class (Softmax),1,Muscoidea,0.7173,0.6759,0.696
13,Train,Leaf Class (Softmax),2,ant,0.9684,0.9794,0.9739
13,Train,Leaf Class (Softmax),3,ant_beetle,0.975,0.9764,0.9757
13,Train,Leaf Class (Softmax),4,bug,0.948,0.916,0.9317
13,Train,Leaf Class (Softmax),5,butterfly,0.946,0.9361,0.941
13,Train,Leaf Class (Softmax),6,caddisfly,0.992,0.9902,0.9911
13,Train,Leaf Class (Softmax),7,dance_fly,0.9278,0.921,0.9244
13,Train,Leaf Class (Softmax),8,earwig,0.9423,0.9372,0.9398
13,Train,Leaf Class (Softmax),9,fever_fly,0.9699,0.9764,0.9731
13,Train,Leaf Class (Softmax),10,flesh_fly,0.9188,0.9034,0.911
13,Train,Leaf Class (Softmax),11,fly,0.6695,0.7195,0.6936
13,Train,Leaf Class (Softmax),12,fruit_fly,0.9608,0.9624,0.9616
13,Train,Leaf Class (Softmax),13,hoverfly,0.9576,0.9606,0.9591
13,Train,Leaf Class (Softmax),14,ladybug,0.978,0.9799,0.979
13,Train,Leaf Class (Softmax),15,leaf_beetle,0.9826,0.9848,0.9837
13,Train,Leaf Class (Softmax),16,midge,0.991,0.9886,0.9898
13,Train,Leaf Class (Softmax),17,moth,0.9648,0.9588,0.9618
13,Train,Leaf Class (Softmax),18,robber_fly,0.9802,0.9802,0.9802
13,Train,Leaf Class (Softmax),19,spider,0.9593,0.9765,0.9679
13,Train,Leaf Class (Softmax),20,wasp,0.8791,0.8014,0.8385
13,Train,Leaf Class (Softmax),21,weevil,0.9796,0.9822,0.9809
13,Train,Leaf Class (Sigmoid),0,Ichneumonoidea,0.8585,0.9056,0.8814
13,Train,Leaf Class (Sigmoid),1,Muscoidea,0.5551,0.9033,0.6877
13,Train,Leaf Class (Sigmoid),2,ant,0.9714,0.9742,0.9728
13,Train,Leaf Class (Sigmoid),3,ant_beetle,0.9712,0.9708,0.971
13,Train,Leaf Class (Sigmoid),4,bug,0.9763,0.8816,0.9265
13,Train,Leaf Class (Sigmoid),5,butterfly,0.9778,0.8924,0.9332
13,Train,Leaf Class (Sigmoid),6,caddisfly,0.9902,0.9905,0.9904
13,Train,Leaf Class (Sigmoid),7,dance_fly,0.95,0.8655,0.9058
13,Train,Leaf Class (Sigmoid),8,earwig,0.9531,0.9132,0.9327
13,Train,Leaf Class (Sigmoid),9,fever_fly,0.9751,0.9657,0.9704
13,Train,Leaf Class (Sigmoid),10,flesh_fly,0.8906,0.9132,0.9018
13,Train,Leaf Class (Sigmoid),11,fly,0.8075,0.2963,0.4335
13,Train,Leaf Class (Sigmoid),12,fruit_fly,0.9426,0.968,0.9551
13,Train,Leaf Class (Sigmoid),13,hoverfly,0.963,0.9553,0.9591
13,Train,Leaf Class (Sigmoid),14,ladybug,0.961,0.9846,0.9726
13,Train,Leaf Class (Sigmoid),15,leaf_beetle,0.9684,0.9865,0.9774
13,Train,Leaf Class (Sigmoid),16,midge,0.9963,0.9791,0.9876
13,Train,Leaf Class (Sigmoid),17,moth,0.9833,0.9342,0.9581
13,Train,Leaf Class (Sigmoid),18,robber_fly,0.9717,0.9837,0.9777
13,Train,Leaf Class (Sigmoid),19,spider,0.9478,0.9691,0.9583
13,Train,Leaf Class (Sigmoid),20,wasp,0.8649,0.7674,0.8132
13,Train,Leaf Class (Sigmoid),21,weevil,0.9843,0.9755,0.9799
13,Test,PF4,0,Arachnida,0.5808,0.871,0.6969
13,Test,PF4,1,Insecta,0.997,0.9855,0.9912
13,Test,PF3,0,Araneae,0.6319,0.8631,0.7296
13,Test,PF3,1,Coleoptera,0.8371,0.8118,0.8243
13,Test,PF3,2,Dermaptera,0.7682,0.1647,0.2713
13,Test,PF3,3,Diptera,0.9199,0.9302,0.925
13,Test,PF3,4,Hemiptera,0.9287,0.6926,0.7935
13,Test,PF3,5,Hymenoptera,0.7992,0.7785,0.7887
13,Test,PF3,6,Lepidoptera,0.6888,0.5131,0.5881
13,Test,PF3,7,Mecoptera,0.2121,0.1271,0.159
13,Test,PF3,8,Neuroptera,0.4068,0.3562,0.3798
13,Test,PF3,9,Orthoptera,0.5509,0.9825,0.7059
13,Test,PF3,10,Trichoptera,0.9979,0.8185,0.8994
13,Test,PF2,0,Apocrita,0.7949,0.7933,0.7941
13,Test,PF2,1,Arneomorphae,0.6495,0.8686,0.7432
13,Test,PF2,2,Brachycera,0.8977,0.9302,0.9137
13,Test,PF2,3,Forficulina,0.6759,0.0955,0.1674
13,Test,PF2,4,Glossata,0.8185,0.4971,0.6185
13,Test,PF2,5,Hemerobiiformia,0.4338,0.2454,0.3135
13,Test,PF2,6,Heteroptera,0.9173,0.6926,0.7893
13,Test,PF2,7,Integripalpia,0.9989,0.8151,0.8977
13,Test,PF2,8,Nematocera,0.9646,0.9618,0.9632
13,Test,PF2,9,Polyphaga,0.8726,0.8027,0.8362
13,Test,PF2,10,Symphyta,0.9757,0.6432,0.7753
13,Test,PF2,11,grasshopper,0.4462,0.9935,0.6158
13,Test,PF2,12,scorpion_fly,0.0486,0.0091,0.0153
13,Test,PF1,0,Aculeata,0.8301,0.8501,0.84
13,Test,PF1,1,Araneomorphae,0.6152,0.8667,0.7196
13,Test,PF1,2,Asilomorpha,0.7967,0.7985,0.7976
13,Test,PF1,3,Bibionomorpha,0.9826,0.8769,0.9267
13,Test,PF1,4,Cucujiformia,0.8878,0.8114,0.8479
13,Test,PF1,5,Culicomorpha,0.9391,0.991,0.9644
13,Test,PF1,6,Epidermaptera,0.7833,0.0916,0.164
13,Test,PF1,7,Heterocera,0.6177,0.3858,0.4749
13,Test,PF1,8,Muscomorpha,0.8334,0.912,0.8709
13,Test,PF1,9,Parasitica,0.4535,0.6233,0.525
13,Test,PF1,10,Pentatomomorpha,0.8733,0.6903,0.7711
13,Test,PF1,11,Plenitentoria,0.9974,0.8297,0.9059
13,Test,PF1,12,Rhopalocera,0.6773,0.9448,0.789
13,Test,PF1,13,lacewing,0.3514,0.5757,0.4364
13,Test,PF1,14,saw_fly,0.9742,0.6283,0.7639
13,Test,Leaf Class (Softmax),0,Ichneumonoidea,0.3386,0.7265,0.4619
13,Test,Leaf Class (Softmax),1,Muscoidea,0.3931,0.796,0.5263
13,Test,Leaf Class (Softmax),2,ant,0.8339,0.8885,0.8603
13,Test,Leaf Class (Softmax),3,ant_beetle,0.853,0.952,0.8998
13,Test,Leaf Class (Softmax),4,bug,0.935,0.7096,0.8068
13,Test,Leaf Class (Softmax),5,butterfly,0.785,0.9389,0.8551
13,Test,Leaf Class (Softmax),6,caddisfly,0.9979,0.8194,0.8999
13,Test,Leaf Class (Softmax),7,dance_fly,0.8342,0.7178,0.7716
13,Test,Leaf Class (Softmax),8,earwig,0.7143,0.0439,0.0826
13,Test,Leaf Class (Softmax),9,fever_fly,0.9901,0.8485,0.9139
13,Test,Leaf Class (Softmax),10,flesh_fly,0.8096,0.7228,0.7637
13,Test,Leaf Class (Softmax),11,fly,0.3261,0.2295,0.2694
13,Test,Leaf Class (Softmax),12,fruit_fly,0.8355,0.575,0.6812
13,Test,Leaf Class (Softmax),13,hoverfly,0.8586,0.7405,0.7952
13,Test,Leaf Class (Softmax),14,ladybug,0.709,0.915,0.799
13,Test,Leaf Class (Softmax),15,leaf_beetle,0.1868,0.0523,0.0817
13,Test,Leaf Class (Softmax),16,midge,0.9611,0.9888,0.9747
13,Test,Leaf Class (Softmax),17,moth,0.7331,0.454,0.5608
13,Test,Leaf Class (Softmax),18,robber_fly,0.6415,0.847,0.7301
13,Test,Leaf Class (Softmax),19,spider,0.6018,0.8789,0.7144
13,Test,Leaf Class (Softmax),20,wasp,0.8446,0.7865,0.8145
13,Test,Leaf Class (Softmax),21,weevil,0.8524,0.7565,0.8016
13,Test,Leaf Class (Sigmoid),0,Ichneumonoidea,0.3494,0.6816,0.462
13,Test,Leaf Class (Sigmoid),1,Muscoidea,0.4386,0.517,0.4746
13,Test,Leaf Class (Sigmoid),2,ant,0.823,0.8905,0.8554
13,Test,Leaf Class (Sigmoid),3,ant_beetle,0.8776,0.949,0.9119
13,Test,Leaf Class (Sigmoid),4,bug,0.8908,0.7103,0.7904
13,Test,Leaf Class (Sigmoid),5,butterfly,0.7525,0.9468,0.8386
13,Test,Leaf Class (Sigmoid),6,caddisfly,0.9984,0.8207,0.9009
13,Test,Leaf Class (Sigmoid),7,dance_fly,0.7662,0.73,0.7477
13,Test,Leaf Class (Sigmoid),8,earwig,0.7708,0.0721,0.1319
13,Test,Leaf Class (Sigmoid),9,fever_fly,0.9857,0.879,0.9293
13,Test,Leaf Class (Sigmoid),10,flesh_fly,0.871,0.6802,0.7639
13,Test,Leaf Class (Sigmoid),11,fly,0.3429,0.574,0.4294
13,Test,Leaf Class (Sigmoid),12,fruit_fly,0.8876,0.5568,0.6843
13,Test,Leaf Class (Sigmoid),13,hoverfly,0.8147,0.73,0.77
13,Test,Leaf Class (Sigmoid),14,ladybug,0.7803,0.9172,0.8433
13,Test,Leaf Class (Sigmoid),15,leaf_beetle,0.1952,0.0438,0.0716
13,Test,Leaf Class (Sigmoid),16,midge,0.9131,0.9925,0.9511
13,Test,Leaf Class (Sigmoid),17,moth,0.7268,0.5672,0.6372
13,Test,Leaf Class (Sigmoid),18,robber_fly,0.6966,0.8255,0.7556
13,Test,Leaf Class (Sigmoid),19,spider,0.6054,0.8783,0.7168
13,Test,Leaf Class (Sigmoid),20,wasp,0.893,0.7769,0.8309
13,Test,Leaf Class (Sigmoid),21,weevil,0.827,0.766,0.7953
14,Train,PF4,0,Arachnida,0.8769,0.981,0.926
14,Train,PF4,1,Insecta,0.9998,0.9988,0.9993
14,Train,PF3,0,Araneae,0.9544,0.9391,0.9467
14,Train,PF3,1,Coleoptera,0.9733,0.9759,0.9746
14,Train,PF3,2,Dermaptera,0.8481,0.9302,0.8872
14,Train,PF3,3,Diptera,0.9831,0.9768,0.98
14,Train,PF3,4,Hemiptera,0.9726,0.8624,0.9142
14,Train,PF3,5,Hymenoptera,0.9578,0.9463,0.952
14,Train,PF3,6,Lepidoptera,0.9676,0.9013,0.9333
14,Train,PF3,7,Mecoptera,0.6247,0.2203,0.3257
14,Train,PF3,8,Neuroptera,0.9404,0.9855,0.9624
14,Train,PF3,9,Orthoptera,0.8101,0.9873,0.89
14,Train,PF3,10,Trichoptera,0.9904,0.9731,0.9817
14,Train,PF2,0,Apocrita,0.9763,0.9412,0.9584
14,Train,PF2,1,Arneomorphae,0.9784,0.8124,0.8877
14,Train,PF2,2,Brachycera,0.9799,0.9785,0.9792
14,Train,PF2,3,Forficulina,0.8921,0.9101,0.901
14,Train,PF2,4,Glossata,0.9797,0.8173,0.8912
14,Train,PF2,5,Hemerobiiformia,0.9567,0.9799,0.9682
14,Train,PF2,6,Heteroptera,0.9678,0.8827,0.9233
14,Train,PF2,7,Integripalpia,0.9957,0.961,0.978
14,Train,PF2,8,Nematocera,0.9849,0.9618,0.9732
14,Train,PF2,9,Polyphaga,0.9817,0.9682,0.9749
14,Train,PF2,10,Symphyta,0.9079,0.922,0.9149
14,Train,PF2,11,grasshopper,0.7055,0.9927,0.8248
14,Train,PF2,12,scorpion_fly,0.5226,0.0896,0.1529
14,Train,PF1,0,Aculeata,0.9679,0.9537,0.9607
14,Train,PF1,1,Araneomorphae,0.961,0.9596,0.9603
14,Train,PF1,2,Asilomorpha,0.9702,0.9759,0.973
14,Train,PF1,3,Bibionomorpha,0.9695,0.9764,0.973
14,Train,PF1,4,Cucujiformia,0.9829,0.9753,0.9791
14,Train,PF1,5,Culicomorpha,0.9921,0.9808,0.9864
14,Train,PF1,6,Epidermaptera,0.9172,0.9186,0.9179
14,Train,PF1,7,Heterocera,0.9815,0.9183,0.9489
14,Train,PF1,8,Muscomorpha,0.9716,0.9841,0.9778
14,Train,PF1,9,Parasitica,0.9424,0.8768,0.9084
14,Train,PF1,10,Pentatomomorpha,0.9793,0.881,0.9276
14,Train,PF1,11,Plenitentoria,0.9883,0.9902,0.9892
14,Train,PF1,12,Rhopalocera,0.9376,0.9353,0.9364
14,Train,PF1,13,lacewing,0.9357,0.9917,0.9629
14,Train,PF1,14,saw_fly,0.9358,0.921,0.9284
14,Train,Leaf Class (Softmax),0,Ichneumonoidea,0.9294,0.8957,0.9123
14,Train,Leaf Class (Softmax),1,Muscoidea,0.7283,0.6796,0.7031
14,Train,Leaf Class (Softmax),2,ant,0.9689,0.9804,0.9746
14,Train,Leaf Class (Softmax),3,ant_beetle,0.9757,0.9779,0.9768
14,Train,Leaf Class (Softmax),4,bug,0.9472,0.9318,0.9394
14,Train,Leaf Class (Softmax),5,butterfly,0.9541,0.9417,0.9479
14,Train,Leaf Class (Softmax),6,caddisfly,0.9932,0.992,0.9926
14,Train,Leaf Class (Softmax),7,dance_fly,0.9238,0.917,0.9204
14,Train,Leaf Class (Softmax),8,earwig,0.946,0.9372,0.9416
14,Train,Leaf Class (Softmax),9,fever_fly,0.9709,0.9764,0.9737
14,Train,Leaf Class (Softmax),10,flesh_fly,0.9184,0.9104,0.9144
14,Train,Leaf Class (Softmax),11,fly,0.6757,0.7281,0.7009
14,Train,Leaf Class (Softmax),12,fruit_fly,0.962,0.9651,0.9635
14,Train,Leaf Class (Softmax),13,hoverfly,0.9595,0.9616,0.9606
14,Train,Leaf Class (Softmax),14,ladybug,0.979,0.9803,0.9796
14,Train,Leaf Class (Softmax),15,leaf_beetle,0.9808,0.9843,0.9825
14,Train,Leaf Class (Softmax),16,midge,0.9899,0.9876,0.9888
14,Train,Leaf Class (Softmax),17,moth,0.9672,0.961,0.9641
14,Train,Leaf Class (Softmax),18,robber_fly,0.9814,0.9792,0.9803
14,Train,Leaf Class (Softmax),19,spider,0.9606,0.9731,0.9668
14,Train,Leaf Class (Softmax),20,wasp,0.8853,0.8153,0.8489
14,Train,Leaf Class (Softmax),21,weevil,0.979,0.981,0.98
14,Train,Leaf Class (Sigmoid),0,Ichneumonoidea,0.8802,0.9176,0.8985
14,Train,Leaf Class (Sigmoid),1,Muscoidea,0.5729,0.8946,0.6985
14,Train,Leaf Class (Sigmoid),2,ant,0.9731,0.9753,0.9742
14,Train,Leaf Class (Sigmoid),3,ant_beetle,0.9745,0.9738,0.9742
14,Train,Leaf Class (Sigmoid),4,bug,0.9743,0.8968,0.9339
14,Train,Leaf Class (Sigmoid),5,butterfly,0.9747,0.9029,0.9374
14,Train,Leaf Class (Sigmoid),6,caddisfly,0.9902,0.9905,0.9903
14,Train,Leaf Class (Sigmoid),7,dance_fly,0.9538,0.8701,0.91
14,Train,Leaf Class (Sigmoid),8,earwig,0.9577,0.8953,0.9255
14,Train,Leaf Class (Sigmoid),9,fever_fly,0.9752,0.9686,0.9719
14,Train,Leaf Class (Sigmoid),10,flesh_fly,0.8947,0.921,0.9076
14,Train,Leaf Class (Sigmoid),11,fly,0.8086,0.3491,0.4877
14,Train,Leaf Class (Sigmoid),12,fruit_fly,0.9483,0.9716,0.9598
14,Train,Leaf Class (Sigmoid),13,hoverfly,0.9629,0.956,0.9594
14,Train,Leaf Class (Sigmoid),14,ladybug,0.9618,0.9836,0.9726
14,Train,Leaf Class (Sigmoid),15,leaf_beetle,0.9681,0.9862,0.9771
14,Train,Leaf Class (Sigmoid),16,midge,0.9948,0.9804,0.9875
14,Train,Leaf Class (Sigmoid),17,moth,0.9828,0.9376,0.9597
14,Train,Leaf Class (Sigmoid),18,robber_fly,0.9724,0.9832,0.9778
14,Train,Leaf Class (Sigmoid),19,spider,0.9504,0.9651,0.9577
14,Train,Leaf Class (Sigmoid),20,wasp,0.8734,0.7808,0.8245
14,Train,Leaf Class (Sigmoid),21,weevil,0.9844,0.9742,0.9792
14,Test,PF4,0,Arachnida,0.605,0.8637,0.7116
14,Test,PF4,1,Insecta,0.9968,0.987,0.9919
14,Test,PF3,0,Araneae,0.743,0.8492,0.7925
14,Test,PF3,1,Coleoptera,0.9262,0.7802,0.847
14,Test,PF3,2,Dermaptera,0.87,0.4893,0.6263
14,Test,PF3,3,Diptera,0.9077,0.939,0.9231
14,Test,PF3,4,Hemiptera,0.9674,0.6864,0.8031
14,Test,PF3,5,Hymenoptera,0.7792,0.8158,0.7971
14,Test,PF3,6,Lepidoptera,0.7168,0.545,0.6192
14,Test,PF3,7,Mecoptera,0.3568,0.1777,0.2372
14,Test,PF3,8,Neuroptera,0.4407,0.3885,0.4129
14,Test,PF3,9,Orthoptera,0.5743,0.9818,0.7247
14,Test,PF3,10,Trichoptera,0.9972,0.9315,0.9632
14,Test,PF2,0,Apocrita,0.7684,0.8018,0.7847
14,Test,PF2,1,Arneomorphae,0.7394,0.8577,0.7942
14,Test,PF2,2,Brachycera,0.8857,0.9264,0.9056
14,Test,PF2,3,Forficulina,0.8213,0.3986,0.5367
14,Test,PF2,4,Glossata,0.7956,0.5107,0.6221
14,Test,PF2,5,Hemerobiiformia,0.575,0.3229,0.4136
14,Test,PF2,6,Heteroptera,0.9362,0.6895,0.7941
14,Test,PF2,7,Integripalpia,0.9978,0.7707,0.8696
14,Test,PF2,8,Nematocera,0.891,0.9403,0.915
14,Test,PF2,9,Polyphaga,0.9442,0.7713,0.849
14,Test,PF2,10,Symphyta,0.8989,0.7789,0.8346
14,Test,PF2,11,grasshopper,0.4714,0.9958,0.6399
14,Test,PF2,12,scorpion_fly,0.021,0.0091,0.0127
14,Test,PF1,0,Aculeata,0.812,0.8376,0.8246
14,Test,PF1,1,Araneomorphae,0.6826,0.8649,0.763
14,Test,PF1,2,Asilomorpha,0.7672,0.7733,0.7703
14,Test,PF1,3,Bibionomorpha,0.9938,0.799,0.8858
14,Test,PF1,4,Cucujiformia,0.936,0.7839,0.8532
14,Test,PF1,5,Culicomorpha,0.8861,0.992,0.9361
14,Test,PF1,6,Epidermaptera,0.7966,0.2749,0.4087
14,Test,PF1,7,Heterocera,0.6811,0.4842,0.566
14,Test,PF1,8,Muscomorpha,0.8302,0.8983,0.8629
14,Test,PF1,9,Parasitica,0.353,0.6435,0.4559
14,Test,PF1,10,Pentatomomorpha,0.9322,0.688,0.7917
14,Test,PF1,11,Plenitentoria,0.9893,0.9151,0.9507
14,Test,PF1,12,Rhopalocera,0.8115,0.9202,0.8624
14,Test,PF1,13,lacewing,0.3899,0.6443,0.4858
14,Test,PF1,14,saw_fly,0.8898,0.7772,0.8297
14,Test,Leaf Class (Softmax),0,Ichneumonoidea,0.2931,0.7085,0.4147
14,Test,Leaf Class (Softmax),1,Muscoidea,0.3821,0.7385,0.5036
14,Test,Leaf Class (Softmax),2,ant,0.8547,0.7118,0.7767
14,Test,Leaf Class (Softmax),3,ant_beetle,0.9016,0.9342,0.9176
14,Test,Leaf Class (Softmax),4,bug,0.9429,0.7003,0.8037
14,Test,Leaf Class (Softmax),5,butterfly,0.9263,0.9044,0.9153
14,Test,Leaf Class (Softmax),6,caddisfly,0.9945,0.9315,0.9619
14,Test,Leaf Class (Softmax),7,dance_fly,0.9384,0.6156,0.7434
14,Test,Leaf Class (Softmax),8,earwig,0.8458,0.1657,0.2771
14,Test,Leaf Class (Softmax),9,fever_fly,0.9991,0.7573,0.8615
14,Test,Leaf Class (Softmax),10,flesh_fly,0.7908,0.6218,0.6962
14,Test,Leaf Class (Softmax),11,fly,0.3964,0.34,0.366
14,Test,Leaf Class (Softmax),12,fruit_fly,0.8504,0.5785,0.6886
14,Test,Leaf Class (Softmax),13,hoverfly,0.824,0.7725,0.7974
14,Test,Leaf Class (Softmax),14,ladybug,0.7985,0.9035,0.8478
14,Test,Leaf Class (Softmax),15,leaf_beetle,0.0515,0.0208,0.0296
14,Test,Leaf Class (Softmax),16,midge,0.9142,0.9915,0.9513
14,Test,Leaf Class (Softmax),17,moth,0.781,0.632,0.6986
14,Test,Leaf Class (Softmax),18,robber_fly,0.6259,0.8338,0.7151
14,Test,Leaf Class (Softmax),19,spider,0.6381,0.8734,0.7374
14,Test,Leaf Class (Softmax),20,wasp,0.6824,0.8529,0.7582
14,Test,Leaf Class (Softmax),21,weevil,0.8711,0.7688,0.8167
14,Test,Leaf Class (Sigmoid),0,Ichneumonoidea,0.3679,0.6368,0.4663
14,Test,Leaf Class (Sigmoid),1,Muscoidea,0.3982,0.4358,0.4161
14,Test,Leaf Class (Sigmoid),2,ant,0.826,0.7225,0.7708
14,Test,Leaf Class (Sigmoid),3,ant_beetle,0.9223,0.9298,0.926
14,Test,Leaf Class (Sigmoid),4,bug,0.9044,0.7072,0.7938
14,Test,Leaf Class (Sigmoid),5,butterfly,0.8886,0.9192,0.9036
14,Test,Leaf Class (Sigmoid),6,caddisfly,0.9976,0.8802,0.9352
14,Test,Leaf Class (Sigmoid),7,dance_fly,0.9156,0.6537,0.7628
14,Test,Leaf Class (Sigmoid),8,earwig,0.84,0.307,0.4497
14,Test,Leaf Class (Sigmoid),9,fever_fly,0.9982,0.782,0.877
14,Test,Leaf Class (Sigmoid),10,flesh_fly,0.8735,0.6005,0.7117
14,Test,Leaf Class (Sigmoid),11,fly,0.3695,0.6298,0.4657
14,Test,Leaf Class (Sigmoid),12,fruit_fly,0.8915,0.5545,0.6837
14,Test,Leaf Class (Sigmoid),13,hoverfly,0.767,0.7488,0.7577
14,Test,Leaf Class (Sigmoid),14,ladybug,0.9594,0.8862,0.9214
14,Test,Leaf Class (Sigmoid),15,leaf_beetle,0.079,0.0246,0.0375
14,Test,Leaf Class (Sigmoid),16,midge,0.8721,0.9925,0.9284
14,Test,Leaf Class (Sigmoid),17,moth,0.7423,0.9312,0.8261
14,Test,Leaf Class (Sigmoid),18,robber_fly,0.7702,0.8312,0.7996
14,Test,Leaf Class (Sigmoid),19,spider,0.6744,0.8631,0.7572
14,Test,Leaf Class (Sigmoid),20,wasp,0.6241,0.8612,0.7238
14,Test,Leaf Class (Sigmoid),21,weevil,0.8401,0.7788,0.8083
15,Train,PF4,0,Arachnida,0.8885,0.982,0.9329
15,Train,PF4,1,Insecta,0.9998,0.9989,0.9994
15,Train,PF3,0,Araneae,0.9547,0.9356,0.9451
15,Train,PF3,1,Coleoptera,0.9747,0.9763,0.9755
15,Train,PF3,2,Dermaptera,0.8441,0.9403,0.8896
15,Train,PF3,3,Diptera,0.9829,0.9775,0.9802
15,Train,PF3,4,Hemiptera,0.9718,0.855,0.9097
15,Train,PF3,5,Hymenoptera,0.9583,0.9478,0.953
15,Train,PF3,6,Lepidoptera,0.9658,0.906,0.935
15,Train,PF3,7,Mecoptera,0.693,0.2288,0.344
15,Train,PF3,8,Neuroptera,0.9478,0.9861,0.9666
15,Train,PF3,9,Orthoptera,0.8124,0.9859,0.8908
15,Train,PF3,10,Trichoptera,0.9896,0.9762,0.9829
15,Train,PF2,0,Apocrita,0.9771,0.9418,0.9591
15,Train,PF2,1,Arneomorphae,0.9761,0.7954,0.8765
15,Train,PF2,2,Brachycera,0.9796,0.9791,0.9793
15,Train,PF2,3,Forficulina,0.8852,0.9147,0.8997
15,Train,PF2,4,Glossata,0.9765,0.8194,0.8911
15,Train,PF2,5,Hemerobiiformia,0.9596,0.9824,0.9709
15,Train,PF2,6,Heteroptera,0.9706,0.8759,0.9208
15,Train,PF2,7,Integripalpia,0.9953,0.9633,0.979
15,Train,PF2,8,Nematocera,0.9839,0.963,0.9733
15,Train,PF2,9,Polyphaga,0.9834,0.9692,0.9762
15,Train,PF2,10,Symphyta,0.9118,0.9248,0.9183
15,Train,PF2,11,grasshopper,0.7073,0.9921,0.8258
15,Train,PF2,12,scorpion_fly,0.5083,0.0745,0.13
15,Train,PF1,0,Aculeata,0.9688,0.9556,0.9621
15,Train,PF1,1,Araneomorphae,0.9578,0.9626,0.9602
15,Train,PF1,2,Asilomorpha,0.9713,0.978,0.9746
15,Train,PF1,3,Bibionomorpha,0.9691,0.975,0.9721
15,Train,PF1,4,Cucujiformia,0.9845,0.9768,0.9806
15,Train,PF1,5,Culicomorpha,0.9932,0.9795,0.9863
15,Train,PF1,6,Epidermaptera,0.9211,0.9233,0.9222
15,Train,PF1,7,Heterocera,0.983,0.9212,0.9511
15,Train,PF1,8,Muscomorpha,0.9721,0.9842,0.9782
15,Train,PF1,9,Parasitica,0.9398,0.8809,0.9094
15,Train,PF1,10,Pentatomomorpha,0.9791,0.8737,0.9234
15,Train,PF1,11,Plenitentoria,0.9876,0.9932,0.9904
15,Train,PF1,12,Rhopalocera,0.9291,0.9442,0.9366
15,Train,PF1,13,lacewing,0.9407,0.992,0.9657
15,Train,PF1,14,saw_fly,0.9379,0.9225,0.9302
15,Train,Leaf Class (Softmax),0,Ichneumonoidea,0.9269,0.904,0.9153
15,Train,Leaf Class (Softmax),1,Muscoidea,0.7349,0.6916,0.7126
15,Train,Leaf Class (Softmax),2,ant,0.9674,0.9789,0.9731
15,Train,Leaf Class (Softmax),3,ant_beetle,0.978,0.9817,0.9798
15,Train,Leaf Class (Softmax),4,bug,0.9522,0.921,0.9364
15,Train,Leaf Class (Softmax),5,butterfly,0.951,0.9426,0.9468
15,Train,Leaf Class (Softmax),6,caddisfly,0.9909,0.9921,0.9915
15,Train,Leaf Class (Softmax),7,dance_fly,0.9322,0.9297,0.931
15,Train,Leaf Class (Softmax),8,earwig,0.9464,0.945,0.9457
15,Train,Leaf Class (Softmax),9,fever_fly,0.9727,0.9775,0.9751
15,Train,Leaf Class (Softmax),10,flesh_fly,0.9276,0.9155,0.9215
15,Train,Leaf Class (Softmax),11,fly,0.6864,0.7362,0.7104
15,Train,Leaf Class (Softmax),12,fruit_fly,0.9638,0.9651,0.9644
15,Train,Leaf Class (Softmax),13,hoverfly,0.9604,0.9624,0.9614
15,Train,Leaf Class (Softmax),14,ladybug,0.9806,0.9801,0.9803
15,Train,Leaf Class (Softmax),15,leaf_beetle,0.981,0.9843,0.9826
15,Train,Leaf Class (Softmax),16,midge,0.9893,0.9865,0.9879
15,Train,Leaf Class (Softmax),17,moth,0.968,0.9622,0.9651
15,Train,Leaf Class (Softmax),18,robber_fly,0.9824,0.9821,0.9822
15,Train,Leaf Class (Softmax),19,spider,0.9578,0.9731,0.9653
15,Train,Leaf Class (Softmax),20,wasp,0.8862,0.8161,0.8497
15,Train,Leaf Class (Softmax),21,weevil,0.9801,0.9822,0.9811
15,Train,Leaf Class (Sigmoid),0,Ichneumonoidea,0.887,0.9254,0.9058
15,Train,Leaf Class (Sigmoid),1,Muscoidea,0.5865,0.8972,0.7093
15,Train,Leaf Class (Sigmoid),2,ant,0.9722,0.9738,0.973
15,Train,Leaf Class (Sigmoid),3,ant_beetle,0.9772,0.9798,0.9785
15,Train,Leaf Class (Sigmoid),4,bug,0.9734,0.8883,0.9289
15,Train,Leaf Class (Sigmoid),5,butterfly,0.9766,0.9126,0.9435
15,Train,Leaf Class (Sigmoid),6,caddisfly,0.9879,0.9909,0.9894
15,Train,Leaf Class (Sigmoid),7,dance_fly,0.963,0.8896,0.9248
15,Train,Leaf Class (Sigmoid),8,earwig,0.9533,0.9171,0.9348
15,Train,Leaf Class (Sigmoid),9,fever_fly,0.9781,0.9704,0.9742
15,Train,Leaf Class (Sigmoid),10,flesh_fly,0.9055,0.9231,0.9142
15,Train,Leaf Class (Sigmoid),11,fly,0.8134,0.3815,0.5194
15,Train,Leaf Class (Sigmoid),12,fruit_fly,0.9511,0.9716,0.9612
15,Train,Leaf Class (Sigmoid),13,hoverfly,0.9652,0.9591,0.9621
15,Train,Leaf Class (Sigmoid),14,ladybug,0.9634,0.9849,0.9741
15,Train,Leaf Class (Sigmoid),15,leaf_beetle,0.9698,0.9871,0.9784
15,Train,Leaf Class (Sigmoid),16,midge,0.9948,0.9764,0.9855
15,Train,Leaf Class (Sigmoid),17,moth,0.9859,0.9406,0.9627
15,Train,Leaf Class (Sigmoid),18,robber_fly,0.9749,0.9846,0.9797
15,Train,Leaf Class (Sigmoid),19,spider,0.9568,0.9726,0.9646
15,Train,Leaf Class (Sigmoid),20,wasp,0.876,0.7942,0.8331
15,Train,Leaf Class (Sigmoid),21,weevil,0.9823,0.976,0.9791
15,Test,PF4,0,Arachnida,0.5911,0.8783,0.7066
15,Test,PF4,1,Insecta,0.9972,0.9859,0.9915
15,Test,PF3,0,Araneae,0.6639,0.877,0.7557
15,Test,PF3,1,Coleoptera,0.8666,0.8328,0.8494
15,Test,PF3,2,Dermaptera,0.9099,0.2066,0.3368
15,Test,PF3,3,Diptera,0.9182,0.9281,0.9231
15,Test,PF3,4,Hemiptera,0.8086,0.7096,0.7558
15,Test,PF3,5,Hymenoptera,0.8015,0.815,0.8082
15,Test,PF3,6,Lepidoptera,0.758,0.5831,0.6591
15,Test,PF3,7,Mecoptera,0.328,0.1582,0.2135
15,Test,PF3,8,Neuroptera,0.3885,0.3588,0.3731
15,Test,PF3,9,Orthoptera,0.5623,0.96,0.7092
15,Test,PF3,10,Trichoptera,0.9982,0.7332,0.8454
15,Test,PF2,0,Apocrita,0.8242,0.8491,0.8365
15,Test,PF2,1,Arneomorphae,0.678,0.8674,0.7611
15,Test,PF2,2,Brachycera,0.8953,0.9242,0.9095
15,Test,PF2,3,Forficulina,0.8757,0.1442,0.2477
15,Test,PF2,4,Glossata,0.8212,0.5916,0.6878
15,Test,PF2,5,Hemerobiiformia,0.4631,0.2548,0.3287
15,Test,PF2,6,Heteroptera,0.8058,0.7034,0.7511
15,Test,PF2,7,Integripalpia,0.9987,0.6681,0.8006
15,Test,PF2,8,Nematocera,0.9253,0.9198,0.9225
15,Test,PF2,9,Polyphaga,0.9145,0.8209,0.8652
15,Test,PF2,10,Symphyta,0.9579,0.6512,0.7753
15,Test,PF2,11,grasshopper,0.4521,0.9865,0.6201
15,Test,PF2,12,scorpion_fly,0.2622,0.0558,0.092
15,Test,PF1,0,Aculeata,0.8477,0.8878,0.8673
15,Test,PF1,1,Araneomorphae,0.6551,0.8686,0.7469
15,Test,PF1,2,Asilomorpha,0.8738,0.7667,0.8168
15,Test,PF1,3,Bibionomorpha,0.996,0.7084,0.828
15,Test,PF1,4,Cucujiformia,0.9211,0.8234,0.8695
15,Test,PF1,5,Culicomorpha,0.9041,0.9922,0.9461
15,Test,PF1,6,Epidermaptera,0.8944,0.1238,0.2175
15,Test,PF1,7,Heterocera,0.725,0.5168,0.6034
15,Test,PF1,8,Muscomorpha,0.8156,0.9242,0.8665
15,Test,PF1,9,Parasitica,0.5221,0.5561,0.5385
15,Test,PF1,10,Pentatomomorpha,0.7873,0.7042,0.7434
15,Test,PF1,11,Plenitentoria,0.9966,0.7651,0.8656
15,Test,PF1,12,Rhopalocera,0.7152,0.9429,0.8134
15,Test,PF1,13,lacewing,0.3941,0.6511,0.491
15,Test,PF1,14,saw_fly,0.9529,0.6145,0.7472
15,Test,Leaf Class (Softmax),0,Ichneumonoidea,0.4036,0.5964,0.4814
15,Test,Leaf Class (Softmax),1,Muscoidea,0.3806,0.6432,0.4782
15,Test,Leaf Class (Softmax),2,ant,0.8732,0.904,0.8883
15,Test,Leaf Class (Softmax),3,ant_beetle,0.9171,0.9076,0.9123
15,Test,Leaf Class (Softmax),4,bug,0.7901,0.7134,0.7498
15,Test,Leaf Class (Softmax),5,butterfly,0.8405,0.9291,0.8825
15,Test,Leaf Class (Softmax),6,caddisfly,0.9984,0.7983,0.8872
15,Test,Leaf Class (Softmax),7,dance_fly,0.9636,0.6461,0.7735
15,Test,Leaf Class (Softmax),8,earwig,0.9268,0.0741,0.1372
15,Test,Leaf Class (Softmax),9,fever_fly,0.998,0.7006,0.8233
15,Test,Leaf Class (Softmax),10,flesh_fly,0.7848,0.803,0.7938
15,Test,Leaf Class (Softmax),11,fly,0.4274,0.4032,0.415
15,Test,Leaf Class (Softmax),12,fruit_fly,0.7826,0.6255,0.6953
15,Test,Leaf Class (Softmax),13,hoverfly,0.8196,0.7732,0.7957
15,Test,Leaf Class (Softmax),14,ladybug,0.7624,0.934,0.8396
15,Test,Leaf Class (Softmax),15,leaf_beetle,0.0833,0.0215,0.0342
15,Test,Leaf Class (Softmax),16,midge,0.9264,0.9915,0.9579
15,Test,Leaf Class (Softmax),17,moth,0.7976,0.5665,0.6625
15,Test,Leaf Class (Softmax),18,robber_fly,0.6869,0.7995,0.7389
15,Test,Leaf Class (Softmax),19,spider,0.6292,0.8704,0.7304
15,Test,Leaf Class (Softmax),20,wasp,0.7857,0.8621,0.8222
15,Test,Leaf Class (Softmax),21,weevil,0.8108,0.7672,0.7884
15,Test,Leaf Class (Sigmoid),0,Ichneumonoidea,0.4855,0.565,0.5223
15,Test,Leaf Class (Sigmoid),1,Muscoidea,0.4563,0.4122,0.4331
15,Test,Leaf Class (Sigmoid),2,ant,0.8605,0.913,0.886
15,Test,Leaf Class (Sigmoid),3,ant_beetle,0.9227,0.9268,0.9248
15,Test,Leaf Class (Sigmoid),4,bug,0.7168,0.7157,0.7163
15,Test,Leaf Class (Sigmoid),5,butterfly,0.8219,0.9409,0.8774
15,Test,Leaf Class (Sigmoid),6,caddisfly,0.9994,0.7224,0.8386
15,Test,Leaf Class (Sigmoid),7,dance_fly,0.954,0.6644,0.7833
15,Test,Leaf Class (Sigmoid),8,earwig,0.9037,0.1189,0.2102
15,Test,Leaf Class (Sigmoid),9,fever_fly,0.999,0.7254,0.8405
15,Test,Leaf Class (Sigmoid),10,flesh_fly,0.8223,0.783,0.8022
15,Test,Leaf Class (Sigmoid),11,fly,0.3838,0.666,0.4869
15,Test,Leaf Class (Sigmoid),12,fruit_fly,0.8321,0.6035,0.6996
15,Test,Leaf Class (Sigmoid),13,hoverfly,0.8518,0.7672,0.8073
15,Test,Leaf Class (Sigmoid),14,ladybug,0.9145,0.9282,0.9213
15,Test,Leaf Class (Sigmoid),15,leaf_beetle,0.0979,0.0215,0.0353
15,Test,Leaf Class (Sigmoid),16,midge,0.8657,0.993,0.925
15,Test,Leaf Class (Sigmoid),17,moth,0.7677,0.9428,0.8463
15,Test,Leaf Class (Sigmoid),18,robber_fly,0.8946,0.7855,0.8365
15,Test,Leaf Class (Sigmoid),19,spider,0.6226,0.8752,0.7276
15,Test,Leaf Class (Sigmoid),20,wasp,0.774,0.8668,0.8177
15,Test,Leaf Class (Sigmoid),21,weevil,0.7772,0.7762,0.7767
16,Train,PF4,0,Arachnida,0.8896,0.9815,0.9333
16,Train,PF4,1,Insecta,0.9998,0.9989,0.9994
16,Train,PF3,0,Araneae,0.9635,0.9491,0.9563
16,Train,PF3,1,Coleoptera,0.9756,0.9773,0.9764
16,Train,PF3,2,Dermaptera,0.8617,0.9225,0.8911
16,Train,PF3,3,Diptera,0.9842,0.9783,0.9812
16,Train,PF3,4,Hemiptera,0.9653,0.8618,0.9106
16,Train,PF3,5,Hymenoptera,0.9605,0.9531,0.9568
16,Train,PF3,6,Lepidoptera,0.9644,0.9087,0.9357
16,Train,PF3,7,Mecoptera,0.6213,0.1783,0.2771
16,Train,PF3,8,Neuroptera,0.9469,0.9847,0.9655
16,Train,PF3,9,Orthoptera,0.8094,0.9873,0.8895
16,Train,PF3,10,Trichoptera,0.9942,0.9671,0.9804
16,Train,PF2,0,Apocrita,0.9783,0.9455,0.9616
16,Train,PF2,1,Arneomorphae,0.9755,0.8134,0.8871
16,Train,PF2,2,Brachycera,0.9808,0.9797,0.9803
16,Train,PF2,3,Forficulina,0.8886,0.9093,0.8989
16,Train,PF2,4,Glossata,0.9767,0.8278,0.8962
16,Train,PF2,5,Hemerobiiformia,0.9619,0.9788,0.9703
16,Train,PF2,6,Heteroptera,0.9651,0.8895,0.9257
16,Train,PF2,7,Integripalpia,0.9957,0.9648,0.98
16,Train,PF2,8,Nematocera,0.9843,0.9656,0.9749
16,Train,PF2,9,Polyphaga,0.9845,0.9694,0.9768
16,Train,PF2,10,Symphyta,0.9177,0.9376,0.9276
16,Train,PF2,11,grasshopper,0.7091,0.9933,0.8275
16,Train,PF2,12,scorpion_fly,0.4542,0.0546,0.0974
16,Train,PF1,0,Aculeata,0.9715,0.9558,0.9635
16,Train,PF1,1,Araneomorphae,0.965,0.9621,0.9635
16,Train,PF1,2,Asilomorpha,0.9748,0.9789,0.9769
16,Train,PF1,3,Bibionomorpha,0.9677,0.9736,0.9706
16,Train,PF1,4,Cucujiformia,0.9864,0.9767,0.9816
16,Train,PF1,5,Culicomorpha,0.9935,0.9833,0.9883
16,Train,PF1,6,Epidermaptera,0.913,0.9109,0.9119
16,Train,PF1,7,Heterocera,0.9816,0.9261,0.953
16,Train,PF1,8,Muscomorpha,0.9725,0.9857,0.9791
16,Train,PF1,9,Parasitica,0.9379,0.8961,0.9165
16,Train,PF1,10,Pentatomomorpha,0.9737,0.8776,0.9232
16,Train,PF1,11,Plenitentoria,0.9905,0.9886,0.9896
16,Train,PF1,12,Rhopalocera,0.9461,0.9515,0.9488
16,Train,PF1,13,lacewing,0.943,0.9913,0.9666
16,Train,PF1,14,saw_fly,0.9448,0.9356,0.9401
16,Train,Leaf Class (Softmax),0,Ichneumonoidea,0.9246,0.9101,0.9173
16,Train,Leaf Class (Softmax),1,Muscoidea,0.7367,0.6904,0.7128
16,Train,Leaf Class (Softmax),2,ant,0.9725,0.9818,0.9771
16,Train,Leaf Class (Softmax),3,ant_beetle,0.9798,0.9817,0.9807
16,Train,Leaf Class (Softmax),4,bug,0.9462,0.9323,0.9392
16,Train,Leaf Class (Softmax),5,butterfly,0.9639,0.9515,0.9577
16,Train,Leaf Class (Softmax),6,caddisfly,0.9939,0.9909,0.9924
16,Train,Leaf Class (Softmax),7,dance_fly,0.9325,0.9244,0.9284
16,Train,Leaf Class (Softmax),8,earwig,0.9364,0.924,0.9302
16,Train,Leaf Class (Softmax),9,fever_fly,0.9723,0.9757,0.974
16,Train,Leaf Class (Softmax),10,flesh_fly,0.9238,0.9167,0.9202
16,Train,Leaf Class (Softmax),11,fly,0.6899,0.7389,0.7136
16,Train,Leaf Class (Softmax),12,fruit_fly,0.9674,0.9697,0.9685
16,Train,Leaf Class (Softmax),13,hoverfly,0.9619,0.9646,0.9633
16,Train,Leaf Class (Softmax),14,ladybug,0.9808,0.9815,0.9812
16,Train,Leaf Class (Softmax),15,leaf_beetle,0.9836,0.9871,0.9853
16,Train,Leaf Class (Softmax),16,midge,0.9907,0.989,0.9898
16,Train,Leaf Class (Softmax),17,moth,0.9701,0.9662,0.9681
16,Train,Leaf Class (Softmax),18,robber_fly,0.9831,0.9824,0.9828
16,Train,Leaf Class (Softmax),19,spider,0.9592,0.9736,0.9663
16,Train,Leaf Class (Softmax),20,wasp,0.8953,0.8199,0.856
16,Train,Leaf Class (Softmax),21,weevil,0.9812,0.9832,0.9822
16,Train,Leaf Class (Sigmoid),0,Ichneumonoidea,0.8906,0.9291,0.9094
16,Train,Leaf Class (Sigmoid),1,Muscoidea,0.5967,0.8872,0.7135
16,Train,Leaf Class (Sigmoid),2,ant,0.9763,0.9772,0.9767
16,Train,Leaf Class (Sigmoid),3,ant_beetle,0.975,0.9764,0.9757
16,Train,Leaf Class (Sigmoid),4,bug,0.9773,0.8968,0.9353
16,Train,Leaf Class (Sigmoid),5,butterfly,0.98,0.9126,0.9451
16,Train,Leaf Class (Sigmoid),6,caddisfly,0.989,0.989,0.989
16,Train,Leaf Class (Sigmoid),7,dance_fly,0.9562,0.8916,0.9228
16,Train,Leaf Class (Sigmoid),8,earwig,0.9568,0.8922,0.9234
16,Train,Leaf Class (Sigmoid),9,fever_fly,0.9756,0.9718,0.9737
16,Train,Leaf Class (Sigmoid),10,flesh_fly,0.9051,0.9245,0.9147
16,Train,Leaf Class (Sigmoid),11,fly,0.8108,0.411,0.5455
16,Train,Leaf Class (Sigmoid),12,fruit_fly,0.9526,0.9738,0.9631
16,Train,Leaf Class (Sigmoid),13,hoverfly,0.9648,0.9623,0.9635
16,Train,Leaf Class (Sigmoid),14,ladybug,0.9621,0.9863,0.9741
16,Train,Leaf Class (Sigmoid),15,leaf_beetle,0.973,0.9888,0.9808
16,Train,Leaf Class (Sigmoid),16,midge,0.995,0.98,0.9874
16,Train,Leaf Class (Sigmoid),17,moth,0.9866,0.9433,0.9645
16,Train,Leaf Class (Sigmoid),18,robber_fly,0.9761,0.9852,0.9807
16,Train,Leaf Class (Sigmoid),19,spider,0.952,0.9691,0.9604
16,Train,Leaf Class (Sigmoid),20,wasp,0.8921,0.7897,0.8378
16,Train,Leaf Class (Sigmoid),21,weevil,0.9832,0.9776,0.9804
16,Test,PF4,0,Arachnida,0.6664,0.8625,0.7518
16,Test,PF4,1,Insecta,0.9968,0.99,0.9934
16,Test,PF3,0,Araneae,0.8929,0.7426,0.8108
16,Test,PF3,1,Coleoptera,0.8297,0.7701,0.7988
16,Test,PF3,2,Dermaptera,0.7156,0.7037,0.7096
16,Test,PF3,3,Diptera,0.8904,0.952,0.9202
16,Test,PF3,4,Hemiptera,0.9238,0.7003,0.7967
16,Test,PF3,5,Hymenoptera,0.8203,0.7469,0.7819
16,Test,PF3,6,Lepidoptera,0.7269,0.5128,0.6013
16,Test,PF3,7,Mecoptera,0.3738,0.1038,0.1624
16,Test,PF3,8,Neuroptera,0.3996,0.3541,0.3755
16,Test,PF3,9,Orthoptera,0.5931,0.9795,0.7388
16,Test,PF3,10,Trichoptera,0.9963,0.8203,0.8998
16,Test,PF2,0,Apocrita,0.8317,0.7622,0.7955
16,Test,PF2,1,Arneomorphae,0.8762,0.7801,0.8254
16,Test,PF2,2,Brachycera,0.8677,0.9454,0.9049
16,Test,PF2,3,Forficulina,0.7395,0.6004,0.6627
16,Test,PF2,4,Glossata,0.7893,0.5035,0.6148
16,Test,PF2,5,Hemerobiiformia,0.4882,0.2148,0.2983
16,Test,PF2,6,Heteroptera,0.8373,0.7018,0.7636
16,Test,PF2,7,Integripalpia,0.9954,0.8392,0.9107
16,Test,PF2,8,Nematocera,0.9399,0.9509,0.9454
16,Test,PF2,9,Polyphaga,0.8509,0.7663,0.8064
16,Test,PF2,10,Symphyta,0.8993,0.614,0.7297
16,Test,PF2,11,grasshopper,0.4931,0.9855,0.6573
16,Test,PF2,12,scorpion_fly,0.0909,0.0091,0.0165
16,Test,PF1,0,Aculeata,0.8643,0.7632,0.8106
16,Test,PF1,1,Araneomorphae,0.8403,0.8128,0.8264
16,Test,PF1,2,Asilomorpha,0.8781,0.7596,0.8145
16,Test,PF1,3,Bibionomorpha,0.9833,0.8316,0.9011
16,Test,PF1,4,Cucujiformia,0.8855,0.7723,0.825
16,Test,PF1,5,Culicomorpha,0.9055,0.994,0.9477
16,Test,PF1,6,Epidermaptera,0.792,0.5195,0.6274
16,Test,PF1,7,Heterocera,0.7689,0.5758,0.6585
16,Test,PF1,8,Muscomorpha,0.7748,0.9406,0.8497
16,Test,PF1,9,Parasitica,0.3752,0.5897,0.4586
16,Test,PF1,10,Pentatomomorpha,0.879,0.6995,0.7791
16,Test,PF1,11,Plenitentoria,0.9931,0.8741,0.9298
16,Test,PF1,12,Rhopalocera,0.8774,0.9025,0.8898
16,Test,PF1,13,lacewing,0.4245,0.5471,0.4781
16,Test,PF1,14,saw_fly,0.9047,0.6037,0.7241
16,Test,Leaf Class (Softmax),0,Ichneumonoidea,0.2536,0.63,0.3616
16,Test,Leaf Class (Softmax),1,Muscoidea,0.3394,0.6362,0.4427
16,Test,Leaf Class (Softmax),2,ant,0.8484,0.771,0.8079
16,Test,Leaf Class (Softmax),3,ant_beetle,0.8237,0.8633,0.843
16,Test,Leaf Class (Softmax),4,bug,0.8838,0.7149,0.7905
16,Test,Leaf Class (Softmax),5,butterfly,0.9626,0.8867,0.9231
16,Test,Leaf Class (Softmax),6,caddisfly,0.991,0.9526,0.9714
16,Test,Leaf Class (Softmax),7,dance_fly,0.8485,0.6537,0.7385
16,Test,Leaf Class (Softmax),8,earwig,0.8914,0.4162,0.5674
16,Test,Leaf Class (Softmax),9,fever_fly,0.9788,0.8485,0.909
16,Test,Leaf Class (Softmax),10,flesh_fly,0.7865,0.536,0.6375
16,Test,Leaf Class (Softmax),11,fly,0.3828,0.4152,0.3984
16,Test,Leaf Class (Softmax),12,fruit_fly,0.6386,0.625,0.6317
16,Test,Leaf Class (Softmax),13,hoverfly,0.7672,0.8302,0.7975
16,Test,Leaf Class (Softmax),14,ladybug,0.7821,0.9125,0.8423
16,Test,Leaf Class (Softmax),15,leaf_beetle,0.0392,0.0146,0.0213
16,Test,Leaf Class (Softmax),16,midge,0.9563,0.9912,0.9735
16,Test,Leaf Class (Softmax),17,moth,0.8549,0.7618,0.8057
16,Test,Leaf Class (Softmax),18,robber_fly,0.8311,0.7738,0.8014
16,Test,Leaf Class (Softmax),19,spider,0.7882,0.8631,0.8239
16,Test,Leaf Class (Softmax),20,wasp,0.856,0.7206,0.7825
16,Test,Leaf Class (Softmax),21,weevil,0.8974,0.7148,0.7957
16,Test,Leaf Class (Sigmoid),0,Ichneumonoidea,0.3305,0.6054,0.4276
16,Test,Leaf Class (Sigmoid),1,Muscoidea,0.3629,0.4732,0.4108
16,Test,Leaf Class (Sigmoid),2,ant,0.8393,0.7745,0.8056
16,Test,Leaf Class (Sigmoid),3,ant_beetle,0.8427,0.8987,0.8698
16,Test,Leaf Class (Sigmoid),4,bug,0.7993,0.718,0.7565
16,Test,Leaf Class (Sigmoid),5,butterfly,0.9472,0.9005,0.9232
16,Test,Leaf Class (Sigmoid),6,caddisfly,0.9953,0.9091,0.9502
16,Test,Leaf Class (Sigmoid),7,dance_fly,0.7951,0.669,0.7266
16,Test,Leaf Class (Sigmoid),8,earwig,0.7543,0.6014,0.6692
16,Test,Leaf Class (Sigmoid),9,fever_fly,0.9768,0.8344,0.9
16,Test,Leaf Class (Sigmoid),10,flesh_fly,0.8403,0.5158,0.6392
16,Test,Leaf Class (Sigmoid),11,fly,0.3404,0.5923,0.4323
16,Test,Leaf Class (Sigmoid),12,fruit_fly,0.7183,0.5942,0.6504
16,Test,Leaf Class (Sigmoid),13,hoverfly,0.7468,0.8345,0.7882
16,Test,Leaf Class (Sigmoid),14,ladybug,0.8267,0.9075,0.8652
16,Test,Leaf Class (Sigmoid),15,leaf_beetle,0.0389,0.0131,0.0196
16,Test,Leaf Class (Sigmoid),16,midge,0.9246,0.9968,0.9593
16,Test,Leaf Class (Sigmoid),17,moth,0.7959,0.813,0.8044
16,Test,Leaf Class (Sigmoid),18,robber_fly,0.8603,0.767,0.811
16,Test,Leaf Class (Sigmoid),19,spider,0.8456,0.7862,0.8148
16,Test,Leaf Class (Sigmoid),20,wasp,0.7956,0.7105,0.7506
16,Test,Leaf Class (Sigmoid),21,weevil,0.8864,0.7312,0.8014
17,Train,PF4,0,Arachnida,0.8863,0.9805,0.9311
17,Train,PF4,1,Insecta,0.9998,0.9989,0.9994
17,Train,PF3,0,Araneae,0.9591,0.9481,0.9536
17,Train,PF3,1,Coleoptera,0.9757,0.9779,0.9768
17,Train,PF3,2,Dermaptera,0.8678,0.9364,0.9008
17,Train,PF3,3,Diptera,0.9841,0.9788,0.9814
17,Train,PF3,4,Hemiptera,0.9676,0.8765,0.9198
17,Train,PF3,5,Hymenoptera,0.9615,0.9532,0.9573
17,Train,PF3,6,Lepidoptera,0.9675,0.91,0.9378
17,Train,PF3,7,Mecoptera,0.6701,0.2142,0.3246
17,Train,PF3,8,Neuroptera,0.9541,0.987,0.9703
17,Train,PF3,9,Orthoptera,0.8165,0.9886,0.8943
17,Train,PF3,10,Trichoptera,0.9961,0.9739,0.9849
17,Train,PF2,0,Apocrita,0.9778,0.9479,0.9626
17,Train,PF2,1,Arneomorphae,0.9809,0.8443,0.9075
17,Train,PF2,2,Brachycera,0.9812,0.98,0.9806
17,Train,PF2,3,Forficulina,0.8928,0.9295,0.9107
17,Train,PF2,4,Glossata,0.9789,0.8216,0.8934
17,Train,PF2,5,Hemerobiiformia,0.967,0.9835,0.9752
17,Train,PF2,6,Heteroptera,0.9652,0.8911,0.9267
17,Train,PF2,7,Integripalpia,0.9953,0.9637,0.9792
17,Train,PF2,8,Nematocera,0.9851,0.9656,0.9752
17,Train,PF2,9,Polyphaga,0.9834,0.9719,0.9776
17,Train,PF2,10,Symphyta,0.9227,0.934,0.9284
17,Train,PF2,11,grasshopper,0.7152,0.9936,0.8317
17,Train,PF2,12,scorpion_fly,0.5145,0.0725,0.1271
17,Train,PF1,0,Aculeata,0.9694,0.9579,0.9637
17,Train,PF1,1,Araneomorphae,0.9668,0.9591,0.9629
17,Train,PF1,2,Asilomorpha,0.9753,0.9783,0.9768
17,Train,PF1,3,Bibionomorpha,0.9702,0.975,0.9726
17,Train,PF1,4,Cucujiformia,0.9857,0.9784,0.982
17,Train,PF1,5,Culicomorpha,0.9956,0.9827,0.9891
17,Train,PF1,6,Epidermaptera,0.9281,0.931,0.9296
17,Train,PF1,7,Heterocera,0.9828,0.9258,0.9535
17,Train,PF1,8,Muscomorpha,0.9734,0.9861,0.9797
17,Train,PF1,9,Parasitica,0.9381,0.8875,0.9121
17,Train,PF1,10,Pentatomomorpha,0.9787,0.8821,0.9279
17,Train,PF1,11,Plenitentoria,0.9913,0.9924,0.9919
17,Train,PF1,12,Rhopalocera,0.9397,0.9458,0.9427
17,Train,PF1,13,lacewing,0.9482,0.993,0.9701
17,Train,PF1,14,saw_fly,0.946,0.9317,0.9388
17,Train,Leaf Class (Softmax),0,Ichneumonoidea,0.9302,0.9122,0.9211
17,Train,Leaf Class (Softmax),1,Muscoidea,0.7457,0.7018,0.7231
17,Train,Leaf Class (Softmax),2,ant,0.9725,0.9818,0.9771
17,Train,Leaf Class (Softmax),3,ant_beetle,0.9842,0.9783,0.9812
17,Train,Leaf Class (Softmax),4,bug,0.9505,0.9306,0.9404
17,Train,Leaf Class (Softmax),5,butterfly,0.9582,0.945,0.9515
17,Train,Leaf Class (Softmax),6,caddisfly,0.9943,0.9924,0.9934
17,Train,Leaf Class (Softmax),7,dance_fly,0.9375,0.9331,0.9353
17,Train,Leaf Class (Softmax),8,earwig,0.9486,0.9434,0.946
17,Train,Leaf Class (Softmax),9,fever_fly,0.9741,0.9782,0.9761
17,Train,Leaf Class (Softmax),10,flesh_fly,0.9281,0.9202,0.9241
17,Train,Leaf Class (Softmax),11,fly,0.6994,0.7482,0.723
17,Train,Leaf Class (Softmax),12,fruit_fly,0.9676,0.9698,0.9687
17,Train,Leaf Class (Softmax),13,hoverfly,0.9618,0.965,0.9634
17,Train,Leaf Class (Softmax),14,ladybug,0.9811,0.9822,0.9816
17,Train,Leaf Class (Softmax),15,leaf_beetle,0.9836,0.9858,0.9847
17,Train,Leaf Class (Softmax),16,midge,0.9916,0.9893,0.9905
17,Train,Leaf Class (Softmax),17,moth,0.9687,0.9633,0.966
17,Train,Leaf Class (Softmax),18,robber_fly,0.9836,0.9808,0.9822
17,Train,Leaf Class (Softmax),19,spider,0.9645,0.976,0.9702
17,Train,Leaf Class (Softmax),20,wasp,0.8844,0.8237,0.853
17,Train,Leaf Class (Softmax),21,weevil,0.9832,0.9865,0.9849
17,Train,Leaf Class (Sigmoid),0,Ichneumonoidea,0.9017,0.9303,0.9158
17,Train,Leaf Class (Sigmoid),1,Muscoidea,0.6045,0.8891,0.7197
17,Train,Leaf Class (Sigmoid),2,ant,0.9747,0.9777,0.9762
17,Train,Leaf Class (Sigmoid),3,ant_beetle,0.9797,0.9772,0.9784
17,Train,Leaf Class (Sigmoid),4,bug,0.976,0.8957,0.9341
17,Train,Leaf Class (Sigmoid),5,butterfly,0.9776,0.9167,0.9461
17,Train,Leaf Class (Sigmoid),6,caddisfly,0.9917,0.9913,0.9915
17,Train,Leaf Class (Sigmoid),7,dance_fly,0.9591,0.8956,0.9263
17,Train,Leaf Class (Sigmoid),8,earwig,0.964,0.9132,0.9379
17,Train,Leaf Class (Sigmoid),9,fever_fly,0.9767,0.9704,0.9735
17,Train,Leaf Class (Sigmoid),10,flesh_fly,0.9035,0.9293,0.9162
17,Train,Leaf Class (Sigmoid),11,fly,0.8154,0.4316,0.5645
17,Train,Leaf Class (Sigmoid),12,fruit_fly,0.9553,0.9747,0.9649
17,Train,Leaf Class (Sigmoid),13,hoverfly,0.9646,0.9624,0.9635
17,Train,Leaf Class (Sigmoid),14,ladybug,0.9674,0.9861,0.9767
17,Train,Leaf Class (Sigmoid),15,leaf_beetle,0.9733,0.9873,0.9802
17,Train,Leaf Class (Sigmoid),16,midge,0.9973,0.9825,0.9898
17,Train,Leaf Class (Sigmoid),17,moth,0.9838,0.9447,0.9638
17,Train,Leaf Class (Sigmoid),18,robber_fly,0.9784,0.9834,0.9809
17,Train,Leaf Class (Sigmoid),19,spider,0.959,0.9696,0.9643
17,Train,Leaf Class (Sigmoid),20,wasp,0.8994,0.7859,0.8388
17,Train,Leaf Class (Sigmoid),21,weevil,0.9866,0.9803,0.9834
17,Test,PF4,0,Arachnida,0.5753,0.8698,0.6925
17,Test,PF4,1,Insecta,0.997,0.9851,0.991
17,Test,PF3,0,Araneae,0.6212,0.871,0.7252
17,Test,PF3,1,Coleoptera,0.8629,0.783,0.821
17,Test,PF3,2,Dermaptera,0.7278,0.1199,0.2059
17,Test,PF3,3,Diptera,0.9333,0.9257,0.9295
17,Test,PF3,4,Hemiptera,0.7301,0.7126,0.7212
17,Test,PF3,5,Hymenoptera,0.7499,0.7832,0.7662
17,Test,PF3,6,Lepidoptera,0.7241,0.6191,0.6675
17,Test,PF3,7,Mecoptera,0.3367,0.2607,0.2939
17,Test,PF3,8,Neuroptera,0.2718,0.1721,0.2108
17,Test,PF3,9,Orthoptera,0.549,0.9798,0.7037
17,Test,PF3,10,Trichoptera,0.9857,0.8634,0.9205
17,Test,PF2,0,Apocrita,0.7469,0.8103,0.7773
17,Test,PF2,1,Arneomorphae,0.6254,0.8655,0.7261
17,Test,PF2,2,Brachycera,0.9115,0.9235,0.9174
17,Test,PF2,3,Forficulina,0.808,0.0984,0.1755
17,Test,PF2,4,Glossata,0.8233,0.5992,0.6936
17,Test,PF2,5,Hemerobiiformia,0.4041,0.1752,0.2445
17,Test,PF2,6,Heteroptera,0.6937,0.7049,0.6993
17,Test,PF2,7,Integripalpia,0.9911,0.9112,0.9495
17,Test,PF2,8,Nematocera,0.9505,0.9372,0.9438
17,Test,PF2,9,Polyphaga,0.9129,0.7709,0.8359
17,Test,PF2,10,Symphyta,0.8957,0.6489,0.7526
17,Test,PF2,11,grasshopper,0.4636,0.9935,0.6322
17,Test,PF2,12,scorpion_fly,0.2057,0.0934,0.1285
17,Test,PF1,0,Aculeata,0.7639,0.8608,0.8095
17,Test,PF1,1,Araneomorphae,0.6164,0.8674,0.7207
17,Test,PF1,2,Asilomorpha,0.8722,0.7682,0.8169
17,Test,PF1,3,Bibionomorpha,0.9868,0.845,0.9104
17,Test,PF1,4,Cucujiformia,0.9147,0.7771,0.8403
17,Test,PF1,5,Culicomorpha,0.9307,0.9868,0.9579
17,Test,PF1,6,Epidermaptera,0.7767,0.078,0.1417
17,Test,PF1,7,Heterocera,0.7347,0.4778,0.579
17,Test,PF1,8,Muscomorpha,0.8318,0.919,0.8732
17,Test,PF1,9,Parasitica,0.4203,0.6323,0.5049
17,Test,PF1,10,Pentatomomorpha,0.686,0.7034,0.6946
17,Test,PF1,11,Plenitentoria,0.9842,0.9116,0.9465
17,Test,PF1,12,Rhopalocera,0.6085,0.9419,0.7394
17,Test,PF1,13,lacewing,0.3988,0.5627,0.4668
17,Test,PF1,14,saw_fly,0.8745,0.6306,0.7328
17,Test,Leaf Class (Softmax),0,Ichneumonoidea,0.3415,0.6883,0.4565
17,Test,Leaf Class (Softmax),1,Muscoidea,0.3798,0.7595,0.5064
17,Test,Leaf Class (Softmax),2,ant,0.7788,0.7832,0.781
17,Test,Leaf Class (Softmax),3,ant_beetle,0.8983,0.9143,0.9062
17,Test,Leaf Class (Softmax),4,bug,0.7366,0.728,0.7323
17,Test,Leaf Class (Softmax),5,butterfly,0.7064,0.9389,0.8063
17,Test,Leaf Class (Softmax),6,caddisfly,0.9886,0.9685,0.9784
17,Test,Leaf Class (Softmax),7,dance_fly,0.9011,0.6606,0.7623
17,Test,Leaf Class (Softmax),8,earwig,0.6418,0.0419,0.0787
17,Test,Leaf Class (Softmax),9,fever_fly,0.9865,0.8266,0.8995
17,Test,Leaf Class (Softmax),10,flesh_fly,0.8179,0.7488,0.7818
17,Test,Leaf Class (Softmax),11,fly,0.423,0.3083,0.3566
17,Test,Leaf Class (Softmax),12,fruit_fly,0.8461,0.5952,0.6989
17,Test,Leaf Class (Softmax),13,hoverfly,0.8345,0.7965,0.815
17,Test,Leaf Class (Softmax),14,ladybug,0.8947,0.9138,0.9041
17,Test,Leaf Class (Softmax),15,leaf_beetle,0.0172,0.0061,0.0091
17,Test,Leaf Class (Softmax),16,midge,0.9584,0.9845,0.9713
17,Test,Leaf Class (Softmax),17,moth,0.8186,0.6285,0.7111
17,Test,Leaf Class (Softmax),18,robber_fly,0.6735,0.8262,0.7421
17,Test,Leaf Class (Softmax),19,spider,0.5995,0.8758,0.7118
17,Test,Leaf Class (Softmax),20,wasp,0.8592,0.8156,0.8368
17,Test,Leaf Class (Softmax),21,weevil,0.8608,0.7685,0.812
17,Test,Leaf Class (Sigmoid),0,Ichneumonoidea,0.4073,0.6502,0.5009
17,Test,Leaf Class (Sigmoid),1,Muscoidea,0.4763,0.4728,0.4745
17,Test,Leaf Class (Sigmoid),2,ant,0.7787,0.8488,0.8122
17,Test,Leaf Class (Sigmoid),3,ant_beetle,0.9285,0.9024,0.9153
17,Test,Leaf Class (Sigmoid),4,bug,0.619,0.7196,0.6655
17,Test,Leaf Class (Sigmoid),5,butterfly,0.6437,0.9488,0.767
17,Test,Leaf Class (Sigmoid),6,caddisfly,0.9891,0.9737,0.9813
17,Test,Leaf Class (Sigmoid),7,dance_fly,0.9007,0.6644,0.7647
17,Test,Leaf Class (Sigmoid),8,earwig,0.7363,0.0653,0.12
17,Test,Leaf Class (Sigmoid),9,fever_fly,0.9841,0.8316,0.9014
17,Test,Leaf Class (Sigmoid),10,flesh_fly,0.8671,0.6342,0.7326
17,Test,Leaf Class (Sigmoid),11,fly,0.3862,0.6685,0.4896
17,Test,Leaf Class (Sigmoid),12,fruit_fly,0.8841,0.578,0.699
17,Test,Leaf Class (Sigmoid),13,hoverfly,0.7891,0.8025,0.7957
17,Test,Leaf Class (Sigmoid),14,ladybug,0.9587,0.9005,0.9287
17,Test,Leaf Class (Sigmoid),15,leaf_beetle,0.0119,0.0031,0.0049
17,Test,Leaf Class (Sigmoid),16,midge,0.9545,0.987,0.9705
17,Test,Leaf Class (Sigmoid),17,moth,0.74,0.6632,0.6995
17,Test,Leaf Class (Sigmoid),18,robber_fly,0.6853,0.8018,0.7389
17,Test,Leaf Class (Sigmoid),19,spider,0.6052,0.8728,0.7148
17,Test,Leaf Class (Sigmoid),20,wasp,0.7737,0.8257,0.7988
17,Test,Leaf Class (Sigmoid),21,weevil,0.843,0.776,0.8081
18,Train,PF4,0,Arachnida,0.8954,0.9825,0.9369
18,Train,PF4,1,Insecta,0.9998,0.999,0.9994
18,Train,PF3,0,Araneae,0.9569,0.9526,0.9547
18,Train,PF3,1,Coleoptera,0.9781,0.9792,0.9787
18,Train,PF3,2,Dermaptera,0.8873,0.9395,0.9127
18,Train,PF3,3,Diptera,0.9847,0.98,0.9823
18,Train,PF3,4,Hemiptera,0.9705,0.8708,0.918
18,Train,PF3,5,Hymenoptera,0.9638,0.9558,0.9598
18,Train,PF3,6,Lepidoptera,0.9686,0.913,0.94
18,Train,PF3,7,Mecoptera,0.6775,0.237,0.3511
18,Train,PF3,8,Neuroptera,0.9526,0.9877,0.9698
18,Train,PF3,9,Orthoptera,0.8227,0.9882,0.8979
18,Train,PF3,10,Trichoptera,0.9942,0.9739,0.9839
18,Train,PF2,0,Apocrita,0.98,0.951,0.9653
18,Train,PF2,1,Arneomorphae,0.9771,0.8523,0.9104
18,Train,PF2,2,Brachycera,0.9827,0.9808,0.9818
18,Train,PF2,3,Forficulina,0.9006,0.9271,0.9137
18,Train,PF2,4,Glossata,0.9771,0.8388,0.9027
18,Train,PF2,5,Hemerobiiformia,0.9672,0.9847,0.9759
18,Train,PF2,6,Heteroptera,0.9625,0.8979,0.9291
18,Train,PF2,7,Integripalpia,0.9946,0.9693,0.9818
18,Train,PF2,8,Nematocera,0.9887,0.968,0.9782
18,Train,PF2,9,Polyphaga,0.9851,0.9739,0.9795
18,Train,PF2,10,Symphyta,0.9174,0.9422,0.9296
18,Train,PF2,11,grasshopper,0.7274,0.9944,0.8402
18,Train,PF2,12,scorpion_fly,0.5492,0.0863,0.1492
18,Train,PF1,0,Aculeata,0.9718,0.9606,0.9661
18,Train,PF1,1,Araneomorphae,0.963,0.9621,0.9626
18,Train,PF1,2,Asilomorpha,0.9739,0.9784,0.9762
18,Train,PF1,3,Bibionomorpha,0.9754,0.9782,0.9768
18,Train,PF1,4,Cucujiformia,0.9871,0.9808,0.9839
18,Train,PF1,5,Culicomorpha,0.9948,0.9848,0.9898
18,Train,PF1,6,Epidermaptera,0.9293,0.9372,0.9332
18,Train,PF1,7,Heterocera,0.984,0.9301,0.9563
18,Train,PF1,8,Muscomorpha,0.9754,0.9854,0.9804
18,Train,PF1,9,Parasitica,0.9484,0.9007,0.9239
18,Train,PF1,10,Pentatomomorpha,0.9729,0.89,0.9296
18,Train,PF1,11,Plenitentoria,0.9909,0.9936,0.9923
18,Train,PF1,12,Rhopalocera,0.9454,0.9523,0.9488
18,Train,PF1,13,lacewing,0.9491,0.9936,0.9709
18,Train,PF1,14,saw_fly,0.9446,0.941,0.9428
18,Train,Leaf Class (Softmax),0,Ichneumonoidea,0.9398,0.9196,0.9296
18,Train,Leaf Class (Softmax),1,Muscoidea,0.7508,0.7099,0.7297
18,Train,Leaf Class (Softmax),2,ant,0.973,0.9836,0.9783
18,Train,Leaf Class (Softmax),3,ant_beetle,0.9821,0.985,0.9836
18,Train,Leaf Class (Softmax),4,bug,0.9562,0.9368,0.9464
18,Train,Leaf Class (Softmax),5,butterfly,0.9647,0.9506,0.9576
18,Train,Leaf Class (Softmax),6,caddisfly,0.9939,0.9936,0.9938
18,Train,Leaf Class (Softmax),7,dance_fly,0.9426,0.9337,0.9381
18,Train,Leaf Class (Softmax),8,earwig,0.954,0.9488,0.9514
18,Train,Leaf Class (Softmax),9,fever_fly,0.9755,0.9804,0.9779
18,Train,Leaf Class (Softmax),10,flesh_fly,0.9301,0.9247,0.9274
18,Train,Leaf Class (Softmax),11,fly,0.705,0.7472,0.7255
18,Train,Leaf Class (Softmax),12,fruit_fly,0.9689,0.9699,0.9694
18,Train,Leaf Class (Softmax),13,hoverfly,0.964,0.9663,0.9651
18,Train,Leaf Class (Softmax),14,ladybug,0.9831,0.9833,0.9832
18,Train,Leaf Class (Softmax),15,leaf_beetle,0.9856,0.9886,0.9871
18,Train,Leaf Class (Softmax),16,midge,0.9899,0.9892,0.9895
18,Train,Leaf Class (Softmax),17,moth,0.9692,0.9666,0.9679
18,Train,Leaf Class (Softmax),18,robber_fly,0.9841,0.9816,0.9829
18,Train,Leaf Class (Softmax),19,spider,0.9636,0.9765,0.97
18,Train,Leaf Class (Softmax),20,wasp,0.8925,0.838,0.8644
18,Train,Leaf Class (Softmax),21,weevil,0.9846,0.9868,0.9857
18,Train,Leaf Class (Sigmoid),0,Ichneumonoidea,0.909,0.9386,0.9235
18,Train,Leaf Class (Sigmoid),1,Muscoidea,0.6184,0.8897,0.7296
18,Train,Leaf Class (Sigmoid),2,ant,0.9755,0.9789,0.9772
18,Train,Leaf Class (Sigmoid),3,ant_beetle,0.9787,0.9787,0.9787
18,Train,Leaf Class (Sigmoid),4,bug,0.9714,0.9002,0.9344
18,Train,Leaf Class (Sigmoid),5,butterfly,0.9827,0.9175,0.949
18,Train,Leaf Class (Sigmoid),6,caddisfly,0.9909,0.9921,0.9915
18,Train,Leaf Class (Sigmoid),7,dance_fly,0.9632,0.8929,0.9267
18,Train,Leaf Class (Sigmoid),8,earwig,0.9589,0.9233,0.9408
18,Train,Leaf Class (Sigmoid),9,fever_fly,0.9799,0.9722,0.976
18,Train,Leaf Class (Sigmoid),10,flesh_fly,0.9077,0.9341,0.9207
18,Train,Leaf Class (Sigmoid),11,fly,0.8225,0.4591,0.5893
18,Train,Leaf Class (Sigmoid),12,fruit_fly,0.9545,0.9759,0.9651
18,Train,Leaf Class (Sigmoid),13,hoverfly,0.9676,0.963,0.9653
18,Train,Leaf Class (Sigmoid),14,ladybug,0.9709,0.9869,0.9788
18,Train,Leaf Class (Sigmoid),15,leaf_beetle,0.9774,0.9893,0.9833
18,Train,Leaf Class (Sigmoid),16,midge,0.9967,0.9838,0.9902
18,Train,Leaf Class (Sigmoid),17,moth,0.9864,0.945,0.9653
18,Train,Leaf Class (Sigmoid),18,robber_fly,0.977,0.9842,0.9806
18,Train,Leaf Class (Sigmoid),19,spider,0.9563,0.9711,0.9636
18,Train,Leaf Class (Sigmoid),20,wasp,0.8931,0.801,0.8445
18,Train,Leaf Class (Sigmoid),21,weevil,0.9884,0.9815,0.9849
18,Test,PF4,0,Arachnida,0.6015,0.8776,0.7138
18,Test,PF4,1,Insecta,0.9971,0.9865,0.9918
18,Test,PF3,0,Araneae,0.7194,0.8728,0.7887
18,Test,PF3,1,Coleoptera,0.8351,0.7988,0.8165
18,Test,PF3,2,Dermaptera,0.7322,0.1706,0.2767
18,Test,PF3,3,Diptera,0.9179,0.9237,0.9208
18,Test,PF3,4,Hemiptera,0.898,0.7057,0.7903
18,Test,PF3,5,Hymenoptera,0.7316,0.8086,0.7682
18,Test,PF3,6,Lepidoptera,0.6997,0.5344,0.6059
18,Test,PF3,7,Mecoptera,0.1951,0.1349,0.1595
18,Test,PF3,8,Neuroptera,0.4584,0.1836,0.2622
18,Test,PF3,9,Orthoptera,0.5417,0.9868,0.6995
18,Test,PF3,10,Trichoptera,0.9984,0.8086,0.8935
18,Test,PF2,0,Apocrita,0.7342,0.8068,0.7688
18,Test,PF2,1,Arneomorphae,0.7558,0.868,0.808
18,Test,PF2,2,Brachycera,0.8882,0.9224,0.905
18,Test,PF2,3,Forficulina,0.6866,0.1452,0.2397
18,Test,PF2,4,Glossata,0.7719,0.531,0.6292
18,Test,PF2,5,Hemerobiiformia,0.6096,0.1648,0.2595
18,Test,PF2,6,Heteroptera,0.8742,0.7065,0.7814
18,Test,PF2,7,Integripalpia,1.0,0.7776,0.8749
18,Test,PF2,8,Nematocera,0.9331,0.9505,0.9417
18,Test,PF2,9,Polyphaga,0.8903,0.7972,0.8412
18,Test,PF2,10,Symphyta,0.9254,0.7245,0.8127
18,Test,PF2,11,grasshopper,0.4699,0.9955,0.6384
18,Test,PF2,12,scorpion_fly,0.0612,0.0156,0.0248
18,Test,PF1,0,Aculeata,0.7691,0.8697,0.8163
18,Test,PF1,1,Araneomorphae,0.7256,0.868,0.7904
18,Test,PF1,2,Asilomorpha,0.8621,0.7616,0.8088
18,Test,PF1,3,Bibionomorpha,0.9862,0.8606,0.9191
18,Test,PF1,4,Cucujiformia,0.9108,0.7942,0.8485
18,Test,PF1,5,Culicomorpha,0.9189,0.992,0.9541
18,Test,PF1,6,Epidermaptera,0.6816,0.1189,0.2025
18,Test,PF1,7,Heterocera,0.5857,0.4638,0.5177
18,Test,PF1,8,Muscomorpha,0.8153,0.9117,0.8608
18,Test,PF1,9,Parasitica,0.514,0.6973,0.5918
18,Test,PF1,10,Pentatomomorpha,0.8745,0.7034,0.7797
18,Test,PF1,11,Plenitentoria,0.9984,0.8147,0.8972
18,Test,PF1,12,Rhopalocera,0.6833,0.9567,0.7972
18,Test,PF1,13,lacewing,0.4576,0.5861,0.5139
18,Test,PF1,14,saw_fly,0.9133,0.6936,0.7884
18,Test,Leaf Class (Softmax),0,Ichneumonoidea,0.4429,0.7825,0.5656
18,Test,Leaf Class (Softmax),1,Muscoidea,0.3747,0.677,0.4824
18,Test,Leaf Class (Softmax),2,ant,0.7692,0.8015,0.785
18,Test,Leaf Class (Softmax),3,ant_beetle,0.9089,0.8921,0.9004
18,Test,Leaf Class (Softmax),4,bug,0.9344,0.7018,0.8016
18,Test,Leaf Class (Softmax),5,butterfly,0.8272,0.9478,0.8834
18,Test,Leaf Class (Softmax),6,caddisfly,0.9995,0.8134,0.8969
18,Test,Leaf Class (Softmax),7,dance_fly,0.9231,0.6133,0.7369
18,Test,Leaf Class (Softmax),8,earwig,0.75,0.076,0.1381
18,Test,Leaf Class (Softmax),9,fever_fly,0.9904,0.8025,0.8866
18,Test,Leaf Class (Softmax),10,flesh_fly,0.7539,0.8225,0.7867
18,Test,Leaf Class (Softmax),11,fly,0.4827,0.4045,0.4402
18,Test,Leaf Class (Softmax),12,fruit_fly,0.8011,0.59,0.6795
18,Test,Leaf Class (Softmax),13,hoverfly,0.7447,0.7658,0.7551
18,Test,Leaf Class (Softmax),14,ladybug,0.7726,0.9072,0.8345
18,Test,Leaf Class (Softmax),15,leaf_beetle,0.0142,0.0038,0.0061
18,Test,Leaf Class (Softmax),16,midge,0.9371,0.9905,0.9631
18,Test,Leaf Class (Softmax),17,moth,0.7076,0.495,0.5825
18,Test,Leaf Class (Softmax),18,robber_fly,0.6534,0.7847,0.7131
18,Test,Leaf Class (Softmax),19,spider,0.7146,0.8704,0.7848
18,Test,Leaf Class (Softmax),20,wasp,0.8293,0.8645,0.8465
18,Test,Leaf Class (Softmax),21,weevil,0.8095,0.753,0.7802
18,Test,Leaf Class (Sigmoid),0,Ichneumonoidea,0.545,0.7466,0.6301
18,Test,Leaf Class (Sigmoid),1,Muscoidea,0.4257,0.4675,0.4456
18,Test,Leaf Class (Sigmoid),2,ant,0.7612,0.8988,0.8243
18,Test,Leaf Class (Sigmoid),3,ant_beetle,0.938,0.9165,0.9271
18,Test,Leaf Class (Sigmoid),4,bug,0.8296,0.7088,0.7644
18,Test,Leaf Class (Sigmoid),5,butterfly,0.8136,0.9547,0.8785
18,Test,Leaf Class (Sigmoid),6,caddisfly,0.9995,0.8043,0.8913
18,Test,Leaf Class (Sigmoid),7,dance_fly,0.9055,0.6362,0.7473
18,Test,Leaf Class (Sigmoid),8,earwig,0.7396,0.1218,0.2092
18,Test,Leaf Class (Sigmoid),9,fever_fly,0.99,0.8379,0.9076
18,Test,Leaf Class (Sigmoid),10,flesh_fly,0.844,0.7305,0.7832
18,Test,Leaf Class (Sigmoid),11,fly,0.3946,0.601,0.4764
18,Test,Leaf Class (Sigmoid),12,fruit_fly,0.8749,0.5665,0.6877
18,Test,Leaf Class (Sigmoid),13,hoverfly,0.7338,0.7608,0.747
18,Test,Leaf Class (Sigmoid),14,ladybug,0.8751,0.9035,0.8891
18,Test,Leaf Class (Sigmoid),15,leaf_beetle,0.0034,0.0008,0.0013
18,Test,Leaf Class (Sigmoid),16,midge,0.9248,0.9925,0.9574
18,Test,Leaf Class (Sigmoid),17,moth,0.6949,0.7825,0.7361
18,Test,Leaf Class (Sigmoid),18,robber_fly,0.8318,0.78,0.8051
18,Test,Leaf Class (Sigmoid),19,spider,0.6661,0.8746,0.7562
18,Test,Leaf Class (Sigmoid),20,wasp,0.7857,0.8672,0.8245
18,Test,Leaf Class (Sigmoid),21,weevil,0.7754,0.7715,0.7734
19,Train,PF4,0,Arachnida,0.8895,0.988,0.9362
19,Train,PF4,1,Insecta,0.9999,0.9989,0.9994
19,Train,PF3,0,Araneae,0.956,0.9641,0.96
19,Train,PF3,1,Coleoptera,0.9773,0.9799,0.9786
19,Train,PF3,2,Dermaptera,0.8842,0.9411,0.9118
19,Train,PF3,3,Diptera,0.9851,0.9799,0.9825
19,Train,PF3,4,Hemiptera,0.9702,0.8804,0.9231
19,Train,PF3,5,Hymenoptera,0.9633,0.9551,0.9592
19,Train,PF3,6,Lepidoptera,0.9703,0.9174,0.9431
19,Train,PF3,7,Mecoptera,0.6826,0.2557,0.372
19,Train,PF3,8,Neuroptera,0.9531,0.9873,0.9699
19,Train,PF3,9,Orthoptera,0.8292,0.9878,0.9016
19,Train,PF3,10,Trichoptera,0.9923,0.9769,0.9846
19,Train,PF2,0,Apocrita,0.98,0.9509,0.9652
19,Train,PF2,1,Arneomorphae,0.9752,0.8812,0.9258
19,Train,PF2,2,Brachycera,0.9826,0.9815,0.982
19,Train,PF2,3,Forficulina,0.9176,0.9318,0.9246
19,Train,PF2,4,Glossata,0.9792,0.8477,0.9087
19,Train,PF2,5,Hemerobiiformia,0.9667,0.9822,0.9744
19,Train,PF2,6,Heteroptera,0.9718,0.8934,0.9309
19,Train,PF2,7,Integripalpia,0.9957,0.9712,0.9833
19,Train,PF2,8,Nematocera,0.9863,0.9685,0.9773
19,Train,PF2,9,Polyphaga,0.9852,0.973,0.9791
19,Train,PF2,10,Symphyta,0.9214,0.9445,0.9328
19,Train,PF2,11,grasshopper,0.7327,0.9938,0.8435
19,Train,PF2,12,scorpion_fly,0.5171,0.0802,0.1389
19,Train,PF1,0,Aculeata,0.9728,0.9607,0.9667
19,Train,PF1,1,Araneomorphae,0.9676,0.9681,0.9678
19,Train,PF1,2,Asilomorpha,0.9754,0.9802,0.9778
19,Train,PF1,3,Bibionomorpha,0.9762,0.9807,0.9785
19,Train,PF1,4,Cucujiformia,0.9868,0.9801,0.9834
19,Train,PF1,5,Culicomorpha,0.9929,0.9831,0.988
19,Train,PF1,6,Epidermaptera,0.9296,0.9318,0.9307
19,Train,PF1,7,Heterocera,0.986,0.9293,0.9568
19,Train,PF1,8,Muscomorpha,0.9751,0.9861,0.9806
19,Train,PF1,9,Parasitica,0.9464,0.9023,0.9238
19,Train,PF1,10,Pentatomomorpha,0.9771,0.8889,0.9309
19,Train,PF1,11,Plenitentoria,0.9902,0.9921,0.9911
19,Train,PF1,12,Rhopalocera,0.9496,0.9612,0.9554
19,Train,PF1,13,lacewing,0.9479,0.9915,0.9692
19,Train,PF1,14,saw_fly,0.9472,0.9402,0.9437
19,Train,Leaf Class (Softmax),0,Ichneumonoidea,0.932,0.9159,0.9239
19,Train,Leaf Class (Softmax),1,Muscoidea,0.7574,0.7154,0.7358
19,Train,Leaf Class (Softmax),2,ant,0.9734,0.9831,0.9782
19,Train,Leaf Class (Softmax),3,ant_beetle,0.9838,0.9805,0.9822
19,Train,Leaf Class (Softmax),4,bug,0.9514,0.9391,0.9452
19,Train,Leaf Class (Softmax),5,butterfly,0.9659,0.9612,0.9635
19,Train,Leaf Class (Softmax),6,caddisfly,0.9936,0.9928,0.9932
19,Train,Leaf Class (Softmax),7,dance_fly,0.9443,0.9411,0.9427
19,Train,Leaf Class (Softmax),8,earwig,0.9538,0.945,0.9494
19,Train,Leaf Class (Softmax),9,fever_fly,0.9772,0.9772,0.9772
19,Train,Leaf Class (Softmax),10,flesh_fly,0.9329,0.9244,0.9286
19,Train,Leaf Class (Softmax),11,fly,0.7108,0.7566,0.733
19,Train,Leaf Class (Softmax),12,fruit_fly,0.9706,0.9734,0.972
19,Train,Leaf Class (Softmax),13,hoverfly,0.9646,0.9677,0.9661
19,Train,Leaf Class (Softmax),14,ladybug,0.9823,0.9832,0.9828
19,Train,Leaf Class (Softmax),15,leaf_beetle,0.9863,0.9871,0.9867
19,Train,Leaf Class (Softmax),16,midge,0.9897,0.9884,0.9891
19,Train,Leaf Class (Softmax),17,moth,0.9728,0.9664,0.9696
19,Train,Leaf Class (Softmax),18,robber_fly,0.984,0.9828,0.9834
19,Train,Leaf Class (Softmax),19,spider,0.9651,0.9805,0.9728
19,Train,Leaf Class (Softmax),20,wasp,0.8969,0.8305,0.8624
19,Train,Leaf Class (Softmax),21,weevil,0.9848,0.9877,0.9863
19,Train,Leaf Class (Sigmoid),0,Ichneumonoidea,0.8994,0.9365,0.9176
19,Train,Leaf Class (Sigmoid),1,Muscoidea,0.62,0.8908,0.7311
19,Train,Leaf Class (Sigmoid),2,ant,0.9774,0.9781,0.9778
19,Train,Leaf Class (Sigmoid),3,ant_beetle,0.9794,0.9809,0.9802
19,Train,Leaf Class (Sigmoid),4,bug,0.9716,0.9058,0.9375
19,Train,Leaf Class (Sigmoid),5,butterfly,0.9835,0.9159,0.9485
19,Train,Leaf Class (Sigmoid),6,caddisfly,0.9894,0.9921,0.9907
19,Train,Leaf Class (Sigmoid),7,dance_fly,0.9633,0.913,0.9375
19,Train,Leaf Class (Sigmoid),8,earwig,0.9637,0.9264,0.9447
19,Train,Leaf Class (Sigmoid),9,fever_fly,0.983,0.9718,0.9774
19,Train,Leaf Class (Sigmoid),10,flesh_fly,0.9123,0.9348,0.9234
19,Train,Leaf Class (Sigmoid),11,fly,0.8266,0.4646,0.5949
19,Train,Leaf Class (Sigmoid),12,fruit_fly,0.9618,0.9774,0.9695
19,Train,Leaf Class (Sigmoid),13,hoverfly,0.9667,0.9638,0.9653
19,Train,Leaf Class (Sigmoid),14,ladybug,0.9674,0.9864,0.9768
19,Train,Leaf Class (Sigmoid),15,leaf_beetle,0.9771,0.9884,0.9827
19,Train,Leaf Class (Sigmoid),16,midge,0.9956,0.9798,0.9876
19,Train,Leaf Class (Sigmoid),17,moth,0.9879,0.9483,0.9677
19,Train,Leaf Class (Sigmoid),18,robber_fly,0.9774,0.9852,0.9813
19,Train,Leaf Class (Sigmoid),19,spider,0.9567,0.9711,0.9638
19,Train,Leaf Class (Sigmoid),20,wasp,0.8955,0.8073,0.8491
19,Train,Leaf Class (Sigmoid),21,weevil,0.9866,0.9806,0.9836
19,Test,PF4,0,Arachnida,0.5859,0.874,0.7015
19,Test,PF4,1,Insecta,0.9971,0.9857,0.9913
19,Test,PF3,0,Araneae,0.6433,0.8728,0.7407
19,Test,PF3,1,Coleoptera,0.868,0.7795,0.8214
19,Test,PF3,2,Dermaptera,0.9034,0.155,0.2646
19,Test,PF3,3,Diptera,0.8961,0.9444,0.9196
19,Test,PF3,4,Hemiptera,0.9745,0.6764,0.7985
19,Test,PF3,5,Hymenoptera,0.7528,0.8255,0.7875
19,Test,PF3,6,Lepidoptera,0.7454,0.4819,0.5854
19,Test,PF3,7,Mecoptera,0.3824,0.2425,0.2968
19,Test,PF3,8,Neuroptera,0.5516,0.5112,0.5306
19,Test,PF3,9,Orthoptera,0.6215,0.9222,0.7426
19,Test,PF3,10,Trichoptera,0.9964,0.8254,0.9029
19,Test,PF2,0,Apocrita,0.7433,0.8617,0.7982
19,Test,PF2,1,Arneomorphae,0.6875,0.874,0.7696
19,Test,PF2,2,Brachycera,0.8726,0.9407,0.9054
19,Test,PF2,3,Forficulina,0.8087,0.0906,0.163
19,Test,PF2,4,Glossata,0.8141,0.4873,0.6097
19,Test,PF2,5,Hemerobiiformia,0.6483,0.4353,0.5208
19,Test,PF2,6,Heteroptera,0.9724,0.6787,0.7995
19,Test,PF2,7,Integripalpia,0.9974,0.8194,0.8997
19,Test,PF2,8,Nematocera,0.9625,0.9631,0.9628
19,Test,PF2,9,Polyphaga,0.9179,0.7738,0.8397
19,Test,PF2,10,Symphyta,0.9464,0.6472,0.7687
19,Test,PF2,11,grasshopper,0.5289,0.973,0.6853
19,Test,PF2,12,scorpion_fly,0.3316,0.0817,0.1311
19,Test,PF1,0,Aculeata,0.7487,0.8841,0.8108
19,Test,PF1,1,Araneomorphae,0.6564,0.8746,0.7499
19,Test,PF1,2,Asilomorpha,0.7235,0.8253,0.771
19,Test,PF1,3,Bibionomorpha,0.974,0.9023,0.9368
19,Test,PF1,4,Cucujiformia,0.9095,0.7819,0.8409
19,Test,PF1,5,Culicomorpha,0.9063,0.9885,0.9456
19,Test,PF1,6,Epidermaptera,0.8955,0.117,0.2069
19,Test,PF1,7,Heterocera,0.7104,0.3612,0.479
19,Test,PF1,8,Muscomorpha,0.8219,0.8912,0.8551
19,Test,PF1,9,Parasitica,0.4162,0.6682,0.5129
19,Test,PF1,10,Pentatomomorpha,0.9725,0.6803,0.8005
19,Test,PF1,11,Plenitentoria,0.9946,0.8698,0.928
19,Test,PF1,12,Rhopalocera,0.7878,0.9655,0.8676
19,Test,PF1,13,lacewing,0.457,0.6214,0.5267
19,Test,PF1,14,saw_fly,0.9207,0.6386,0.7541
19,Test,Leaf Class (Softmax),0,Ichneumonoidea,0.3473,0.7982,0.484
19,Test,Leaf Class (Softmax),1,Muscoidea,0.3952,0.6418,0.4891
19,Test,Leaf Class (Softmax),2,ant,0.7604,0.909,0.8281
19,Test,Leaf Class (Softmax),3,ant_beetle,0.8785,0.9135,0.8957
19,Test,Leaf Class (Softmax),4,bug,0.9858,0.6949,0.8152
19,Test,Leaf Class (Softmax),5,butterfly,0.8756,0.9498,0.9112
19,Test,Leaf Class (Softmax),6,caddisfly,0.9942,0.8935,0.9412
19,Test,Leaf Class (Softmax),7,dance_fly,0.7937,0.7132,0.7513
19,Test,Leaf Class (Softmax),8,earwig,0.9494,0.0731,0.1357
19,Test,Leaf Class (Softmax),9,fever_fly,0.9812,0.8854,0.9308
19,Test,Leaf Class (Softmax),10,flesh_fly,0.8177,0.7895,0.8034
19,Test,Leaf Class (Softmax),11,fly,0.3638,0.3658,0.3648
19,Test,Leaf Class (Softmax),12,fruit_fly,0.8288,0.5858,0.6864
19,Test,Leaf Class (Softmax),13,hoverfly,0.8918,0.7148,0.7935
19,Test,Leaf Class (Softmax),14,ladybug,0.7827,0.913,0.8428
19,Test,Leaf Class (Softmax),15,leaf_beetle,0.0209,0.0038,0.0065
19,Test,Leaf Class (Softmax),16,midge,0.9323,0.9878,0.9592
19,Test,Leaf Class (Softmax),17,moth,0.8151,0.4552,0.5842
19,Test,Leaf Class (Softmax),18,robber_fly,0.6229,0.838,0.7146
19,Test,Leaf Class (Softmax),19,spider,0.6452,0.8746,0.7426
19,Test,Leaf Class (Softmax),20,wasp,0.7614,0.8502,0.8033
19,Test,Leaf Class (Softmax),21,weevil,0.8183,0.7418,0.7781
19,Test,Leaf Class (Sigmoid),0,Ichneumonoidea,0.4051,0.7175,0.5178
19,Test,Leaf Class (Sigmoid),1,Muscoidea,0.4642,0.4382,0.4509
19,Test,Leaf Class (Sigmoid),2,ant,0.7414,0.9145,0.8189
19,Test,Leaf Class (Sigmoid),3,ant_beetle,0.9106,0.9032,0.9069
19,Test,Leaf Class (Sigmoid),4,bug,0.9713,0.7049,0.817
19,Test,Leaf Class (Sigmoid),5,butterfly,0.8526,0.9517,0.8994
19,Test,Leaf Class (Sigmoid),6,caddisfly,0.9954,0.8461,0.9147
19,Test,Leaf Class (Sigmoid),7,dance_fly,0.7728,0.7109,0.7406
19,Test,Leaf Class (Sigmoid),8,earwig,0.9007,0.1238,0.2177
19,Test,Leaf Class (Sigmoid),9,fever_fly,0.9734,0.9052,0.938
19,Test,Leaf Class (Sigmoid),10,flesh_fly,0.8528,0.6835,0.7588
19,Test,Leaf Class (Sigmoid),11,fly,0.3026,0.6182,0.4063
19,Test,Leaf Class (Sigmoid),12,fruit_fly,0.8549,0.5642,0.6798
19,Test,Leaf Class (Sigmoid),13,hoverfly,0.8916,0.7015,0.7852
19,Test,Leaf Class (Sigmoid),14,ladybug,0.9372,0.906,0.9213
19,Test,Leaf Class (Sigmoid),15,leaf_beetle,0.0321,0.0046,0.0081
19,Test,Leaf Class (Sigmoid),16,midge,0.896,0.9908,0.941
19,Test,Leaf Class (Sigmoid),17,moth,0.747,0.4768,0.582
19,Test,Leaf Class (Sigmoid),18,robber_fly,0.6399,0.824,0.7204
19,Test,Leaf Class (Sigmoid),19,spider,0.655,0.8692,0.747
19,Test,Leaf Class (Sigmoid),20,wasp,0.7461,0.8575,0.7979
19,Test,Leaf Class (Sigmoid),21,weevil,0.8039,0.7482,0.7751
20,Train,PF4,0,Arachnida,0.8727,0.989,0.9273
20,Train,PF4,1,Insecta,0.9999,0.9988,0.9993
20,Train,PF3,0,Araneae,0.9541,0.9536,0.9538
20,Train,PF3,1,Coleoptera,0.9758,0.9777,0.9767
20,Train,PF3,2,Dermaptera,0.8848,0.9411,0.9121
20,Train,PF3,3,Diptera,0.9835,0.9781,0.9808
20,Train,PF3,4,Hemiptera,0.9842,0.877,0.9275
20,Train,PF3,5,Hymenoptera,0.959,0.9496,0.9543
20,Train,PF3,6,Lepidoptera,0.9675,0.9098,0.9378
20,Train,PF3,7,Mecoptera,0.6753,0.2431,0.3575
20,Train,PF3,8,Neuroptera,0.9527,0.9875,0.9698
20,Train,PF3,9,Orthoptera,0.8178,0.9883,0.895
20,Train,PF3,10,Trichoptera,0.993,0.9727,0.9828
20,Train,PF2,0,Apocrita,0.9779,0.9441,0.9607
20,Train,PF2,1,Arneomorphae,0.9774,0.8648,0.9177
20,Train,PF2,2,Brachycera,0.9805,0.9803,0.9804
20,Train,PF2,3,Forficulina,0.9162,0.9326,0.9243
20,Train,PF2,4,Glossata,0.9772,0.8395,0.9031
20,Train,PF2,5,Hemerobiiformia,0.9657,0.9839,0.9747
20,Train,PF2,6,Heteroptera,0.9797,0.8968,0.9364
20,Train,PF2,7,Integripalpia,0.9961,0.9644,0.98
20,Train,PF2,8,Nematocera,0.9864,0.9657,0.976
20,Train,PF2,9,Polyphaga,0.9841,0.9713,0.9776
20,Train,PF2,10,Symphyta,0.9197,0.9371,0.9283
20,Train,PF2,11,grasshopper,0.7282,0.9932,0.8403
20,Train,PF2,12,scorpion_fly,0.5278,0.0965,0.1632
20,Train,PF1,0,Aculeata,0.97,0.9577,0.9638
20,Train,PF1,1,Araneomorphae,0.9645,0.9631,0.9638
20,Train,PF1,2,Asilomorpha,0.973,0.9794,0.9762
20,Train,PF1,3,Bibionomorpha,0.9761,0.9782,0.9772
20,Train,PF1,4,Cucujiformia,0.9862,0.978,0.9821
20,Train,PF1,5,Culicomorpha,0.9942,0.9819,0.988
20,Train,PF1,6,Epidermaptera,0.9307,0.9372,0.934
20,Train,PF1,7,Heterocera,0.9837,0.9259,0.9539
20,Train,PF1,8,Muscomorpha,0.9736,0.9858,0.9796
20,Train,PF1,9,Parasitica,0.9431,0.8887,0.9151
20,Train,PF1,10,Pentatomomorpha,0.987,0.8985,0.9407
20,Train,PF1,11,Plenitentoria,0.9902,0.9909,0.9905
20,Train,PF1,12,Rhopalocera,0.9557,0.9426,0.9491
20,Train,PF1,13,lacewing,0.9462,0.9932,0.9691
20,Train,PF1,14,saw_fly,0.945,0.9358,0.9404
20,Train,Leaf Class (Softmax),0,Ichneumonoidea,0.9339,0.9089,0.9212
20,Train,Leaf Class (Softmax),1,Muscoidea,0.7515,0.7139,0.7322
20,Train,Leaf Class (Softmax),2,ant,0.9687,0.9801,0.9744
20,Train,Leaf Class (Softmax),3,ant_beetle,0.982,0.9798,0.9809
20,Train,Leaf Class (Softmax),4,bug,0.9623,0.9357,0.9488
20,Train,Leaf Class (Softmax),5,butterfly,0.9581,0.9426,0.9502
20,Train,Leaf Class (Softmax),6,caddisfly,0.9939,0.9917,0.9928
20,Train,Leaf Class (Softmax),7,dance_fly,0.9372,0.929,0.9331
20,Train,Leaf Class (Softmax),8,earwig,0.9532,0.9473,0.9502
20,Train,Leaf Class (Softmax),9,fever_fly,0.9783,0.9829,0.9806
20,Train,Leaf Class (Softmax),10,flesh_fly,0.9337,0.9245,0.9291
20,Train,Leaf Class (Softmax),11,fly,0.708,0.7498,0.7283
20,Train,Leaf Class (Softmax),12,fruit_fly,0.9659,0.9688,0.9673
20,Train,Leaf Class (Softmax),13,hoverfly,0.9618,0.9651,0.9634
20,Train,Leaf Class (Softmax),14,ladybug,0.9797,0.9819,0.9808
20,Train,Leaf Class (Softmax),15,leaf_beetle,0.9847,0.9868,0.9857
20,Train,Leaf Class (Softmax),16,midge,0.9893,0.9857,0.9875
20,Train,Leaf Class (Softmax),17,moth,0.9706,0.9654,0.968
20,Train,Leaf Class (Softmax),18,robber_fly,0.983,0.983,0.983
20,Train,Leaf Class (Softmax),19,spider,0.9621,0.9755,0.9688
20,Train,Leaf Class (Softmax),20,wasp,0.8917,0.8208,0.8548
20,Train,Leaf Class (Softmax),21,weevil,0.9833,0.9853,0.9843
20,Train,Leaf Class (Sigmoid),0,Ichneumonoidea,0.8963,0.9303,0.913
20,Train,Leaf Class (Sigmoid),1,Muscoidea,0.6252,0.8894,0.7342
20,Train,Leaf Class (Sigmoid),2,ant,0.9727,0.9761,0.9744
20,Train,Leaf Class (Sigmoid),3,ant_beetle,0.9768,0.9779,0.9774
20,Train,Leaf Class (Sigmoid),4,bug,0.9819,0.9165,0.9481
20,Train,Leaf Class (Sigmoid),5,butterfly,0.9825,0.9102,0.945
20,Train,Leaf Class (Sigmoid),6,caddisfly,0.9913,0.9902,0.9907
20,Train,Leaf Class (Sigmoid),7,dance_fly,0.9598,0.8956,0.9266
20,Train,Leaf Class (Sigmoid),8,earwig,0.9746,0.9225,0.9478
20,Train,Leaf Class (Sigmoid),9,fever_fly,0.9792,0.9725,0.9758
20,Train,Leaf Class (Sigmoid),10,flesh_fly,0.9101,0.932,0.9209
20,Train,Leaf Class (Sigmoid),11,fly,0.8267,0.47,0.5993
20,Train,Leaf Class (Sigmoid),12,fruit_fly,0.952,0.9754,0.9636
20,Train,Leaf Class (Sigmoid),13,hoverfly,0.965,0.9614,0.9632
20,Train,Leaf Class (Sigmoid),14,ladybug,0.9662,0.986,0.976
20,Train,Leaf Class (Sigmoid),15,leaf_beetle,0.9747,0.9889,0.9817
20,Train,Leaf Class (Sigmoid),16,midge,0.9959,0.9802,0.988
20,Train,Leaf Class (Sigmoid),17,moth,0.9857,0.9444,0.9646
20,Train,Leaf Class (Sigmoid),18,robber_fly,0.977,0.9858,0.9814
20,Train,Leaf Class (Sigmoid),19,spider,0.9579,0.9651,0.9615
20,Train,Leaf Class (Sigmoid),20,wasp,0.8885,0.801,0.8425
20,Train,Leaf Class (Sigmoid),21,weevil,0.9856,0.9792,0.9824
20,Test,PF4,0,Arachnida,0.5727,0.8758,0.6925
20,Test,PF4,1,Insecta,0.9971,0.9849,0.9909
20,Test,PF3,0,Araneae,0.5975,0.8758,0.7104
20,Test,PF3,1,Coleoptera,0.8044,0.7839,0.794
20,Test,PF3,2,Dermaptera,0.7449,0.0712,0.1299
20,Test,PF3,3,Diptera,0.9162,0.9271,0.9216
20,Test,PF3,4,Hemiptera,0.9703,0.7049,0.8166
20,Test,PF3,5,Hymenoptera,0.7391,0.7975,0.7672
20,Test,PF3,6,Lepidoptera,0.677,0.4944,0.5715
20,Test,PF3,7,Mecoptera,0.37,0.1089,0.1683
20,Test,PF3,8,Neuroptera,0.5827,0.4285,0.4939
20,Test,PF3,9,Orthoptera,0.5984,0.955,0.7357
20,Test,PF3,10,Trichoptera,0.9943,0.9728,0.9834
20,Test,PF2,0,Apocrita,0.7349,0.8426,0.7851
20,Test,PF2,1,Arneomorphae,0.6254,0.8758,0.7298
20,Test,PF2,2,Brachycera,0.8858,0.9232,0.9041
20,Test,PF2,3,Forficulina,0.7869,0.0468,0.0883
20,Test,PF2,4,Glossata,0.7743,0.5027,0.6096
20,Test,PF2,5,Hemerobiiformia,0.652,0.3323,0.4402
20,Test,PF2,6,Heteroptera,0.9701,0.6988,0.8124
20,Test,PF2,7,Integripalpia,0.9964,0.9668,0.9814
20,Test,PF2,8,Nematocera,0.9483,0.9416,0.9449
20,Test,PF2,9,Polyphaga,0.8661,0.7757,0.8184
20,Test,PF2,10,Symphyta,0.9089,0.6684,0.7703
20,Test,PF2,11,grasshopper,0.5256,0.987,0.686
20,Test,PF2,12,scorpion_fly,0.1979,0.0246,0.0438
20,Test,PF1,0,Aculeata,0.735,0.8747,0.7988
20,Test,PF1,1,Araneomorphae,0.6088,0.8758,0.7183
20,Test,PF1,2,Asilomorpha,0.8883,0.737,0.8056
20,Test,PF1,3,Bibionomorpha,0.9669,0.8061,0.8792
20,Test,PF1,4,Cucujiformia,0.8733,0.7796,0.8238
20,Test,PF1,5,Culicomorpha,0.9403,0.989,0.9641
20,Test,PF1,6,Epidermaptera,0.6765,0.0224,0.0434
20,Test,PF1,7,Heterocera,0.7826,0.4175,0.5445
20,Test,PF1,8,Muscomorpha,0.8186,0.9269,0.8694
20,Test,PF1,9,Parasitica,0.604,0.6771,0.6385
20,Test,PF1,10,Pentatomomorpha,0.9638,0.698,0.8097
20,Test,PF1,11,Plenitentoria,0.993,0.9759,0.9843
20,Test,PF1,12,Rhopalocera,0.7199,0.9596,0.8226
20,Test,PF1,13,lacewing,0.4398,0.6292,0.5178
20,Test,PF1,14,saw_fly,0.8919,0.6569,0.7566
20,Test,Leaf Class (Softmax),0,Ichneumonoidea,0.4472,0.7309,0.5549
20,Test,Leaf Class (Softmax),1,Muscoidea,0.3866,0.7565,0.5117
20,Test,Leaf Class (Softmax),2,ant,0.7435,0.871,0.8022
20,Test,Leaf Class (Softmax),3,ant_beetle,0.9121,0.8817,0.8967
20,Test,Leaf Class (Softmax),4,bug,0.9681,0.7018,0.8138
20,Test,Leaf Class (Softmax),5,butterfly,0.8101,0.933,0.8672
20,Test,Leaf Class (Softmax),6,caddisfly,0.9899,0.9746,0.9822
20,Test,Leaf Class (Softmax),7,dance_fly,0.9053,0.6781,0.7754
20,Test,Leaf Class (Softmax),8,earwig,0.0,0.0,0.0
20,Test,Leaf Class (Softmax),9,fever_fly,0.9938,0.7919,0.8814
20,Test,Leaf Class (Softmax),10,flesh_fly,0.6961,0.7965,0.7429
20,Test,Leaf Class (Softmax),11,fly,0.4405,0.3055,0.3608
20,Test,Leaf Class (Softmax),12,fruit_fly,0.8791,0.6162,0.7246
20,Test,Leaf Class (Softmax),13,hoverfly,0.6777,0.775,0.7231
20,Test,Leaf Class (Softmax),14,ladybug,0.8309,0.91,0.8686
20,Test,Leaf Class (Softmax),15,leaf_beetle,0.0361,0.02,0.0257
20,Test,Leaf Class (Softmax),16,midge,0.9503,0.9885,0.969
20,Test,Leaf Class (Softmax),17,moth,0.8234,0.5222,0.6391
20,Test,Leaf Class (Softmax),18,robber_fly,0.8642,0.722,0.7867
20,Test,Leaf Class (Softmax),19,spider,0.5983,0.8758,0.7109
20,Test,Leaf Class (Softmax),20,wasp,0.7477,0.8787,0.808
20,Test,Leaf Class (Softmax),21,weevil,0.8707,0.7425,0.8015
20,Test,Leaf Class (Sigmoid),0,Ichneumonoidea,0.5567,0.704,0.6218
20,Test,Leaf Class (Sigmoid),1,Muscoidea,0.3939,0.6802,0.4989
20,Test,Leaf Class (Sigmoid),2,ant,0.7391,0.8782,0.8027
20,Test,Leaf Class (Sigmoid),3,ant_beetle,0.9265,0.8943,0.9101
20,Test,Leaf Class (Sigmoid),4,bug,0.9117,0.708,0.7971
20,Test,Leaf Class (Sigmoid),5,butterfly,0.7742,0.9527,0.8542
20,Test,Leaf Class (Sigmoid),6,caddisfly,0.9921,0.9746,0.9833
20,Test,Leaf Class (Sigmoid),7,dance_fly,0.8914,0.6888,0.7771
20,Test,Leaf Class (Sigmoid),8,earwig,0.6364,0.0136,0.0267
20,Test,Leaf Class (Sigmoid),9,fever_fly,0.99,0.8386,0.908
20,Test,Leaf Class (Sigmoid),10,flesh_fly,0.7704,0.719,0.7438
20,Test,Leaf Class (Sigmoid),11,fly,0.4,0.4152,0.4075
20,Test,Leaf Class (Sigmoid),12,fruit_fly,0.9273,0.5928,0.7232
20,Test,Leaf Class (Sigmoid),13,hoverfly,0.7292,0.7668,0.7475
20,Test,Leaf Class (Sigmoid),14,ladybug,0.9142,0.9085,0.9113
20,Test,Leaf Class (Sigmoid),15,leaf_beetle,0.0299,0.0146,0.0196
20,Test,Leaf Class (Sigmoid),16,midge,0.9431,0.9902,0.9661
20,Test,Leaf Class (Sigmoid),17,moth,0.804,0.726,0.763
20,Test,Leaf Class (Sigmoid),18,robber_fly,0.9047,0.7218,0.8029
20,Test,Leaf Class (Sigmoid),19,spider,0.5873,0.8758,0.7031
20,Test,Leaf Class (Sigmoid),20,wasp,0.7017,0.887,0.7835
20,Test,Leaf Class (Sigmoid),21,weevil,0.8492,0.7515,0.7973
21,Train,PF4,0,Arachnida,0.8909,0.986,0.936
21,Train,PF4,1,Insecta,0.9999,0.999,0.9994
21,Train,PF3,0,Araneae,0.9615,0.9591,0.9603
21,Train,PF3,1,Coleoptera,0.9785,0.9787,0.9786
21,Train,PF3,2,Dermaptera,0.891,0.9511,0.9201
21,Train,PF3,3,Diptera,0.9853,0.9803,0.9828
21,Train,PF3,4,Hemiptera,0.9764,0.8849,0.9284
21,Train,PF3,5,Hymenoptera,0.965,0.9568,0.9609
21,Train,PF3,6,Lepidoptera,0.967,0.919,0.9424
21,Train,PF3,7,Mecoptera,0.678,0.2349,0.349
21,Train,PF3,8,Neuroptera,0.9564,0.9894,0.9727
21,Train,PF3,9,Orthoptera,0.8235,0.9864,0.8976
21,Train,PF3,10,Trichoptera,0.9942,0.9803,0.9872
21,Train,PF2,0,Apocrita,0.9796,0.9527,0.966
21,Train,PF2,1,Arneomorphae,0.9781,0.8708,0.9213
21,Train,PF2,2,Brachycera,0.9829,0.9814,0.9822
21,Train,PF2,3,Forficulina,0.9268,0.9325,0.9296
21,Train,PF2,4,Glossata,0.9784,0.8548,0.9124
21,Train,PF2,5,Hemerobiiformia,0.9681,0.9877,0.9778
21,Train,PF2,6,Heteroptera,0.9719,0.8979,0.9335
21,Train,PF2,7,Integripalpia,0.9957,0.9716,0.9835
21,Train,PF2,8,Nematocera,0.9887,0.9696,0.9791
21,Train,PF2,9,Polyphaga,0.9861,0.9731,0.9796
21,Train,PF2,10,Symphyta,0.9272,0.9443,0.9356
21,Train,PF2,11,grasshopper,0.7331,0.993,0.8435
21,Train,PF2,12,scorpion_fly,0.4841,0.068,0.1192
21,Train,PF1,0,Aculeata,0.9716,0.9623,0.967
21,Train,PF1,1,Araneomorphae,0.9672,0.9706,0.9689
21,Train,PF1,2,Asilomorpha,0.9753,0.9791,0.9772
21,Train,PF1,3,Bibionomorpha,0.979,0.9829,0.9809
21,Train,PF1,4,Cucujiformia,0.9876,0.9801,0.9839
21,Train,PF1,5,Culicomorpha,0.9954,0.9848,0.9901
21,Train,PF1,6,Epidermaptera,0.9359,0.9395,0.9377
21,Train,PF1,7,Heterocera,0.9849,0.9317,0.9576
21,Train,PF1,8,Muscomorpha,0.9755,0.986,0.9807
21,Train,PF1,9,Parasitica,0.9498,0.9048,0.9267
21,Train,PF1,10,Pentatomomorpha,0.9808,0.8934,0.9351
21,Train,PF1,11,Plenitentoria,0.9917,0.9924,0.9921
21,Train,PF1,12,Rhopalocera,0.9474,0.962,0.9546
21,Train,PF1,13,lacewing,0.9528,0.9945,0.9732
21,Train,PF1,14,saw_fly,0.9462,0.9435,0.9448
21,Train,Leaf Class (Softmax),0,Ichneumonoidea,0.9415,0.9225,0.9319
21,Train,Leaf Class (Softmax),1,Muscoidea,0.7637,0.722,0.7422
21,Train,Leaf Class (Softmax),2,ant,0.9732,0.9826,0.9779
21,Train,Leaf Class (Softmax),3,ant_beetle,0.9861,0.9809,0.9835
21,Train,Leaf Class (Softmax),4,bug,0.9559,0.9408,0.9483
21,Train,Leaf Class (Softmax),5,butterfly,0.9627,0.9595,0.9611
21,Train,Leaf Class (Softmax),6,caddisfly,0.9928,0.9947,0.9938
21,Train,Leaf Class (Softmax),7,dance_fly,0.9512,0.9391,0.9451
21,Train,Leaf Class (Softmax),8,earwig,0.9519,0.9519,0.9519
21,Train,Leaf Class (Softmax),9,fever_fly,0.9829,0.9864,0.9847
21,Train,Leaf Class (Softmax),10,flesh_fly,0.9364,0.9301,0.9333
21,Train,Leaf Class (Softmax),11,fly,0.7179,0.7632,0.7398
21,Train,Leaf Class (Softmax),12,fruit_fly,0.9709,0.9721,0.9715
21,Train,Leaf Class (Softmax),13,hoverfly,0.966,0.969,0.9675
21,Train,Leaf Class (Softmax),14,ladybug,0.9828,0.984,0.9834
21,Train,Leaf Class (Softmax),15,leaf_beetle,0.9857,0.9878,0.9868
21,Train,Leaf Class (Softmax),16,midge,0.9927,0.9888,0.9908
21,Train,Leaf Class (Softmax),17,moth,0.9698,0.967,0.9684
21,Train,Leaf Class (Softmax),18,robber_fly,0.9853,0.9825,0.9839
21,Train,Leaf Class (Softmax),19,spider,0.9694,0.9795,0.9744
21,Train,Leaf Class (Softmax),20,wasp,0.9021,0.841,0.8705
21,Train,Leaf Class (Softmax),21,weevil,0.985,0.9868,0.9859
21,Train,Leaf Class (Sigmoid),0,Ichneumonoidea,0.9109,0.9398,0.9251
21,Train,Leaf Class (Sigmoid),1,Muscoidea,0.6425,0.8796,0.7426
21,Train,Leaf Class (Sigmoid),2,ant,0.9771,0.9787,0.9779
21,Train,Leaf Class (Sigmoid),3,ant_beetle,0.9831,0.9805,0.9818
21,Train,Leaf Class (Sigmoid),4,bug,0.9772,0.9182,0.9468
21,Train,Leaf Class (Sigmoid),5,butterfly,0.9762,0.928,0.9515
21,Train,Leaf Class (Sigmoid),6,caddisfly,0.9917,0.9951,0.9934
21,Train,Leaf Class (Sigmoid),7,dance_fly,0.9679,0.9076,0.9368
21,Train,Leaf Class (Sigmoid),8,earwig,0.9715,0.9247,0.9475
21,Train,Leaf Class (Sigmoid),9,fever_fly,0.987,0.9786,0.9828
21,Train,Leaf Class (Sigmoid),10,flesh_fly,0.9133,0.9373,0.9251
21,Train,Leaf Class (Sigmoid),11,fly,0.8228,0.5154,0.6338
21,Train,Leaf Class (Sigmoid),12,fruit_fly,0.9592,0.9776,0.9683
21,Train,Leaf Class (Sigmoid),13,hoverfly,0.969,0.9652,0.9671
21,Train,Leaf Class (Sigmoid),14,ladybug,0.969,0.9876,0.9782
21,Train,Leaf Class (Sigmoid),15,leaf_beetle,0.9757,0.9888,0.9822
21,Train,Leaf Class (Sigmoid),16,midge,0.9969,0.9821,0.9895
21,Train,Leaf Class (Sigmoid),17,moth,0.9863,0.9489,0.9672
21,Train,Leaf Class (Sigmoid),18,robber_fly,0.9786,0.9849,0.9817
21,Train,Leaf Class (Sigmoid),19,spider,0.9613,0.9676,0.9644
21,Train,Leaf Class (Sigmoid),20,wasp,0.8971,0.8107,0.8517
21,Train,Leaf Class (Sigmoid),21,weevil,0.9868,0.9814,0.9841
21,Test,PF4,0,Arachnida,0.5798,0.8758,0.6977
21,Test,PF4,1,Insecta,0.9971,0.9853,0.9912
21,Test,PF3,0,Araneae,0.6161,0.874,0.7228
21,Test,PF3,1,Coleoptera,0.9136,0.7499,0.8237
21,Test,PF3,2,Dermaptera,0.3182,0.0068,0.0134
21,Test,PF3,3,Diptera,0.882,0.9547,0.9169
21,Test,PF3,4,Hemiptera,0.9613,0.6703,0.7898
21,Test,PF3,5,Hymenoptera,0.7847,0.8117,0.798
21,Test,PF3,6,Lepidoptera,0.7409,0.4759,0.5795
21,Test,PF3,7,Mecoptera,0.3343,0.31,0.3217
21,Test,PF3,8,Neuroptera,0.5341,0.4072,0.4621
21,Test,PF3,9,Orthoptera,0.6311,0.9575,0.7608
21,Test,PF3,10,Trichoptera,0.9869,0.9759,0.9814
21,Test,PF2,0,Apocrita,0.7879,0.8552,0.8202
21,Test,PF2,1,Arneomorphae,0.6664,0.8734,0.756
21,Test,PF2,2,Brachycera,0.8412,0.951,0.8927
21,Test,PF2,3,Forficulina,0.1905,0.0039,0.0076
21,Test,PF2,4,Glossata,0.7933,0.4746,0.5939
21,Test,PF2,5,Hemerobiiformia,0.6488,0.3968,0.4924
21,Test,PF2,6,Heteroptera,0.9538,0.6687,0.7862
21,Test,PF2,7,Integripalpia,0.9864,0.9711,0.9787
21,Test,PF2,8,Nematocera,0.97,0.8829,0.9244
21,Test,PF2,9,Polyphaga,0.9402,0.7419,0.8293
21,Test,PF2,10,Symphyta,0.8995,0.6151,0.7306
21,Test,PF2,11,grasshopper,0.5615,0.9818,0.7144
21,Test,PF2,12,scorpion_fly,0.1963,0.0817,0.1154
21,Test,PF1,0,Aculeata,0.8128,0.8763,0.8434
21,Test,PF1,1,Araneomorphae,0.6268,0.8728,0.7296
21,Test,PF1,2,Asilomorpha,0.8102,0.8337,0.8218
21,Test,PF1,3,Bibionomorpha,0.9924,0.644,0.7811
21,Test,PF1,4,Cucujiformia,0.9452,0.747,0.8345
21,Test,PF1,5,Culicomorpha,0.9542,0.9835,0.9686
21,Test,PF1,6,Epidermaptera,0.1765,0.0029,0.0058
21,Test,PF1,7,Heterocera,0.7579,0.5102,0.6099
21,Test,PF1,8,Muscomorpha,0.79,0.9291,0.8539
21,Test,PF1,9,Parasitica,0.3185,0.6592,0.4295
21,Test,PF1,10,Pentatomomorpha,0.9604,0.6718,0.7906
21,Test,PF1,11,Plenitentoria,0.9848,0.9793,0.9821
21,Test,PF1,12,Rhopalocera,0.7152,0.9103,0.801
21,Test,PF1,13,lacewing,0.449,0.5127,0.4788
21,Test,PF1,14,saw_fly,0.8899,0.6111,0.7246
21,Test,Leaf Class (Softmax),0,Ichneumonoidea,0.3124,0.7354,0.4385
21,Test,Leaf Class (Softmax),1,Muscoidea,0.3684,0.7048,0.4838
21,Test,Leaf Class (Softmax),2,ant,0.7565,0.9042,0.8238
21,Test,Leaf Class (Softmax),3,ant_beetle,0.8858,0.8426,0.8636
21,Test,Leaf Class (Softmax),4,bug,0.9733,0.7018,0.8156
21,Test,Leaf Class (Softmax),5,butterfly,0.7892,0.8966,0.8395
21,Test,Leaf Class (Softmax),6,caddisfly,0.9856,0.975,0.9803
21,Test,Leaf Class (Softmax),7,dance_fly,0.9268,0.6278,0.7485
21,Test,Leaf Class (Softmax),8,earwig,0.0,0.0,0.0
21,Test,Leaf Class (Softmax),9,fever_fly,1.0,0.62,0.7654
21,Test,Leaf Class (Softmax),10,flesh_fly,0.7968,0.736,0.7652
21,Test,Leaf Class (Softmax),11,fly,0.4197,0.3777,0.3976
21,Test,Leaf Class (Softmax),12,fruit_fly,0.7889,0.6028,0.6834
21,Test,Leaf Class (Softmax),13,hoverfly,0.7056,0.8065,0.7527
21,Test,Leaf Class (Softmax),14,ladybug,0.9354,0.9192,0.9272
21,Test,Leaf Class (Softmax),15,leaf_beetle,0.1667,0.0307,0.0519
21,Test,Leaf Class (Softmax),16,midge,0.968,0.982,0.9749
21,Test,Leaf Class (Softmax),17,moth,0.8527,0.7238,0.783
21,Test,Leaf Class (Softmax),18,robber_fly,0.7663,0.9002,0.8279
21,Test,Leaf Class (Softmax),19,spider,0.6381,0.8746,0.7379
21,Test,Leaf Class (Softmax),20,wasp,0.923,0.8013,0.8578
21,Test,Leaf Class (Softmax),21,weevil,0.946,0.705,0.8079
21,Test,Leaf Class (Sigmoid),0,Ichneumonoidea,0.3145,0.6883,0.4318
21,Test,Leaf Class (Sigmoid),1,Muscoidea,0.3801,0.6085,0.4679
21,Test,Leaf Class (Sigmoid),2,ant,0.759,0.908,0.8269
21,Test,Leaf Class (Sigmoid),3,ant_beetle,0.9323,0.8248,0.8753
21,Test,Leaf Class (Sigmoid),4,bug,0.9696,0.6872,0.8043
21,Test,Leaf Class (Sigmoid),5,butterfly,0.7738,0.9133,0.8378
21,Test,Leaf Class (Sigmoid),6,caddisfly,0.9895,0.9772,0.9833
21,Test,Leaf Class (Sigmoid),7,dance_fly,0.9061,0.6407,0.7507
21,Test,Leaf Class (Sigmoid),8,earwig,0.0588,0.001,0.0019
21,Test,Leaf Class (Sigmoid),9,fever_fly,0.9989,0.6504,0.7878
21,Test,Leaf Class (Sigmoid),10,flesh_fly,0.8656,0.6762,0.7593
21,Test,Leaf Class (Sigmoid),11,fly,0.3927,0.5008,0.4402
21,Test,Leaf Class (Sigmoid),12,fruit_fly,0.8124,0.5952,0.6871
21,Test,Leaf Class (Sigmoid),13,hoverfly,0.6886,0.8082,0.7436
21,Test,Leaf Class (Sigmoid),14,ladybug,0.9652,0.9142,0.939
21,Test,Leaf Class (Sigmoid),15,leaf_beetle,0.1852,0.0307,0.0527
21,Test,Leaf Class (Sigmoid),16,midge,0.9662,0.9858,0.9759
21,Test,Leaf Class (Sigmoid),17,moth,0.8248,0.7662,0.7945
21,Test,Leaf Class (Sigmoid),18,robber_fly,0.7967,0.8975,0.8441
21,Test,Leaf Class (Sigmoid),19,spider,0.6163,0.8746,0.7231
21,Test,Leaf Class (Sigmoid),20,wasp,0.8717,0.8179,0.844
21,Test,Leaf Class (Sigmoid),21,weevil,0.9294,0.7275,0.8162
22,Train,PF4,0,Arachnida,0.8916,0.9895,0.938
22,Train,PF4,1,Insecta,0.9999,0.999,0.9994
22,Train,PF3,0,Araneae,0.9562,0.9706,0.9633
22,Train,PF3,1,Coleoptera,0.9801,0.9811,0.9806
22,Train,PF3,2,Dermaptera,0.8994,0.9496,0.9238
22,Train,PF3,3,Diptera,0.9862,0.9805,0.9833
22,Train,PF3,4,Hemiptera,0.9729,0.8923,0.9309
22,Train,PF3,5,Hymenoptera,0.9637,0.9596,0.9617
22,Train,PF3,6,Lepidoptera,0.9713,0.9237,0.9469
22,Train,PF3,7,Mecoptera,0.7131,0.2459,0.3657
22,Train,PF3,8,Neuroptera,0.9574,0.9899,0.9734
22,Train,PF3,9,Orthoptera,0.8305,0.9893,0.903
22,Train,PF3,10,Trichoptera,0.9931,0.9784,0.9857
22,Train,PF2,0,Apocrita,0.9799,0.9541,0.9668
22,Train,PF2,1,Arneomorphae,0.9762,0.8987,0.9358
22,Train,PF2,2,Brachycera,0.9836,0.9827,0.9832
22,Train,PF2,3,Forficulina,0.9215,0.9372,0.9293
22,Train,PF2,4,Glossata,0.979,0.8703,0.9214
22,Train,PF2,5,Hemerobiiformia,0.9723,0.9865,0.9794
22,Train,PF2,6,Heteroptera,0.9738,0.9013,0.9361
22,Train,PF2,7,Integripalpia,0.9954,0.975,0.9851
22,Train,PF2,8,Nematocera,0.9889,0.9708,0.9798
22,Train,PF2,9,Polyphaga,0.9862,0.9761,0.9812
22,Train,PF2,10,Symphyta,0.9265,0.9473,0.9368
22,Train,PF2,11,grasshopper,0.749,0.9941,0.8543
22,Train,PF2,12,scorpion_fly,0.5331,0.0656,0.1168
22,Train,PF1,0,Aculeata,0.9746,0.9653,0.97
22,Train,PF1,1,Araneomorphae,0.9676,0.9696,0.9686
22,Train,PF1,2,Asilomorpha,0.9782,0.9829,0.9805
22,Train,PF1,3,Bibionomorpha,0.979,0.9825,0.9808
22,Train,PF1,4,Cucujiformia,0.9882,0.9824,0.9853
22,Train,PF1,5,Culicomorpha,0.9952,0.9836,0.9894
22,Train,PF1,6,Epidermaptera,0.945,0.9465,0.9458
22,Train,PF1,7,Heterocera,0.9852,0.9362,0.96
22,Train,PF1,8,Muscomorpha,0.9776,0.9873,0.9824
22,Train,PF1,9,Parasitica,0.9495,0.9138,0.9313
22,Train,PF1,10,Pentatomomorpha,0.9792,0.9036,0.9399
22,Train,PF1,11,Plenitentoria,0.9924,0.9939,0.9932
22,Train,PF1,12,Rhopalocera,0.9576,0.9506,0.9541
22,Train,PF1,13,lacewing,0.958,0.9932,0.9753
22,Train,PF1,14,saw_fly,0.9518,0.9489,0.9503
22,Train,Leaf Class (Softmax),0,Ichneumonoidea,0.945,0.9283,0.9366
22,Train,Leaf Class (Softmax),1,Muscoidea,0.7705,0.7347,0.7522
22,Train,Leaf Class (Softmax),2,ant,0.9752,0.9849,0.98
22,Train,Leaf Class (Softmax),3,ant_beetle,0.985,0.982,0.9835
22,Train,Leaf Class (Softmax),4,bug,0.9614,0.9425,0.9519
22,Train,Leaf Class (Softmax),5,butterfly,0.9736,0.9563,0.9649
22,Train,Leaf Class (Softmax),6,caddisfly,0.9958,0.9958,0.9958
22,Train,Leaf Class (Softmax),7,dance_fly,0.9513,0.9538,0.9525
22,Train,Leaf Class (Softmax),8,earwig,0.9581,0.9574,0.9577
22,Train,Leaf Class (Softmax),9,fever_fly,0.9829,0.9864,0.9847
22,Train,Leaf Class (Softmax),10,flesh_fly,0.9399,0.9355,0.9377
22,Train,Leaf Class (Softmax),11,fly,0.7304,0.7688,0.7491
22,Train,Leaf Class (Softmax),12,fruit_fly,0.9734,0.9751,0.9742
22,Train,Leaf Class (Softmax),13,hoverfly,0.9685,0.9708,0.9696
22,Train,Leaf Class (Softmax),14,ladybug,0.9854,0.9864,0.9859
22,Train,Leaf Class (Softmax),15,leaf_beetle,0.9878,0.9874,0.9876
22,Train,Leaf Class (Softmax),16,midge,0.9914,0.9893,0.9904
22,Train,Leaf Class (Softmax),17,moth,0.9725,0.9698,0.9712
22,Train,Leaf Class (Softmax),18,robber_fly,0.9864,0.9856,0.986
22,Train,Leaf Class (Softmax),19,spider,0.9665,0.9775,0.972
22,Train,Leaf Class (Softmax),20,wasp,0.908,0.8469,0.8764
22,Train,Leaf Class (Softmax),21,weevil,0.9858,0.9871,0.9865
22,Train,Leaf Class (Sigmoid),0,Ichneumonoidea,0.9222,0.9427,0.9323
22,Train,Leaf Class (Sigmoid),1,Muscoidea,0.656,0.8838,0.753
22,Train,Leaf Class (Sigmoid),2,ant,0.9763,0.9831,0.9797
22,Train,Leaf Class (Sigmoid),3,ant_beetle,0.9824,0.9798,0.9811
22,Train,Leaf Class (Sigmoid),4,bug,0.9801,0.9171,0.9476
22,Train,Leaf Class (Sigmoid),5,butterfly,0.9879,0.9264,0.9562
22,Train,Leaf Class (Sigmoid),6,caddisfly,0.9936,0.9962,0.9949
22,Train,Leaf Class (Sigmoid),7,dance_fly,0.9737,0.917,0.9445
22,Train,Leaf Class (Sigmoid),8,earwig,0.9726,0.9349,0.9534
22,Train,Leaf Class (Sigmoid),9,fever_fly,0.9828,0.98,0.9814
22,Train,Leaf Class (Sigmoid),10,flesh_fly,0.9225,0.9423,0.9323
22,Train,Leaf Class (Sigmoid),11,fly,0.8357,0.5426,0.658
22,Train,Leaf Class (Sigmoid),12,fruit_fly,0.9622,0.9792,0.9706
22,Train,Leaf Class (Sigmoid),13,hoverfly,0.9709,0.9686,0.9697
22,Train,Leaf Class (Sigmoid),14,ladybug,0.9725,0.9889,0.9806
22,Train,Leaf Class (Sigmoid),15,leaf_beetle,0.9783,0.9895,0.9838
22,Train,Leaf Class (Sigmoid),16,midge,0.9963,0.9833,0.9898
22,Train,Leaf Class (Sigmoid),17,moth,0.9879,0.9506,0.9689
22,Train,Leaf Class (Sigmoid),18,robber_fly,0.9805,0.9878,0.9841
22,Train,Leaf Class (Sigmoid),19,spider,0.9659,0.9746,0.9702
22,Train,Leaf Class (Sigmoid),20,wasp,0.9064,0.8187,0.8603
22,Train,Leaf Class (Sigmoid),21,weevil,0.9886,0.9821,0.9853
22,Test,PF4,0,Arachnida,0.5682,0.8783,0.69
22,Test,PF4,1,Insecta,0.9971,0.9846,0.9908
22,Test,PF3,0,Araneae,0.5766,0.8776,0.696
22,Test,PF3,1,Coleoptera,0.8387,0.8096,0.8239
22,Test,PF3,2,Dermaptera,0.2857,0.0058,0.0115
22,Test,PF3,3,Diptera,0.9223,0.9273,0.9248
22,Test,PF3,4,Hemiptera,0.8859,0.7057,0.7856
22,Test,PF3,5,Hymenoptera,0.7701,0.7307,0.7498
22,Test,PF3,6,Lepidoptera,0.6753,0.5524,0.6077
22,Test,PF3,7,Mecoptera,0.3152,0.2101,0.2521
22,Test,PF3,8,Neuroptera,0.4153,0.2678,0.3256
22,Test,PF3,9,Orthoptera,0.5497,0.9682,0.7012
22,Test,PF3,10,Trichoptera,0.9904,0.9789,0.9846
22,Test,PF2,0,Apocrita,0.7598,0.7527,0.7562
22,Test,PF2,1,Arneomorphae,0.5802,0.8764,0.6982
22,Test,PF2,2,Brachycera,0.8993,0.9237,0.9113
22,Test,PF2,3,Forficulina,0.1333,0.0019,0.0038
22,Test,PF2,4,Glossata,0.7332,0.5344,0.6182
22,Test,PF2,5,Hemerobiiformia,0.5084,0.235,0.3215
22,Test,PF2,6,Heteroptera,0.8667,0.7065,0.7784
22,Test,PF2,7,Integripalpia,0.993,0.9772,0.985
22,Test,PF2,8,Nematocera,0.9609,0.939,0.9498
22,Test,PF2,9,Polyphaga,0.8772,0.7994,0.8365
22,Test,PF2,10,Symphyta,0.9093,0.6145,0.7334
22,Test,PF2,11,grasshopper,0.4772,0.9855,0.6431
22,Test,PF2,12,scorpion_fly,0.1975,0.0623,0.0947
22,Test,PF1,0,Aculeata,0.7832,0.7684,0.7757
22,Test,PF1,1,Araneomorphae,0.5782,0.8758,0.6965
22,Test,PF1,2,Asilomorpha,0.8109,0.7814,0.7959
22,Test,PF1,3,Bibionomorpha,0.9974,0.8273,0.9044
22,Test,PF1,4,Cucujiformia,0.8776,0.8021,0.8382
22,Test,PF1,5,Culicomorpha,0.9553,0.9875,0.9711
22,Test,PF1,6,Epidermaptera,0.0714,0.001,0.0019
22,Test,PF1,7,Heterocera,0.6549,0.5,0.5671
22,Test,PF1,8,Muscomorpha,0.8362,0.8991,0.8665
22,Test,PF1,9,Parasitica,0.3574,0.6099,0.4507
22,Test,PF1,10,Pentatomomorpha,0.8138,0.7072,0.7568
22,Test,PF1,11,Plenitentoria,0.9866,0.9823,0.9844
22,Test,PF1,12,Rhopalocera,0.6096,0.9291,0.7361
22,Test,PF1,13,lacewing,0.4011,0.5705,0.471
22,Test,PF1,14,saw_fly,0.8954,0.6077,0.724
22,Test,Leaf Class (Softmax),0,Ichneumonoidea,0.3295,0.6345,0.4337
22,Test,Leaf Class (Softmax),1,Muscoidea,0.3669,0.641,0.4667
22,Test,Leaf Class (Softmax),2,ant,0.8154,0.7685,0.7912
22,Test,Leaf Class (Softmax),3,ant_beetle,0.8108,0.9438,0.8723
22,Test,Leaf Class (Softmax),4,bug,0.8149,0.7596,0.7863
22,Test,Leaf Class (Softmax),5,butterfly,0.6802,0.9094,0.7782
22,Test,Leaf Class (Softmax),6,caddisfly,0.9865,0.9733,0.9798
22,Test,Leaf Class (Softmax),7,dance_fly,0.8741,0.6461,0.743
22,Test,Leaf Class (Softmax),8,earwig,0.0,0.0,0.0
22,Test,Leaf Class (Softmax),9,fever_fly,0.9991,0.7941,0.8849
22,Test,Leaf Class (Softmax),10,flesh_fly,0.8607,0.675,0.7566
22,Test,Leaf Class (Softmax),11,fly,0.4343,0.4352,0.4348
22,Test,Leaf Class (Softmax),12,fruit_fly,0.8481,0.6018,0.704
22,Test,Leaf Class (Softmax),13,hoverfly,0.8084,0.786,0.7971
22,Test,Leaf Class (Softmax),14,ladybug,0.7592,0.942,0.8408
22,Test,Leaf Class (Softmax),15,leaf_beetle,0.0462,0.0138,0.0213
22,Test,Leaf Class (Softmax),16,midge,0.9617,0.9852,0.9733
22,Test,Leaf Class (Softmax),17,moth,0.7548,0.5548,0.6395
22,Test,Leaf Class (Softmax),18,robber_fly,0.6414,0.8215,0.7204
22,Test,Leaf Class (Softmax),19,spider,0.5791,0.8758,0.6972
22,Test,Leaf Class (Softmax),20,wasp,0.8403,0.7473,0.7911
22,Test,Leaf Class (Softmax),21,weevil,0.9082,0.759,0.8269
22,Test,Leaf Class (Sigmoid),0,Ichneumonoidea,0.44,0.6166,0.5135
22,Test,Leaf Class (Sigmoid),1,Muscoidea,0.3951,0.456,0.4234
22,Test,Leaf Class (Sigmoid),2,ant,0.7857,0.7718,0.7787
22,Test,Leaf Class (Sigmoid),3,ant_beetle,0.8335,0.9512,0.8885
22,Test,Leaf Class (Sigmoid),4,bug,0.764,0.7581,0.761
22,Test,Leaf Class (Sigmoid),5,butterfly,0.6707,0.9232,0.7769
22,Test,Leaf Class (Sigmoid),6,caddisfly,0.9908,0.9763,0.9835
22,Test,Leaf Class (Sigmoid),7,dance_fly,0.8353,0.6461,0.7286
22,Test,Leaf Class (Sigmoid),8,earwig,0.0,0.0,0.0
22,Test,Leaf Class (Sigmoid),9,fever_fly,0.9991,0.8061,0.8923
22,Test,Leaf Class (Sigmoid),10,flesh_fly,0.9421,0.5855,0.7222
22,Test,Leaf Class (Sigmoid),11,fly,0.384,0.5928,0.466
22,Test,Leaf Class (Sigmoid),12,fruit_fly,0.8843,0.583,0.7027
22,Test,Leaf Class (Sigmoid),13,hoverfly,0.6796,0.8028,0.736
22,Test,Leaf Class (Sigmoid),14,ladybug,0.8722,0.9388,0.9043
22,Test,Leaf Class (Sigmoid),15,leaf_beetle,0.0577,0.0169,0.0262
22,Test,Leaf Class (Sigmoid),16,midge,0.9568,0.9908,0.9735
22,Test,Leaf Class (Sigmoid),17,moth,0.71,0.784,0.7452
22,Test,Leaf Class (Sigmoid),18,robber_fly,0.7774,0.8208,0.7985
22,Test,Leaf Class (Sigmoid),19,spider,0.5784,0.8758,0.6967
22,Test,Leaf Class (Sigmoid),20,wasp,0.8049,0.7381,0.7701
22,Test,Leaf Class (Sigmoid),21,weevil,0.8839,0.7672,0.8215
23,Train,PF4,0,Arachnida,0.8917,0.99,0.9383
23,Train,PF4,1,Insecta,0.9999,0.999,0.9994
23,Train,PF3,0,Araneae,0.9585,0.9681,0.9633
23,Train,PF3,1,Coleoptera,0.9809,0.9818,0.9814
23,Train,PF3,2,Dermaptera,0.8919,0.9403,0.9155
23,Train,PF3,3,Diptera,0.9863,0.9814,0.9838
23,Train,PF3,4,Hemiptera,0.9776,0.8854,0.9292
23,Train,PF3,5,Hymenoptera,0.9639,0.9601,0.962
23,Train,PF3,6,Lepidoptera,0.9707,0.922,0.9457
23,Train,PF3,7,Mecoptera,0.7389,0.2789,0.405
23,Train,PF3,8,Neuroptera,0.9592,0.9897,0.9742
23,Train,PF3,9,Orthoptera,0.8341,0.9886,0.9048
23,Train,PF3,10,Trichoptera,0.9938,0.978,0.9859
23,Train,PF2,0,Apocrita,0.9794,0.9564,0.9678
23,Train,PF2,1,Arneomorphae,0.973,0.8982,0.9341
23,Train,PF2,2,Brachycera,0.9837,0.9827,0.9832
23,Train,PF2,3,Forficulina,0.9221,0.9264,0.9242
23,Train,PF2,4,Glossata,0.9763,0.8645,0.917
23,Train,PF2,5,Hemerobiiformia,0.9717,0.9867,0.9791
23,Train,PF2,6,Heteroptera,0.9749,0.8995,0.9357
23,Train,PF2,7,Integripalpia,0.995,0.978,0.9864
23,Train,PF2,8,Nematocera,0.9904,0.9723,0.9813
23,Train,PF2,9,Polyphaga,0.9871,0.9768,0.982
23,Train,PF2,10,Symphyta,0.9267,0.9438,0.9352
23,Train,PF2,11,grasshopper,0.7508,0.9941,0.8555
23,Train,PF2,12,scorpion_fly,0.5425,0.0806,0.1404
23,Train,PF1,0,Aculeata,0.9745,0.9641,0.9693
23,Train,PF1,1,Araneomorphae,0.9653,0.9706,0.9679
23,Train,PF1,2,Asilomorpha,0.9773,0.9825,0.9799
23,Train,PF1,3,Bibionomorpha,0.978,0.9822,0.9801
23,Train,PF1,4,Cucujiformia,0.9896,0.9821,0.9858
23,Train,PF1,5,Culicomorpha,0.9956,0.985,0.9902
23,Train,PF1,6,Epidermaptera,0.9365,0.9372,0.9368
23,Train,PF1,7,Heterocera,0.9858,0.9342,0.9593
23,Train,PF1,8,Muscomorpha,0.9768,0.9875,0.9821
23,Train,PF1,9,Parasitica,0.947,0.9134,0.9299
23,Train,PF1,10,Pentatomomorpha,0.9802,0.895,0.9357
23,Train,PF1,11,Plenitentoria,0.9917,0.9943,0.993
23,Train,PF1,12,Rhopalocera,0.9596,0.9612,0.9604
23,Train,PF1,13,lacewing,0.9581,0.9944,0.9759
23,Train,PF1,14,saw_fly,0.9469,0.9435,0.9452
23,Train,Leaf Class (Softmax),0,Ichneumonoidea,0.9408,0.9308,0.9358
23,Train,Leaf Class (Softmax),1,Muscoidea,0.7786,0.7395,0.7586
23,Train,Leaf Class (Softmax),2,ant,0.9772,0.9856,0.9814
23,Train,Leaf Class (Softmax),3,ant_beetle,0.9872,0.985,0.9861
23,Train,Leaf Class (Softmax),4,bug,0.9587,0.9441,0.9514
23,Train,Leaf Class (Softmax),5,butterfly,0.9722,0.9636,0.9679
23,Train,Leaf Class (Softmax),6,caddisfly,0.9943,0.9955,0.9949
23,Train,Leaf Class (Softmax),7,dance_fly,0.948,0.9511,0.9495
23,Train,Leaf Class (Softmax),8,earwig,0.9557,0.9535,0.9546
23,Train,Leaf Class (Softmax),9,fever_fly,0.9836,0.9836,0.9836
23,Train,Leaf Class (Softmax),10,flesh_fly,0.9382,0.9363,0.9373
23,Train,Leaf Class (Softmax),11,fly,0.7364,0.7774,0.7563
23,Train,Leaf Class (Softmax),12,fruit_fly,0.9747,0.9752,0.9749
23,Train,Leaf Class (Softmax),13,hoverfly,0.9681,0.9709,0.9695
23,Train,Leaf Class (Softmax),14,ladybug,0.9854,0.9851,0.9852
23,Train,Leaf Class (Softmax),15,leaf_beetle,0.9882,0.9902,0.9892
23,Train,Leaf Class (Softmax),16,midge,0.9931,0.9893,0.9912
23,Train,Leaf Class (Softmax),17,moth,0.9732,0.9687,0.9709
23,Train,Leaf Class (Softmax),18,robber_fly,0.9858,0.9838,0.9848
23,Train,Leaf Class (Softmax),19,spider,0.9641,0.978,0.971
23,Train,Leaf Class (Softmax),20,wasp,0.8941,0.8414,0.8669
23,Train,Leaf Class (Softmax),21,weevil,0.9861,0.9876,0.9869
23,Train,Leaf Class (Sigmoid),0,Ichneumonoidea,0.9175,0.9448,0.931
23,Train,Leaf Class (Sigmoid),1,Muscoidea,0.6631,0.8815,0.7569
23,Train,Leaf Class (Sigmoid),2,ant,0.9787,0.9828,0.9807
23,Train,Leaf Class (Sigmoid),3,ant_beetle,0.982,0.982,0.982
23,Train,Leaf Class (Sigmoid),4,bug,0.9782,0.9137,0.9448
23,Train,Leaf Class (Sigmoid),5,butterfly,0.9898,0.9377,0.963
23,Train,Leaf Class (Sigmoid),6,caddisfly,0.9909,0.9939,0.9924
23,Train,Leaf Class (Sigmoid),7,dance_fly,0.9724,0.9197,0.9453
23,Train,Leaf Class (Sigmoid),8,earwig,0.9702,0.9341,0.9518
23,Train,Leaf Class (Sigmoid),9,fever_fly,0.9864,0.98,0.9832
23,Train,Leaf Class (Sigmoid),10,flesh_fly,0.9219,0.9428,0.9322
23,Train,Leaf Class (Sigmoid),11,fly,0.8343,0.5602,0.6704
23,Train,Leaf Class (Sigmoid),12,fruit_fly,0.9632,0.9804,0.9717
23,Train,Leaf Class (Sigmoid),13,hoverfly,0.9718,0.9669,0.9694
23,Train,Leaf Class (Sigmoid),14,ladybug,0.9702,0.9881,0.9791
23,Train,Leaf Class (Sigmoid),15,leaf_beetle,0.9807,0.9911,0.9859
23,Train,Leaf Class (Sigmoid),16,midge,0.9973,0.9817,0.9895
23,Train,Leaf Class (Sigmoid),17,moth,0.9881,0.9481,0.9677
23,Train,Leaf Class (Sigmoid),18,robber_fly,0.9799,0.9859,0.9829
23,Train,Leaf Class (Sigmoid),19,spider,0.962,0.9721,0.967
23,Train,Leaf Class (Sigmoid),20,wasp,0.8983,0.8212,0.858
23,Train,Leaf Class (Sigmoid),21,weevil,0.9893,0.9813,0.9853
23,Test,PF4,0,Arachnida,0.5965,0.8758,0.7097
23,Test,PF4,1,Insecta,0.9971,0.9863,0.9917
23,Test,PF3,0,Araneae,0.6408,0.8752,0.7399
23,Test,PF3,1,Coleoptera,0.8574,0.8207,0.8387
23,Test,PF3,2,Dermaptera,0.9451,0.1676,0.2848
23,Test,PF3,3,Diptera,0.8993,0.9347,0.9167
23,Test,PF3,4,Hemiptera,0.8774,0.7003,0.7789
23,Test,PF3,5,Hymenoptera,0.8323,0.7255,0.7753
23,Test,PF3,6,Lepidoptera,0.7293,0.5381,0.6193
23,Test,PF3,7,Mecoptera,0.2797,0.1647,0.2073
23,Test,PF3,8,Neuroptera,0.4614,0.5096,0.4843
23,Test,PF3,9,Orthoptera,0.6156,0.9808,0.7564
23,Test,PF3,10,Trichoptera,0.9956,0.9647,0.9799
23,Test,PF2,0,Apocrita,0.8149,0.7442,0.778
23,Test,PF2,1,Arneomorphae,0.6673,0.8625,0.7524
23,Test,PF2,2,Brachycera,0.8787,0.9258,0.9017
23,Test,PF2,3,Forficulina,0.9209,0.1589,0.271
23,Test,PF2,4,Glossata,0.7876,0.5488,0.6468
23,Test,PF2,5,Hemerobiiformia,0.4837,0.4155,0.447
23,Test,PF2,6,Heteroptera,0.8604,0.698,0.7707
23,Test,PF2,7,Integripalpia,0.9959,0.9509,0.9729
23,Test,PF2,8,Nematocera,0.9427,0.9427,0.9427
23,Test,PF2,9,Polyphaga,0.8879,0.8129,0.8488
23,Test,PF2,10,Symphyta,0.9149,0.6157,0.736
23,Test,PF2,11,grasshopper,0.5228,0.9908,0.6844
23,Test,PF2,12,scorpion_fly,0.2264,0.0467,0.0774
23,Test,PF1,0,Aculeata,0.8456,0.7714,0.8068
23,Test,PF1,1,Araneomorphae,0.6499,0.8692,0.7437
23,Test,PF1,2,Asilomorpha,0.9289,0.6912,0.7926
23,Test,PF1,3,Bibionomorpha,0.9889,0.8174,0.895
23,Test,PF1,4,Cucujiformia,0.8943,0.8097,0.8499
23,Test,PF1,5,Culicomorpha,0.9221,0.991,0.9553
23,Test,PF1,6,Epidermaptera,0.9291,0.1277,0.2245
23,Test,PF1,7,Heterocera,0.7837,0.5562,0.6507
23,Test,PF1,8,Muscomorpha,0.776,0.937,0.8489
23,Test,PF1,9,Parasitica,0.5634,0.5874,0.5752
23,Test,PF1,10,Pentatomomorpha,0.8865,0.6918,0.7772
23,Test,PF1,11,Plenitentoria,0.9937,0.9591,0.9761
23,Test,PF1,12,Rhopalocera,0.6642,0.9567,0.784
23,Test,PF1,13,lacewing,0.4783,0.6251,0.5419
23,Test,PF1,14,saw_fly,0.8885,0.6117,0.7246
23,Test,Leaf Class (Softmax),0,Ichneumonoidea,0.4432,0.63,0.5204
23,Test,Leaf Class (Softmax),1,Muscoidea,0.3559,0.608,0.449
23,Test,Leaf Class (Softmax),2,ant,0.7935,0.785,0.7892
23,Test,Leaf Class (Softmax),3,ant_beetle,0.8678,0.9512,0.9076
23,Test,Leaf Class (Softmax),4,bug,0.9318,0.7049,0.8026
23,Test,Leaf Class (Softmax),5,butterfly,0.7296,0.9438,0.823
23,Test,Leaf Class (Softmax),6,caddisfly,0.9946,0.9543,0.974
23,Test,Leaf Class (Softmax),7,dance_fly,0.9261,0.6217,0.744
23,Test,Leaf Class (Softmax),8,earwig,0.9381,0.0887,0.1621
23,Test,Leaf Class (Softmax),9,fever_fly,0.9974,0.8082,0.8929
23,Test,Leaf Class (Softmax),10,flesh_fly,0.6712,0.739,0.7035
23,Test,Leaf Class (Softmax),11,fly,0.3743,0.4375,0.4034
23,Test,Leaf Class (Softmax),12,fruit_fly,0.7981,0.6335,0.7063
23,Test,Leaf Class (Softmax),13,hoverfly,0.7107,0.7875,0.7472
23,Test,Leaf Class (Softmax),14,ladybug,0.7855,0.934,0.8534
23,Test,Leaf Class (Softmax),15,leaf_beetle,0.0252,0.0085,0.0127
23,Test,Leaf Class (Softmax),16,midge,0.9476,0.9908,0.9687
23,Test,Leaf Class (Softmax),17,moth,0.824,0.59,0.6876
23,Test,Leaf Class (Softmax),18,robber_fly,0.9156,0.6862,0.7845
23,Test,Leaf Class (Softmax),19,spider,0.6213,0.8655,0.7234
23,Test,Leaf Class (Softmax),20,wasp,0.8792,0.7852,0.8295
23,Test,Leaf Class (Softmax),21,weevil,0.8527,0.7658,0.8069
23,Test,Leaf Class (Sigmoid),0,Ichneumonoidea,0.5181,0.6099,0.5602
23,Test,Leaf Class (Sigmoid),1,Muscoidea,0.3926,0.4222,0.4069
23,Test,Leaf Class (Sigmoid),2,ant,0.7838,0.7912,0.7875
23,Test,Leaf Class (Sigmoid),3,ant_beetle,0.8784,0.9608,0.9178
23,Test,Leaf Class (Sigmoid),4,bug,0.8165,0.7096,0.7593
23,Test,Leaf Class (Sigmoid),5,butterfly,0.6671,0.9498,0.7837
23,Test,Leaf Class (Sigmoid),6,caddisfly,0.995,0.8616,0.9235
23,Test,Leaf Class (Sigmoid),7,dance_fly,0.9016,0.6293,0.7412
23,Test,Leaf Class (Sigmoid),8,earwig,0.9339,0.1101,0.197
23,Test,Leaf Class (Sigmoid),9,fever_fly,0.9974,0.8181,0.8989
23,Test,Leaf Class (Sigmoid),10,flesh_fly,0.6847,0.685,0.6848
23,Test,Leaf Class (Sigmoid),11,fly,0.3414,0.634,0.4438
23,Test,Leaf Class (Sigmoid),12,fruit_fly,0.8722,0.6122,0.7194
23,Test,Leaf Class (Sigmoid),13,hoverfly,0.8292,0.7817,0.8048
23,Test,Leaf Class (Sigmoid),14,ladybug,0.8439,0.9355,0.8874
23,Test,Leaf Class (Sigmoid),15,leaf_beetle,0.0328,0.0077,0.0125
23,Test,Leaf Class (Sigmoid),16,midge,0.8873,0.9982,0.9395
23,Test,Leaf Class (Sigmoid),17,moth,0.8181,0.8375,0.8277
23,Test,Leaf Class (Sigmoid),18,robber_fly,0.9425,0.6635,0.7788
23,Test,Leaf Class (Sigmoid),19,spider,0.6179,0.8728,0.7236
23,Test,Leaf Class (Sigmoid),20,wasp,0.88,0.7875,0.8311
23,Test,Leaf Class (Sigmoid),21,weevil,0.8272,0.7752,0.8004
24,Train,PF4,0,Arachnida,0.8902,0.9915,0.9381
24,Train,PF4,1,Insecta,0.9999,0.9989,0.9994
24,Train,PF3,0,Araneae,0.9629,0.9701,0.9664
24,Train,PF3,1,Coleoptera,0.9804,0.983,0.9817
24,Train,PF3,2,Dermaptera,0.9089,0.9434,0.9258
24,Train,PF3,3,Diptera,0.987,0.983,0.985
24,Train,PF3,4,Hemiptera,0.9809,0.899,0.9382
24,Train,PF3,5,Hymenoptera,0.969,0.962,0.9655
24,Train,PF3,6,Lepidoptera,0.9706,0.9268,0.9482
24,Train,PF3,7,Mecoptera,0.7578,0.3261,0.456
24,Train,PF3,8,Neuroptera,0.9624,0.9894,0.9757
24,Train,PF3,9,Orthoptera,0.847,0.9886,0.9123
24,Train,PF3,10,Trichoptera,0.9962,0.9837,0.9899
24,Train,PF2,0,Apocrita,0.9834,0.9581,0.9706
24,Train,PF2,1,Arneomorphae,0.9848,0.9082,0.945
24,Train,PF2,2,Brachycera,0.9846,0.9842,0.9844
24,Train,PF2,3,Forficulina,0.9324,0.9302,0.9313
24,Train,PF2,4,Glossata,0.9777,0.8725,0.9221
24,Train,PF2,5,Hemerobiiformia,0.9738,0.9859,0.9798
24,Train,PF2,6,Heteroptera,0.9788,0.9131,0.9448
24,Train,PF2,7,Integripalpia,0.9977,0.9746,0.986
24,Train,PF2,8,Nematocera,0.9903,0.9728,0.9815
24,Train,PF2,9,Polyphaga,0.9877,0.978,0.9828
24,Train,PF2,10,Symphyta,0.931,0.9519,0.9414
24,Train,PF2,11,grasshopper,0.7578,0.9942,0.86
24,Train,PF2,12,scorpion_fly,0.5869,0.1059,0.1794
24,Train,PF1,0,Aculeata,0.9769,0.9661,0.9715
24,Train,PF1,1,Araneomorphae,0.973,0.9726,0.9728
24,Train,PF1,2,Asilomorpha,0.9806,0.9822,0.9814
24,Train,PF1,3,Bibionomorpha,0.9798,0.9861,0.9829
24,Train,PF1,4,Cucujiformia,0.9889,0.9826,0.9858
24,Train,PF1,5,Culicomorpha,0.9962,0.9859,0.991
24,Train,PF1,6,Epidermaptera,0.9343,0.9372,0.9358
24,Train,PF1,7,Heterocera,0.9844,0.9405,0.962
24,Train,PF1,8,Muscomorpha,0.9785,0.9885,0.9835
24,Train,PF1,9,Parasitica,0.9575,0.9188,0.9377
24,Train,PF1,10,Pentatomomorpha,0.983,0.9143,0.9474
24,Train,PF1,11,Plenitentoria,0.9939,0.9939,0.9939
24,Train,PF1,12,Rhopalocera,0.9594,0.9555,0.9574
24,Train,PF1,13,lacewing,0.9596,0.994,0.9765
24,Train,PF1,14,saw_fly,0.9517,0.953,0.9524
24,Train,Leaf Class (Softmax),0,Ichneumonoidea,0.9517,0.9349,0.9432
24,Train,Leaf Class (Softmax),1,Muscoidea,0.7842,0.7478,0.7656
24,Train,Leaf Class (Softmax),2,ant,0.9778,0.9865,0.9821
24,Train,Leaf Class (Softmax),3,ant_beetle,0.9828,0.9824,0.9826
24,Train,Leaf Class (Softmax),4,bug,0.9589,0.9475,0.9532
24,Train,Leaf Class (Softmax),5,butterfly,0.9705,0.9579,0.9642
24,Train,Leaf Class (Softmax),6,caddisfly,0.9962,0.9943,0.9953
24,Train,Leaf Class (Softmax),7,dance_fly,0.9557,0.9525,0.9541
24,Train,Leaf Class (Softmax),8,earwig,0.9606,0.9442,0.9523
24,Train,Leaf Class (Softmax),9,fever_fly,0.9833,0.9868,0.985
24,Train,Leaf Class (Softmax),10,flesh_fly,0.9415,0.939,0.9403
24,Train,Leaf Class (Softmax),11,fly,0.7451,0.7796,0.7619
24,Train,Leaf Class (Softmax),12,fruit_fly,0.9755,0.9775,0.9765
24,Train,Leaf Class (Softmax),13,hoverfly,0.9684,0.9736,0.971
24,Train,Leaf Class (Softmax),14,ladybug,0.9856,0.9857,0.9857
24,Train,Leaf Class (Softmax),15,leaf_beetle,0.9877,0.9901,0.9889
24,Train,Leaf Class (Softmax),16,midge,0.9912,0.9907,0.991
24,Train,Leaf Class (Softmax),17,moth,0.9746,0.9711,0.9729
24,Train,Leaf Class (Softmax),18,robber_fly,0.9862,0.9847,0.9854
24,Train,Leaf Class (Softmax),19,spider,0.9695,0.982,0.9757
24,Train,Leaf Class (Softmax),20,wasp,0.9044,0.8553,0.8791
24,Train,Leaf Class (Softmax),21,weevil,0.9857,0.9879,0.9868
24,Train,Leaf Class (Sigmoid),0,Ichneumonoidea,0.9258,0.9468,0.9362
24,Train,Leaf Class (Sigmoid),1,Muscoidea,0.6769,0.8789,0.7648
24,Train,Leaf Class (Sigmoid),2,ant,0.9792,0.9821,0.9807
24,Train,Leaf Class (Sigmoid),3,ant_beetle,0.9805,0.9802,0.9803
24,Train,Leaf Class (Sigmoid),4,bug,0.9772,0.9199,0.9477
24,Train,Leaf Class (Sigmoid),5,butterfly,0.9846,0.932,0.9576
24,Train,Leaf Class (Sigmoid),6,caddisfly,0.9951,0.9921,0.9936
24,Train,Leaf Class (Sigmoid),7,dance_fly,0.9708,0.9331,0.9515
24,Train,Leaf Class (Sigmoid),8,earwig,0.9709,0.9326,0.9514
24,Train,Leaf Class (Sigmoid),9,fever_fly,0.9842,0.9804,0.9823
24,Train,Leaf Class (Sigmoid),10,flesh_fly,0.9209,0.9458,0.9332
24,Train,Leaf Class (Sigmoid),11,fly,0.8369,0.5816,0.6863
24,Train,Leaf Class (Sigmoid),12,fruit_fly,0.9655,0.9817,0.9735
24,Train,Leaf Class (Sigmoid),13,hoverfly,0.9713,0.9707,0.971
24,Train,Leaf Class (Sigmoid),14,ladybug,0.9749,0.9886,0.9817
24,Train,Leaf Class (Sigmoid),15,leaf_beetle,0.9805,0.9914,0.9859
24,Train,Leaf Class (Sigmoid),16,midge,0.9965,0.984,0.9902
24,Train,Leaf Class (Sigmoid),17,moth,0.9889,0.9548,0.9715
24,Train,Leaf Class (Sigmoid),18,robber_fly,0.9808,0.987,0.9839
24,Train,Leaf Class (Sigmoid),19,spider,0.9644,0.9736,0.969
24,Train,Leaf Class (Sigmoid),20,wasp,0.9111,0.8317,0.8696
24,Train,Leaf Class (Sigmoid),21,weevil,0.9908,0.9841,0.9874
24,Test,PF4,0,Arachnida,0.5578,0.8764,0.6817
24,Test,PF4,1,Insecta,0.9971,0.9839,0.9905
24,Test,PF3,0,Araneae,0.5992,0.8764,0.7118
24,Test,PF3,1,Coleoptera,0.896,0.7699,0.8282
24,Test,PF3,2,Dermaptera,0.7267,0.114,0.1971
24,Test,PF3,3,Diptera,0.9019,0.945,0.9229
24,Test,PF3,4,Hemiptera,0.9559,0.7011,0.8089
24,Test,PF3,5,Hymenoptera,0.783,0.8218,0.8019
24,Test,PF3,6,Lepidoptera,0.703,0.4824,0.5722
24,Test,PF3,7,Mecoptera,0.1784,0.2309,0.2012
24,Test,PF3,8,Neuroptera,0.4945,0.3047,0.3771
24,Test,PF3,9,Orthoptera,0.6112,0.963,0.7478
24,Test,PF3,10,Trichoptera,0.9964,0.9543,0.9749
24,Test,PF2,0,Apocrita,0.7982,0.8632,0.8294
24,Test,PF2,1,Arneomorphae,0.5983,0.8758,0.7109
24,Test,PF2,2,Brachycera,0.8839,0.9405,0.9113
24,Test,PF2,3,Forficulina,0.7018,0.078,0.1404
24,Test,PF2,4,Glossata,0.7738,0.481,0.5932
24,Test,PF2,5,Hemerobiiformia,0.5935,0.2772,0.3779
24,Test,PF2,6,Heteroptera,0.965,0.7011,0.8121
24,Test,PF2,7,Integripalpia,0.9968,0.9392,0.9672
24,Test,PF2,8,Nematocera,0.9425,0.9453,0.9439
24,Test,PF2,9,Polyphaga,0.9249,0.7672,0.8387
24,Test,PF2,10,Symphyta,0.8361,0.6455,0.7285
24,Test,PF2,11,grasshopper,0.5398,0.9838,0.6971
24,Test,PF2,12,scorpion_fly,0.1155,0.1206,0.118
24,Test,PF1,0,Aculeata,0.8587,0.8791,0.8688
24,Test,PF1,1,Araneomorphae,0.584,0.8758,0.7008
24,Test,PF1,2,Asilomorpha,0.8779,0.7707,0.8208
24,Test,PF1,3,Bibionomorpha,0.9881,0.8217,0.8972
24,Test,PF1,4,Cucujiformia,0.9218,0.7724,0.8405
24,Test,PF1,5,Culicomorpha,0.929,0.9905,0.9587
24,Test,PF1,6,Epidermaptera,0.4833,0.0283,0.0534
24,Test,PF1,7,Heterocera,0.775,0.4115,0.5376
24,Test,PF1,8,Muscomorpha,0.7965,0.9388,0.8618
24,Test,PF1,9,Parasitica,0.3314,0.639,0.4364
24,Test,PF1,10,Pentatomomorpha,0.9372,0.7011,0.8021
24,Test,PF1,11,Plenitentoria,0.9912,0.9741,0.9826
24,Test,PF1,12,Rhopalocera,0.6636,0.931,0.7749
24,Test,PF1,13,lacewing,0.3879,0.4919,0.4337
24,Test,PF1,14,saw_fly,0.7978,0.6306,0.7044
24,Test,Leaf Class (Softmax),0,Ichneumonoidea,0.3611,0.6996,0.4763
24,Test,Leaf Class (Softmax),1,Muscoidea,0.3566,0.6825,0.4685
24,Test,Leaf Class (Softmax),2,ant,0.8373,0.908,0.8712
24,Test,Leaf Class (Softmax),3,ant_beetle,0.9065,0.8884,0.8973
24,Test,Leaf Class (Softmax),4,bug,0.8655,0.7088,0.7793
24,Test,Leaf Class (Softmax),5,butterfly,0.7628,0.9123,0.8309
24,Test,Leaf Class (Softmax),6,caddisfly,0.9947,0.9685,0.9814
24,Test,Leaf Class (Softmax),7,dance_fly,0.9508,0.6484,0.771
24,Test,Leaf Class (Softmax),8,earwig,0.375,0.0117,0.0227
24,Test,Leaf Class (Softmax),9,fever_fly,0.9939,0.8103,0.8928
24,Test,Leaf Class (Softmax),10,flesh_fly,0.8058,0.7355,0.769
24,Test,Leaf Class (Softmax),11,fly,0.4112,0.4038,0.4074
24,Test,Leaf Class (Softmax),12,fruit_fly,0.8146,0.6108,0.6981
24,Test,Leaf Class (Softmax),13,hoverfly,0.7275,0.8642,0.79
24,Test,Leaf Class (Softmax),14,ladybug,0.8616,0.92,0.8899
24,Test,Leaf Class (Softmax),15,leaf_beetle,0.0977,0.03,0.0459
24,Test,Leaf Class (Softmax),16,midge,0.9567,0.989,0.9726
24,Test,Leaf Class (Softmax),17,moth,0.8542,0.441,0.5817
24,Test,Leaf Class (Softmax),18,robber_fly,0.677,0.8018,0.7341
24,Test,Leaf Class (Softmax),19,spider,0.5824,0.8758,0.6996
24,Test,Leaf Class (Softmax),20,wasp,0.9383,0.8068,0.8676
24,Test,Leaf Class (Softmax),21,weevil,0.9367,0.7542,0.8356
24,Test,Leaf Class (Sigmoid),0,Ichneumonoidea,0.4398,0.6637,0.529
24,Test,Leaf Class (Sigmoid),1,Muscoidea,0.3925,0.4485,0.4186
24,Test,Leaf Class (Sigmoid),2,ant,0.802,0.9165,0.8554
24,Test,Leaf Class (Sigmoid),3,ant_beetle,0.9242,0.901,0.9124
24,Test,Leaf Class (Sigmoid),4,bug,0.8152,0.7103,0.7592
24,Test,Leaf Class (Sigmoid),5,butterfly,0.7034,0.9182,0.7966
24,Test,Leaf Class (Sigmoid),6,caddisfly,0.9969,0.9698,0.9832
24,Test,Leaf Class (Sigmoid),7,dance_fly,0.9363,0.6728,0.783
24,Test,Leaf Class (Sigmoid),8,earwig,0.4706,0.0234,0.0446
24,Test,Leaf Class (Sigmoid),9,fever_fly,0.9875,0.8365,0.9057
24,Test,Leaf Class (Sigmoid),10,flesh_fly,0.8599,0.6642,0.7495
24,Test,Leaf Class (Sigmoid),11,fly,0.3778,0.6745,0.4843
24,Test,Leaf Class (Sigmoid),12,fruit_fly,0.8745,0.5925,0.7064
24,Test,Leaf Class (Sigmoid),13,hoverfly,0.6698,0.8808,0.7609
24,Test,Leaf Class (Sigmoid),14,ladybug,0.9521,0.92,0.9358
24,Test,Leaf Class (Sigmoid),15,leaf_beetle,0.0939,0.0261,0.0409
24,Test,Leaf Class (Sigmoid),16,midge,0.9502,0.9918,0.9705
24,Test,Leaf Class (Sigmoid),17,moth,0.8513,0.6885,0.7613
24,Test,Leaf Class (Sigmoid),18,robber_fly,0.8568,0.7958,0.8251
24,Test,Leaf Class (Sigmoid),19,spider,0.5835,0.8758,0.7004
24,Test,Leaf Class (Sigmoid),20,wasp,0.9154,0.8133,0.8613
24,Test,Leaf Class (Sigmoid),21,weevil,0.919,0.76,0.832
25,Train,PF4,0,Arachnida,0.9008,0.988,0.9424
25,Train,PF4,1,Insecta,0.9999,0.9991,0.9995
25,Train,PF3,0,Araneae,0.9621,0.9631,0.9626
25,Train,PF3,1,Coleoptera,0.9818,0.9817,0.9817
25,Train,PF3,2,Dermaptera,0.9075,0.9426,0.9247
25,Train,PF3,3,Diptera,0.9869,0.983,0.985
25,Train,PF3,4,Hemiptera,0.9732,0.8996,0.9349
25,Train,PF3,5,Hymenoptera,0.9661,0.9637,0.9649
25,Train,PF3,6,Lepidoptera,0.974,0.9284,0.9507
25,Train,PF3,7,Mecoptera,0.7665,0.3208,0.4524
25,Train,PF3,8,Neuroptera,0.9648,0.9925,0.9785
25,Train,PF3,9,Orthoptera,0.8457,0.988,0.9113
25,Train,PF3,10,Trichoptera,0.995,0.9826,0.9888
25,Train,PF2,0,Apocrita,0.9821,0.959,0.9704
25,Train,PF2,1,Arneomorphae,0.9745,0.9142,0.9434
25,Train,PF2,2,Brachycera,0.9847,0.9847,0.9847
25,Train,PF2,3,Forficulina,0.9316,0.9395,0.9355
25,Train,PF2,4,Glossata,0.9812,0.8792,0.9274
25,Train,PF2,5,Hemerobiiformia,0.9745,0.9888,0.9816
25,Train,PF2,6,Heteroptera,0.973,0.9137,0.9424
25,Train,PF2,7,Integripalpia,0.9969,0.9788,0.9878
25,Train,PF2,8,Nematocera,0.9919,0.9758,0.9838
25,Train,PF2,9,Polyphaga,0.9885,0.9776,0.983
25,Train,PF2,10,Symphyta,0.9327,0.956,0.9442
25,Train,PF2,11,grasshopper,0.768,0.9943,0.8666
25,Train,PF2,12,scorpion_fly,0.6132,0.1213,0.2026
25,Train,PF1,0,Aculeata,0.9783,0.9678,0.973
25,Train,PF1,1,Araneomorphae,0.9621,0.975,0.9685
25,Train,PF1,2,Asilomorpha,0.9804,0.9819,0.9812
25,Train,PF1,3,Bibionomorpha,0.983,0.9882,0.9856
25,Train,PF1,4,Cucujiformia,0.9893,0.9831,0.9862
25,Train,PF1,5,Culicomorpha,0.9962,0.9869,0.9915
25,Train,PF1,6,Epidermaptera,0.9459,0.9481,0.947
25,Train,PF1,7,Heterocera,0.986,0.9419,0.9634
25,Train,PF1,8,Muscomorpha,0.9786,0.9886,0.9836
25,Train,PF1,9,Parasitica,0.9597,0.9225,0.9407
25,Train,PF1,10,Pentatomomorpha,0.9788,0.912,0.9442
25,Train,PF1,11,Plenitentoria,0.9939,0.9943,0.9941
25,Train,PF1,12,Rhopalocera,0.9666,0.9587,0.9626
25,Train,PF1,13,lacewing,0.9629,0.9949,0.9786
25,Train,PF1,14,saw_fly,0.9567,0.9537,0.9552
25,Train,Leaf Class (Softmax),0,Ichneumonoidea,0.9514,0.9369,0.9441
25,Train,Leaf Class (Softmax),1,Muscoidea,0.7881,0.7519,0.7696
25,Train,Leaf Class (Softmax),2,ant,0.9796,0.9867,0.9831
25,Train,Leaf Class (Softmax),3,ant_beetle,0.9862,0.9873,0.9867
25,Train,Leaf Class (Softmax),4,bug,0.9552,0.9492,0.9522
25,Train,Leaf Class (Softmax),5,butterfly,0.977,0.9644,0.9707
25,Train,Leaf Class (Softmax),6,caddisfly,0.9955,0.9955,0.9955
25,Train,Leaf Class (Softmax),7,dance_fly,0.9522,0.9458,0.949
25,Train,Leaf Class (Softmax),8,earwig,0.9615,0.9481,0.9547
25,Train,Leaf Class (Softmax),9,fever_fly,0.9854,0.9872,0.9863
25,Train,Leaf Class (Softmax),10,flesh_fly,0.9462,0.9431,0.9446
25,Train,Leaf Class (Softmax),11,fly,0.7477,0.7835,0.7652
25,Train,Leaf Class (Softmax),12,fruit_fly,0.9738,0.9772,0.9755
25,Train,Leaf Class (Softmax),13,hoverfly,0.9699,0.9725,0.9712
25,Train,Leaf Class (Softmax),14,ladybug,0.9852,0.9862,0.9857
25,Train,Leaf Class (Softmax),15,leaf_beetle,0.9879,0.9902,0.989
25,Train,Leaf Class (Softmax),16,midge,0.9939,0.9909,0.9924
25,Train,Leaf Class (Softmax),17,moth,0.9751,0.9722,0.9736
25,Train,Leaf Class (Softmax),18,robber_fly,0.9873,0.9856,0.9864
25,Train,Leaf Class (Softmax),19,spider,0.9666,0.982,0.9743
25,Train,Leaf Class (Softmax),20,wasp,0.908,0.8595,0.8831
25,Train,Leaf Class (Softmax),21,weevil,0.9892,0.9902,0.9897
25,Train,Leaf Class (Sigmoid),0,Ichneumonoidea,0.9263,0.9526,0.9392
25,Train,Leaf Class (Sigmoid),1,Muscoidea,0.6811,0.8856,0.77
25,Train,Leaf Class (Sigmoid),2,ant,0.982,0.9829,0.9824
25,Train,Leaf Class (Sigmoid),3,ant_beetle,0.9832,0.9858,0.9845
25,Train,Leaf Class (Sigmoid),4,bug,0.9793,0.9318,0.9549
25,Train,Leaf Class (Sigmoid),5,butterfly,0.9906,0.9345,0.9617
25,Train,Leaf Class (Sigmoid),6,caddisfly,0.9939,0.9932,0.9936
25,Train,Leaf Class (Sigmoid),7,dance_fly,0.9678,0.9257,0.9463
25,Train,Leaf Class (Sigmoid),8,earwig,0.9707,0.9256,0.9476
25,Train,Leaf Class (Sigmoid),9,fever_fly,0.9903,0.9825,0.9864
25,Train,Leaf Class (Sigmoid),10,flesh_fly,0.9303,0.9502,0.9401
25,Train,Leaf Class (Sigmoid),11,fly,0.843,0.5908,0.6948
25,Train,Leaf Class (Sigmoid),12,fruit_fly,0.9643,0.9818,0.973
25,Train,Leaf Class (Sigmoid),13,hoverfly,0.9722,0.9697,0.9709
25,Train,Leaf Class (Sigmoid),14,ladybug,0.9745,0.9894,0.9819
25,Train,Leaf Class (Sigmoid),15,leaf_beetle,0.981,0.9909,0.9859
25,Train,Leaf Class (Sigmoid),16,midge,0.9977,0.9834,0.9905
25,Train,Leaf Class (Sigmoid),17,moth,0.9888,0.9531,0.9706
25,Train,Leaf Class (Sigmoid),18,robber_fly,0.9816,0.9873,0.9845
25,Train,Leaf Class (Sigmoid),19,spider,0.9573,0.9736,0.9654
25,Train,Leaf Class (Sigmoid),20,wasp,0.913,0.8296,0.8693
25,Train,Leaf Class (Sigmoid),21,weevil,0.9911,0.9839,0.9875
25,Test,PF4,0,Arachnida,0.5679,0.8758,0.6891
25,Test,PF4,1,Insecta,0.9971,0.9846,0.9908
25,Test,PF3,0,Araneae,0.5845,0.8758,0.7011
25,Test,PF3,1,Coleoptera,0.8604,0.7835,0.8201
25,Test,PF3,2,Dermaptera,0.4844,0.0302,0.0569
25,Test,PF3,3,Diptera,0.9177,0.9259,0.9218
25,Test,PF3,4,Hemiptera,0.969,0.6988,0.812
25,Test,PF3,5,Hymenoptera,0.8256,0.804,0.8146
25,Test,PF3,6,Lepidoptera,0.6031,0.4778,0.5332
25,Test,PF3,7,Mecoptera,0.2161,0.3061,0.2534
25,Test,PF3,8,Neuroptera,0.3563,0.4275,0.3887
25,Test,PF3,9,Orthoptera,0.6549,0.971,0.7822
25,Test,PF3,10,Trichoptera,0.9934,0.9659,0.9795
25,Test,PF2,0,Apocrita,0.8348,0.8305,0.8327
25,Test,PF2,1,Arneomorphae,0.5963,0.8758,0.7095
25,Test,PF2,2,Brachycera,0.9008,0.9199,0.9102
25,Test,PF2,3,Forficulina,0.4615,0.0292,0.055
25,Test,PF2,4,Glossata,0.6672,0.4941,0.5678
25,Test,PF2,5,Hemerobiiformia,0.3892,0.35,0.3686
25,Test,PF2,6,Heteroptera,0.9574,0.7103,0.8156
25,Test,PF2,7,Integripalpia,0.9942,0.9625,0.9781
25,Test,PF2,8,Nematocera,0.9415,0.9603,0.9508
25,Test,PF2,9,Polyphaga,0.8967,0.7804,0.8345
25,Test,PF2,10,Symphyta,0.8755,0.6483,0.745
25,Test,PF2,11,grasshopper,0.5219,0.989,0.6832
25,Test,PF2,12,scorpion_fly,0.1703,0.0921,0.1195
25,Test,PF1,0,Aculeata,0.851,0.8888,0.8695
25,Test,PF1,1,Araneomorphae,0.588,0.8758,0.7036
25,Test,PF1,2,Asilomorpha,0.8994,0.7539,0.8202
25,Test,PF1,3,Bibionomorpha,0.9905,0.8811,0.9326
25,Test,PF1,4,Cucujiformia,0.8976,0.7841,0.837
25,Test,PF1,5,Culicomorpha,0.9172,0.9912,0.9528
25,Test,PF1,6,Epidermaptera,0.3966,0.0224,0.0424
25,Test,PF1,7,Heterocera,0.6596,0.558,0.6046
25,Test,PF1,8,Muscomorpha,0.8389,0.9245,0.8796
25,Test,PF1,9,Parasitica,0.6394,0.5605,0.5974
25,Test,PF1,10,Pentatomomorpha,0.938,0.6988,0.8009
25,Test,PF1,11,Plenitentoria,0.9912,0.9664,0.9786
25,Test,PF1,12,Rhopalocera,0.7062,0.933,0.8039
25,Test,PF1,13,lacewing,0.379,0.5897,0.4614
25,Test,PF1,14,saw_fly,0.8789,0.6403,0.7409
25,Test,Leaf Class (Softmax),0,Ichneumonoidea,0.521,0.5852,0.5512
25,Test,Leaf Class (Softmax),1,Muscoidea,0.3749,0.642,0.4734
25,Test,Leaf Class (Softmax),2,ant,0.8375,0.9125,0.8734
25,Test,Leaf Class (Softmax),3,ant_beetle,0.8971,0.9283,0.9125
25,Test,Leaf Class (Softmax),4,bug,0.9373,0.7142,0.8107
25,Test,Leaf Class (Softmax),5,butterfly,0.7725,0.9133,0.837
25,Test,Leaf Class (Softmax),6,caddisfly,0.9911,0.9638,0.9773
25,Test,Leaf Class (Softmax),7,dance_fly,0.9554,0.6049,0.7408
25,Test,Leaf Class (Softmax),8,earwig,0.0952,0.0019,0.0038
25,Test,Leaf Class (Softmax),9,fever_fly,0.9895,0.8669,0.9242
25,Test,Leaf Class (Softmax),10,flesh_fly,0.8119,0.8102,0.8111
25,Test,Leaf Class (Softmax),11,fly,0.4014,0.412,0.4066
25,Test,Leaf Class (Softmax),12,fruit_fly,0.7827,0.6025,0.6809
25,Test,Leaf Class (Softmax),13,hoverfly,0.8109,0.7935,0.8021
25,Test,Leaf Class (Softmax),14,ladybug,0.7941,0.946,0.8634
25,Test,Leaf Class (Softmax),15,leaf_beetle,0.0094,0.0031,0.0046
25,Test,Leaf Class (Softmax),16,midge,0.9407,0.9882,0.9639
25,Test,Leaf Class (Softmax),17,moth,0.7429,0.5685,0.6441
25,Test,Leaf Class (Softmax),18,robber_fly,0.7458,0.7892,0.7669
25,Test,Leaf Class (Softmax),19,spider,0.5897,0.8758,0.7049
25,Test,Leaf Class (Softmax),20,wasp,0.874,0.8479,0.8608
25,Test,Leaf Class (Softmax),21,weevil,0.8961,0.7458,0.814
25,Test,Leaf Class (Sigmoid),0,Ichneumonoidea,0.6253,0.5538,0.5874
25,Test,Leaf Class (Sigmoid),1,Muscoidea,0.402,0.5255,0.4555
25,Test,Leaf Class (Sigmoid),2,ant,0.8247,0.92,0.8698
25,Test,Leaf Class (Sigmoid),3,ant_beetle,0.9192,0.9327,0.9259
25,Test,Leaf Class (Sigmoid),4,bug,0.8786,0.7134,0.7874
25,Test,Leaf Class (Sigmoid),5,butterfly,0.751,0.9153,0.825
25,Test,Leaf Class (Sigmoid),6,caddisfly,0.9941,0.9509,0.972
25,Test,Leaf Class (Sigmoid),7,dance_fly,0.9419,0.6178,0.7462
25,Test,Leaf Class (Sigmoid),8,earwig,0.3636,0.0156,0.0299
25,Test,Leaf Class (Sigmoid),9,fever_fly,0.989,0.8875,0.9355
25,Test,Leaf Class (Sigmoid),10,flesh_fly,0.8175,0.6708,0.7369
25,Test,Leaf Class (Sigmoid),11,fly,0.3557,0.5475,0.4312
25,Test,Leaf Class (Sigmoid),12,fruit_fly,0.8528,0.5868,0.6952
25,Test,Leaf Class (Sigmoid),13,hoverfly,0.7743,0.8035,0.7886
25,Test,Leaf Class (Sigmoid),14,ladybug,0.924,0.9298,0.9269
25,Test,Leaf Class (Sigmoid),15,leaf_beetle,0.0113,0.0031,0.0048
25,Test,Leaf Class (Sigmoid),16,midge,0.9213,0.992,0.9553
25,Test,Leaf Class (Sigmoid),17,moth,0.7515,0.8785,0.8101
25,Test,Leaf Class (Sigmoid),18,robber_fly,0.9161,0.7775,0.8411
25,Test,Leaf Class (Sigmoid),19,spider,0.5852,0.8758,0.7016
25,Test,Leaf Class (Sigmoid),20,wasp,0.866,0.8552,0.8606
25,Test,Leaf Class (Sigmoid),21,weevil,0.8739,0.7538,0.8094
26,Train,PF4,0,Arachnida,0.9128,0.992,0.9507
26,Train,PF4,1,Insecta,0.9999,0.9992,0.9996
26,Train,PF3,0,Araneae,0.9647,0.9671,0.9659
26,Train,PF3,1,Coleoptera,0.9828,0.9835,0.9832
26,Train,PF3,2,Dermaptera,0.9084,0.9527,0.93
26,Train,PF3,3,Diptera,0.9877,0.983,0.9854
26,Train,PF3,4,Hemiptera,0.9786,0.9041,0.9399
26,Train,PF3,5,Hymenoptera,0.9684,0.9648,0.9666
26,Train,PF3,6,Lepidoptera,0.9723,0.9333,0.9524
26,Train,PF3,7,Mecoptera,0.7513,0.2866,0.415
26,Train,PF3,8,Neuroptera,0.9664,0.9918,0.9789
26,Train,PF3,9,Orthoptera,0.8412,0.9889,0.9091
26,Train,PF3,10,Trichoptera,0.9969,0.9826,0.9897
26,Train,PF2,0,Apocrita,0.9827,0.9614,0.9719
26,Train,PF2,1,Arneomorphae,0.9776,0.9142,0.9448
26,Train,PF2,2,Brachycera,0.9855,0.9849,0.9852
26,Train,PF2,3,Forficulina,0.932,0.945,0.9384
26,Train,PF2,4,Glossata,0.9804,0.8874,0.9316
26,Train,PF2,5,Hemerobiiformia,0.9757,0.9889,0.9823
26,Train,PF2,6,Heteroptera,0.9813,0.9171,0.9481
26,Train,PF2,7,Integripalpia,0.9962,0.9815,0.9888
26,Train,PF2,8,Nematocera,0.9915,0.9743,0.9828
26,Train,PF2,9,Polyphaga,0.9889,0.9798,0.9843
26,Train,PF2,10,Symphyta,0.9348,0.953,0.9438
26,Train,PF2,11,grasshopper,0.7692,0.9943,0.8674
26,Train,PF2,12,scorpion_fly,0.6364,0.1055,0.1809
26,Train,PF1,0,Aculeata,0.9788,0.9677,0.9732
26,Train,PF1,1,Araneomorphae,0.9681,0.9686,0.9683
26,Train,PF1,2,Asilomorpha,0.9798,0.9829,0.9813
26,Train,PF1,3,Bibionomorpha,0.979,0.9793,0.9791
26,Train,PF1,4,Cucujiformia,0.9902,0.9842,0.9872
26,Train,PF1,5,Culicomorpha,0.9971,0.9867,0.9919
26,Train,PF1,6,Epidermaptera,0.9466,0.9481,0.9473
26,Train,PF1,7,Heterocera,0.9857,0.9448,0.9648
26,Train,PF1,8,Muscomorpha,0.9798,0.9893,0.9845
26,Train,PF1,9,Parasitica,0.9603,0.9275,0.9436
26,Train,PF1,10,Pentatomomorpha,0.9813,0.9177,0.9484
26,Train,PF1,11,Plenitentoria,0.9939,0.9939,0.9939
26,Train,PF1,12,Rhopalocera,0.9685,0.9701,0.9693
26,Train,PF1,13,lacewing,0.9634,0.9957,0.9793
26,Train,PF1,14,saw_fly,0.9544,0.9525,0.9534
26,Train,Leaf Class (Softmax),0,Ichneumonoidea,0.9471,0.9382,0.9426
26,Train,Leaf Class (Softmax),1,Muscoidea,0.7921,0.7584,0.7749
26,Train,Leaf Class (Softmax),2,ant,0.9794,0.9867,0.983
26,Train,Leaf Class (Softmax),3,ant_beetle,0.988,0.9869,0.9875
26,Train,Leaf Class (Softmax),4,bug,0.9651,0.9526,0.9588
26,Train,Leaf Class (Softmax),5,butterfly,0.9772,0.9717,0.9744
26,Train,Leaf Class (Softmax),6,caddisfly,0.9939,0.9947,0.9943
26,Train,Leaf Class (Softmax),7,dance_fly,0.9568,0.9491,0.953
26,Train,Leaf Class (Softmax),8,earwig,0.9672,0.9589,0.963
26,Train,Leaf Class (Softmax),9,fever_fly,0.9825,0.9814,0.982
26,Train,Leaf Class (Softmax),10,flesh_fly,0.9466,0.9454,0.946
26,Train,Leaf Class (Softmax),11,fly,0.7529,0.7876,0.7699
26,Train,Leaf Class (Softmax),12,fruit_fly,0.976,0.9779,0.977
26,Train,Leaf Class (Softmax),13,hoverfly,0.9712,0.9746,0.9729
26,Train,Leaf Class (Softmax),14,ladybug,0.9851,0.9871,0.9861
26,Train,Leaf Class (Softmax),15,leaf_beetle,0.989,0.9912,0.9901
26,Train,Leaf Class (Softmax),16,midge,0.9948,0.9905,0.9927
26,Train,Leaf Class (Softmax),17,moth,0.9761,0.9726,0.9743
26,Train,Leaf Class (Softmax),18,robber_fly,0.9878,0.9861,0.9869
26,Train,Leaf Class (Softmax),19,spider,0.9681,0.984,0.976
26,Train,Leaf Class (Softmax),20,wasp,0.9169,0.8586,0.8868
26,Train,Leaf Class (Softmax),21,weevil,0.9884,0.9873,0.9878
26,Train,Leaf Class (Sigmoid),0,Ichneumonoidea,0.9258,0.9514,0.9384
26,Train,Leaf Class (Sigmoid),1,Muscoidea,0.682,0.885,0.7704
26,Train,Leaf Class (Sigmoid),2,ant,0.9814,0.9838,0.9826
26,Train,Leaf Class (Sigmoid),3,ant_beetle,0.9891,0.9839,0.9865
26,Train,Leaf Class (Sigmoid),4,bug,0.9791,0.9267,0.9522
26,Train,Leaf Class (Sigmoid),5,butterfly,0.9865,0.9434,0.9644
26,Train,Leaf Class (Sigmoid),6,caddisfly,0.9928,0.9913,0.992
26,Train,Leaf Class (Sigmoid),7,dance_fly,0.9673,0.9304,0.9485
26,Train,Leaf Class (Sigmoid),8,earwig,0.9753,0.9496,0.9623
26,Train,Leaf Class (Sigmoid),9,fever_fly,0.9831,0.9739,0.9785
26,Train,Leaf Class (Sigmoid),10,flesh_fly,0.9336,0.9505,0.942
26,Train,Leaf Class (Sigmoid),11,fly,0.8406,0.5911,0.6941
26,Train,Leaf Class (Sigmoid),12,fruit_fly,0.967,0.982,0.9744
26,Train,Leaf Class (Sigmoid),13,hoverfly,0.9739,0.9719,0.9729
26,Train,Leaf Class (Sigmoid),14,ladybug,0.9742,0.9901,0.9821
26,Train,Leaf Class (Sigmoid),15,leaf_beetle,0.981,0.9913,0.9861
26,Train,Leaf Class (Sigmoid),16,midge,0.9979,0.9857,0.9918
26,Train,Leaf Class (Sigmoid),17,moth,0.9898,0.9547,0.9719
26,Train,Leaf Class (Sigmoid),18,robber_fly,0.983,0.9877,0.9853
26,Train,Leaf Class (Sigmoid),19,spider,0.9617,0.977,0.9693
26,Train,Leaf Class (Sigmoid),20,wasp,0.9166,0.8363,0.8746
26,Train,Leaf Class (Sigmoid),21,weevil,0.99,0.9838,0.9869
26,Test,PF4,0,Arachnida,0.5826,0.8758,0.6997
26,Test,PF4,1,Insecta,0.9971,0.9855,0.9913
26,Test,PF3,0,Araneae,0.6177,0.8758,0.7244
26,Test,PF3,1,Coleoptera,0.8587,0.7735,0.8139
26,Test,PF3,2,Dermaptera,0.6243,0.115,0.1942
26,Test,PF3,3,Diptera,0.9169,0.9233,0.9201
26,Test,PF3,4,Hemiptera,0.8038,0.7103,0.7542
26,Test,PF3,5,Hymenoptera,0.7696,0.7913,0.7803
26,Test,PF3,6,Lepidoptera,0.6314,0.5165,0.5682
26,Test,PF3,7,Mecoptera,0.3408,0.2763,0.3052
26,Test,PF3,8,Neuroptera,0.5026,0.4446,0.4719
26,Test,PF3,9,Orthoptera,0.6065,0.9695,0.7462
26,Test,PF3,10,Trichoptera,0.9928,0.9552,0.9736
26,Test,PF2,0,Apocrita,0.7884,0.8183,0.8031
26,Test,PF2,1,Arneomorphae,0.6341,0.8752,0.7354
26,Test,PF2,2,Brachycera,0.902,0.9247,0.9132
26,Test,PF2,3,Forficulina,0.7333,0.1179,0.2032
26,Test,PF2,4,Glossata,0.684,0.5063,0.5819
26,Test,PF2,5,Hemerobiiformia,0.7102,0.4524,0.5527
26,Test,PF2,6,Heteroptera,0.8115,0.7065,0.7554
26,Test,PF2,7,Integripalpia,0.9925,0.9733,0.9828
26,Test,PF2,8,Nematocera,0.9658,0.9448,0.9552
26,Test,PF2,9,Polyphaga,0.9011,0.766,0.8281
26,Test,PF2,10,Symphyta,0.8113,0.6306,0.7096
26,Test,PF2,11,grasshopper,0.5261,0.9895,0.687
26,Test,PF2,12,scorpion_fly,0.1118,0.1167,0.1142
26,Test,PF1,0,Aculeata,0.8207,0.8695,0.8444
26,Test,PF1,1,Araneomorphae,0.629,0.8758,0.7322
26,Test,PF1,2,Asilomorpha,0.887,0.7579,0.8173
26,Test,PF1,3,Bibionomorpha,0.9813,0.8556,0.9142
26,Test,PF1,4,Cucujiformia,0.8873,0.7721,0.8257
26,Test,PF1,5,Culicomorpha,0.9593,0.985,0.972
26,Test,PF1,6,Epidermaptera,0.8151,0.0945,0.1694
26,Test,PF1,7,Heterocera,0.7046,0.402,0.5119
26,Test,PF1,8,Muscomorpha,0.8113,0.9331,0.868
26,Test,PF1,9,Parasitica,0.4915,0.6457,0.5581
26,Test,PF1,10,Pentatomomorpha,0.7892,0.7011,0.7426
26,Test,PF1,11,Plenitentoria,0.9895,0.9741,0.9818
26,Test,PF1,12,Rhopalocera,0.6855,0.9557,0.7984
26,Test,PF1,13,lacewing,0.4326,0.6256,0.5115
26,Test,PF1,14,saw_fly,0.8087,0.6174,0.7002
26,Test,Leaf Class (Softmax),0,Ichneumonoidea,0.4093,0.6726,0.5089
26,Test,Leaf Class (Softmax),1,Muscoidea,0.3718,0.627,0.4668
26,Test,Leaf Class (Softmax),2,ant,0.8392,0.874,0.8562
26,Test,Leaf Class (Softmax),3,ant_beetle,0.831,0.9157,0.8713
26,Test,Leaf Class (Softmax),4,bug,0.8086,0.7357,0.7705
26,Test,Leaf Class (Softmax),5,butterfly,0.7575,0.9478,0.842
26,Test,Leaf Class (Softmax),6,caddisfly,0.9851,0.9707,0.9779
26,Test,Leaf Class (Softmax),7,dance_fly,0.9106,0.614,0.7335
26,Test,Leaf Class (Softmax),8,earwig,0.8202,0.0712,0.1309
26,Test,Leaf Class (Softmax),9,fever_fly,0.9908,0.8358,0.9067
26,Test,Leaf Class (Softmax),10,flesh_fly,0.8107,0.7688,0.7892
26,Test,Leaf Class (Softmax),11,fly,0.4094,0.414,0.4117
26,Test,Leaf Class (Softmax),12,fruit_fly,0.809,0.6225,0.7036
26,Test,Leaf Class (Softmax),13,hoverfly,0.8237,0.8505,0.8369
26,Test,Leaf Class (Softmax),14,ladybug,0.7653,0.947,0.8465
26,Test,Leaf Class (Softmax),15,leaf_beetle,0.0716,0.0277,0.0399
26,Test,Leaf Class (Softmax),16,midge,0.9656,0.9835,0.9745
26,Test,Leaf Class (Softmax),17,moth,0.7346,0.4442,0.5537
26,Test,Leaf Class (Softmax),18,robber_fly,0.6723,0.7925,0.7275
26,Test,Leaf Class (Softmax),19,spider,0.6114,0.8758,0.7201
26,Test,Leaf Class (Softmax),20,wasp,0.811,0.7971,0.804
26,Test,Leaf Class (Softmax),21,weevil,0.9589,0.734,0.8315
26,Test,Leaf Class (Sigmoid),0,Ichneumonoidea,0.556,0.657,0.6023
26,Test,Leaf Class (Sigmoid),1,Muscoidea,0.4021,0.396,0.399
26,Test,Leaf Class (Sigmoid),2,ant,0.8372,0.883,0.8595
26,Test,Leaf Class (Sigmoid),3,ant_beetle,0.8615,0.915,0.8875
26,Test,Leaf Class (Sigmoid),4,bug,0.6848,0.7365,0.7097
26,Test,Leaf Class (Sigmoid),5,butterfly,0.6931,0.9547,0.8031
26,Test,Leaf Class (Sigmoid),6,caddisfly,0.9925,0.9707,0.9815
26,Test,Leaf Class (Sigmoid),7,dance_fly,0.8887,0.6514,0.7518
26,Test,Leaf Class (Sigmoid),8,earwig,0.8404,0.077,0.1411
26,Test,Leaf Class (Sigmoid),9,fever_fly,0.9831,0.8238,0.8964
26,Test,Leaf Class (Sigmoid),10,flesh_fly,0.8475,0.7408,0.7906
26,Test,Leaf Class (Sigmoid),11,fly,0.3814,0.6452,0.4794
26,Test,Leaf Class (Sigmoid),12,fruit_fly,0.8579,0.6038,0.7087
26,Test,Leaf Class (Sigmoid),13,hoverfly,0.7425,0.831,0.7842
26,Test,Leaf Class (Sigmoid),14,ladybug,0.8603,0.9375,0.8972
26,Test,Leaf Class (Sigmoid),15,leaf_beetle,0.0396,0.0115,0.0179
26,Test,Leaf Class (Sigmoid),16,midge,0.9627,0.9875,0.9749
26,Test,Leaf Class (Sigmoid),17,moth,0.7534,0.7682,0.7607
26,Test,Leaf Class (Sigmoid),18,robber_fly,0.8874,0.7562,0.8166
26,Test,Leaf Class (Sigmoid),19,spider,0.6099,0.8758,0.719
26,Test,Leaf Class (Sigmoid),20,wasp,0.7182,0.8156,0.7638
26,Test,Leaf Class (Sigmoid),21,weevil,0.9412,0.7438,0.8309
27,Train,PF4,0,Arachnida,0.9147,0.9895,0.9506
27,Train,PF4,1,Insecta,0.9999,0.9992,0.9996
27,Train,PF3,0,Araneae,0.9687,0.9716,0.9701
27,Train,PF3,1,Coleoptera,0.9824,0.9832,0.9828
27,Train,PF3,2,Dermaptera,0.9184,0.9504,0.9341
27,Train,PF3,3,Diptera,0.9878,0.9836,0.9857
27,Train,PF3,4,Hemiptera,0.9757,0.9041,0.9385
27,Train,PF3,5,Hymenoptera,0.9679,0.9654,0.9666
27,Train,PF3,6,Lepidoptera,0.9746,0.9326,0.9531
27,Train,PF3,7,Mecoptera,0.7563,0.3274,0.4569
27,Train,PF3,8,Neuroptera,0.9659,0.9919,0.9788
27,Train,PF3,9,Orthoptera,0.8503,0.9893,0.9146
27,Train,PF3,10,Trichoptera,0.9969,0.9856,0.9912
27,Train,PF2,0,Apocrita,0.982,0.9619,0.9719
27,Train,PF2,1,Arneomorphae,0.982,0.9247,0.9525
27,Train,PF2,2,Brachycera,0.986,0.9854,0.9857
27,Train,PF2,3,Forficulina,0.9352,0.9395,0.9374
27,Train,PF2,4,Glossata,0.9809,0.895,0.936
27,Train,PF2,5,Hemerobiiformia,0.9744,0.9887,0.9815
27,Train,PF2,6,Heteroptera,0.9802,0.9205,0.9494
27,Train,PF2,7,Integripalpia,0.9965,0.9792,0.9878
27,Train,PF2,8,Nematocera,0.9906,0.9774,0.9839
27,Train,PF2,9,Polyphaga,0.9888,0.9799,0.9843
27,Train,PF2,10,Symphyta,0.9294,0.953,0.9411
27,Train,PF2,11,grasshopper,0.7782,0.9942,0.873
27,Train,PF2,12,scorpion_fly,0.6226,0.1075,0.1833
27,Train,PF1,0,Aculeata,0.9777,0.9699,0.9738
27,Train,PF1,1,Araneomorphae,0.9712,0.9775,0.9744
27,Train,PF1,2,Asilomorpha,0.982,0.9841,0.9831
27,Train,PF1,3,Bibionomorpha,0.9854,0.9843,0.9848
27,Train,PF1,4,Cucujiformia,0.9898,0.9843,0.9871
27,Train,PF1,5,Culicomorpha,0.9977,0.9855,0.9916
27,Train,PF1,6,Epidermaptera,0.9421,0.9465,0.9443
27,Train,PF1,7,Heterocera,0.9874,0.9442,0.9653
27,Train,PF1,8,Muscomorpha,0.9802,0.9899,0.985
27,Train,PF1,9,Parasitica,0.9622,0.9249,0.9432
27,Train,PF1,10,Pentatomomorpha,0.9855,0.9205,0.9519
27,Train,PF1,11,Plenitentoria,0.9932,0.9943,0.9938
27,Train,PF1,12,Rhopalocera,0.9828,0.9701,0.9764
27,Train,PF1,13,lacewing,0.9644,0.9944,0.9792
27,Train,PF1,14,saw_fly,0.9521,0.9491,0.9506
27,Train,Leaf Class (Softmax),0,Ichneumonoidea,0.9563,0.9377,0.9469
27,Train,Leaf Class (Softmax),1,Muscoidea,0.7928,0.759,0.7755
27,Train,Leaf Class (Softmax),2,ant,0.978,0.987,0.9825
27,Train,Leaf Class (Softmax),3,ant_beetle,0.9858,0.985,0.9854
27,Train,Leaf Class (Softmax),4,bug,0.9621,0.9588,0.9605
27,Train,Leaf Class (Softmax),5,butterfly,0.982,0.9684,0.9752
27,Train,Leaf Class (Softmax),6,caddisfly,0.9955,0.9951,0.9953
27,Train,Leaf Class (Softmax),7,dance_fly,0.9555,0.9478,0.9516
27,Train,Leaf Class (Softmax),8,earwig,0.9678,0.955,0.9614
27,Train,Leaf Class (Softmax),9,fever_fly,0.9868,0.9868,0.9868
27,Train,Leaf Class (Softmax),10,flesh_fly,0.9462,0.9441,0.9451
27,Train,Leaf Class (Softmax),11,fly,0.7552,0.7901,0.7723
27,Train,Leaf Class (Softmax),12,fruit_fly,0.9759,0.9784,0.9772
27,Train,Leaf Class (Softmax),13,hoverfly,0.9724,0.9749,0.9737
27,Train,Leaf Class (Softmax),14,ladybug,0.9863,0.9866,0.9865
27,Train,Leaf Class (Softmax),15,leaf_beetle,0.9873,0.9897,0.9885
27,Train,Leaf Class (Softmax),16,midge,0.9933,0.9899,0.9916
27,Train,Leaf Class (Softmax),17,moth,0.9778,0.9742,0.976
27,Train,Leaf Class (Softmax),18,robber_fly,0.989,0.9876,0.9883
27,Train,Leaf Class (Softmax),19,spider,0.9763,0.985,0.9806
27,Train,Leaf Class (Softmax),20,wasp,0.9169,0.8675,0.8915
27,Train,Leaf Class (Softmax),21,weevil,0.9878,0.9889,0.9884
27,Train,Leaf Class (Sigmoid),0,Ichneumonoidea,0.9313,0.9505,0.9408
27,Train,Leaf Class (Sigmoid),1,Muscoidea,0.6925,0.8832,0.7764
27,Train,Leaf Class (Sigmoid),2,ant,0.9796,0.9831,0.9813
27,Train,Leaf Class (Sigmoid),3,ant_beetle,0.9835,0.9828,0.9831
27,Train,Leaf Class (Sigmoid),4,bug,0.9811,0.9346,0.9573
27,Train,Leaf Class (Sigmoid),5,butterfly,0.9899,0.9474,0.9682
27,Train,Leaf Class (Sigmoid),6,caddisfly,0.9951,0.9947,0.9949
27,Train,Leaf Class (Sigmoid),7,dance_fly,0.9727,0.9317,0.9518
27,Train,Leaf Class (Sigmoid),8,earwig,0.9667,0.9465,0.9565
27,Train,Leaf Class (Sigmoid),9,fever_fly,0.9885,0.9814,0.985
27,Train,Leaf Class (Sigmoid),10,flesh_fly,0.9319,0.9517,0.9417
27,Train,Leaf Class (Sigmoid),11,fly,0.8441,0.6122,0.7097
27,Train,Leaf Class (Sigmoid),12,fruit_fly,0.9671,0.9823,0.9747
27,Train,Leaf Class (Sigmoid),13,hoverfly,0.9757,0.9722,0.974
27,Train,Leaf Class (Sigmoid),14,ladybug,0.9756,0.9893,0.9824
27,Train,Leaf Class (Sigmoid),15,leaf_beetle,0.9807,0.9906,0.9856
27,Train,Leaf Class (Sigmoid),16,midge,0.9986,0.984,0.9913
27,Train,Leaf Class (Sigmoid),17,moth,0.9905,0.9562,0.973
27,Train,Leaf Class (Sigmoid),18,robber_fly,0.9844,0.9889,0.9867
27,Train,Leaf Class (Sigmoid),19,spider,0.9741,0.9775,0.9758
27,Train,Leaf Class (Sigmoid),20,wasp,0.9203,0.8456,0.8814
27,Train,Leaf Class (Sigmoid),21,weevil,0.9905,0.9849,0.9877
27,Test,PF4,0,Arachnida,0.6063,0.8758,0.7166
27,Test,PF4,1,Insecta,0.9971,0.9868,0.9919
27,Test,PF3,0,Araneae,0.6444,0.8758,0.7425
27,Test,PF3,1,Coleoptera,0.8884,0.7706,0.8253
27,Test,PF3,2,Dermaptera,0.9113,0.2203,0.3548
27,Test,PF3,3,Diptera,0.9094,0.9468,0.9277
27,Test,PF3,4,Hemiptera,0.8787,0.7088,0.7846
27,Test,PF3,5,Hymenoptera,0.7793,0.7948,0.7869
27,Test,PF3,6,Lepidoptera,0.7369,0.6652,0.6992
27,Test,PF3,7,Mecoptera,0.3415,0.1997,0.252
27,Test,PF3,8,Neuroptera,0.7904,0.2314,0.358
27,Test,PF3,9,Orthoptera,0.5847,0.9528,0.7247
27,Test,PF3,10,Trichoptera,0.9878,0.9776,0.9827
27,Test,PF2,0,Apocrita,0.7817,0.8116,0.7964
27,Test,PF2,1,Arneomorphae,0.6843,0.8758,0.7683
27,Test,PF2,2,Brachycera,0.8938,0.9426,0.9175
27,Test,PF2,3,Forficulina,0.93,0.2329,0.3726
27,Test,PF2,4,Glossata,0.7548,0.6592,0.7038
27,Test,PF2,5,Hemerobiiformia,0.812,0.2044,0.3265
27,Test,PF2,6,Heteroptera,0.8608,0.7049,0.7751
27,Test,PF2,7,Integripalpia,0.9912,0.9664,0.9786
27,Test,PF2,8,Nematocera,0.954,0.9686,0.9612
27,Test,PF2,9,Polyphaga,0.9149,0.7666,0.8342
27,Test,PF2,10,Symphyta,0.8782,0.6609,0.7542
27,Test,PF2,11,grasshopper,0.5287,0.973,0.6852
27,Test,PF2,12,scorpion_fly,0.2237,0.0856,0.1238
27,Test,PF1,0,Aculeata,0.789,0.8588,0.8224
27,Test,PF1,1,Araneomorphae,0.6786,0.8758,0.7647
27,Test,PF1,2,Asilomorpha,0.9029,0.7388,0.8127
27,Test,PF1,3,Bibionomorpha,0.9656,0.913,0.9385
27,Test,PF1,4,Cucujiformia,0.9173,0.7669,0.8354
27,Test,PF1,5,Culicomorpha,0.9467,0.9895,0.9676
27,Test,PF1,6,Epidermaptera,0.9272,0.1862,0.3101
27,Test,PF1,7,Heterocera,0.7825,0.6602,0.7162
27,Test,PF1,8,Muscomorpha,0.8146,0.9381,0.872
27,Test,PF1,9,Parasitica,0.5386,0.6099,0.572
27,Test,PF1,10,Pentatomomorpha,0.8335,0.7018,0.762
27,Test,PF1,11,Plenitentoria,0.9866,0.981,0.9838
27,Test,PF1,12,Rhopalocera,0.6705,0.9084,0.7715
27,Test,PF1,13,lacewing,0.5256,0.5881,0.5551
27,Test,PF1,14,saw_fly,0.8725,0.6386,0.7374
27,Test,Leaf Class (Softmax),0,Ichneumonoidea,0.4201,0.648,0.5097
27,Test,Leaf Class (Softmax),1,Muscoidea,0.3812,0.6528,0.4813
27,Test,Leaf Class (Softmax),2,ant,0.7573,0.916,0.8291
27,Test,Leaf Class (Softmax),3,ant_beetle,0.7601,0.9276,0.8356
27,Test,Leaf Class (Softmax),4,bug,0.9195,0.7481,0.825
27,Test,Leaf Class (Softmax),5,butterfly,0.7175,0.9034,0.7998
27,Test,Leaf Class (Softmax),6,caddisfly,0.9852,0.9767,0.981
27,Test,Leaf Class (Softmax),7,dance_fly,0.914,0.6079,0.7302
27,Test,Leaf Class (Softmax),8,earwig,0.9408,0.1394,0.2428
27,Test,Leaf Class (Softmax),9,fever_fly,0.9807,0.8974,0.9372
27,Test,Leaf Class (Softmax),10,flesh_fly,0.6664,0.7658,0.7127
27,Test,Leaf Class (Softmax),11,fly,0.4222,0.423,0.4226
27,Test,Leaf Class (Softmax),12,fruit_fly,0.864,0.5845,0.6973
27,Test,Leaf Class (Softmax),13,hoverfly,0.8006,0.7988,0.7996
27,Test,Leaf Class (Softmax),14,ladybug,0.8618,0.9198,0.8898
27,Test,Leaf Class (Softmax),15,leaf_beetle,0.0787,0.0231,0.0357
27,Test,Leaf Class (Softmax),16,midge,0.9671,0.986,0.9765
27,Test,Leaf Class (Softmax),17,moth,0.8337,0.6342,0.7204
27,Test,Leaf Class (Softmax),18,robber_fly,0.6902,0.734,0.7114
27,Test,Leaf Class (Softmax),19,spider,0.7124,0.8716,0.784
27,Test,Leaf Class (Softmax),20,wasp,0.8442,0.7718,0.8064
27,Test,Leaf Class (Softmax),21,weevil,0.9526,0.7138,0.8161
27,Test,Leaf Class (Sigmoid),0,Ichneumonoidea,0.5392,0.6166,0.5753
27,Test,Leaf Class (Sigmoid),1,Muscoidea,0.4402,0.479,0.4588
27,Test,Leaf Class (Sigmoid),2,ant,0.7233,0.9272,0.8127
27,Test,Leaf Class (Sigmoid),3,ant_beetle,0.7886,0.929,0.8531
27,Test,Leaf Class (Sigmoid),4,bug,0.8256,0.7257,0.7724
27,Test,Leaf Class (Sigmoid),5,butterfly,0.6813,0.9202,0.7829
27,Test,Leaf Class (Sigmoid),6,caddisfly,0.9913,0.9802,0.9857
27,Test,Leaf Class (Sigmoid),7,dance_fly,0.8885,0.6018,0.7176
27,Test,Leaf Class (Sigmoid),8,earwig,0.9375,0.1754,0.2956
27,Test,Leaf Class (Sigmoid),9,fever_fly,0.9694,0.9207,0.9445
27,Test,Leaf Class (Sigmoid),10,flesh_fly,0.6823,0.7668,0.7221
27,Test,Leaf Class (Sigmoid),11,fly,0.3817,0.5858,0.4622
27,Test,Leaf Class (Sigmoid),12,fruit_fly,0.899,0.5718,0.699
27,Test,Leaf Class (Sigmoid),13,hoverfly,0.7794,0.804,0.7915
27,Test,Leaf Class (Sigmoid),14,ladybug,0.9393,0.9128,0.9258
27,Test,Leaf Class (Sigmoid),15,leaf_beetle,0.1135,0.0284,0.0455
27,Test,Leaf Class (Sigmoid),16,midge,0.9628,0.9902,0.9763
27,Test,Leaf Class (Sigmoid),17,moth,0.8111,0.924,0.8639
27,Test,Leaf Class (Sigmoid),18,robber_fly,0.8973,0.6855,0.7772
27,Test,Leaf Class (Sigmoid),19,spider,0.663,0.8758,0.7547
27,Test,Leaf Class (Sigmoid),20,wasp,0.8652,0.7635,0.8112
27,Test,Leaf Class (Sigmoid),21,weevil,0.9267,0.73,0.8167
28,Train,PF4,0,Arachnida,0.8985,0.989,0.9416
28,Train,PF4,1,Insecta,0.9999,0.999,0.9995
28,Train,PF3,0,Araneae,0.9697,0.975,0.9724
28,Train,PF3,1,Coleoptera,0.9831,0.9848,0.9839
28,Train,PF3,2,Dermaptera,0.9177,0.9589,0.9378
28,Train,PF3,3,Diptera,0.9878,0.9837,0.9858
28,Train,PF3,4,Hemiptera,0.9746,0.9103,0.9414
28,Train,PF3,5,Hymenoptera,0.9697,0.9666,0.9682
28,Train,PF3,6,Lepidoptera,0.9716,0.9355,0.9532
28,Train,PF3,7,Mecoptera,0.7494,0.2386,0.362
28,Train,PF3,8,Neuroptera,0.9682,0.9908,0.9794
28,Train,PF3,9,Orthoptera,0.8419,0.9892,0.9096
28,Train,PF3,10,Trichoptera,0.9966,0.9868,0.9916
28,Train,PF2,0,Apocrita,0.9835,0.9624,0.9728
28,Train,PF2,1,Arneomorphae,0.9806,0.9326,0.956
28,Train,PF2,2,Brachycera,0.9861,0.9852,0.9856
28,Train,PF2,3,Forficulina,0.9387,0.9488,0.9437
28,Train,PF2,4,Glossata,0.9792,0.9,0.9379
28,Train,PF2,5,Hemerobiiformia,0.9773,0.9885,0.9829
28,Train,PF2,6,Heteroptera,0.9719,0.9182,0.9443
28,Train,PF2,7,Integripalpia,0.9973,0.9796,0.9884
28,Train,PF2,8,Nematocera,0.992,0.9748,0.9834
28,Train,PF2,9,Polyphaga,0.989,0.9818,0.9854
28,Train,PF2,10,Symphyta,0.9352,0.956,0.9455
28,Train,PF2,11,grasshopper,0.7799,0.9945,0.8742
28,Train,PF2,12,scorpion_fly,0.5866,0.0965,0.1657
28,Train,PF1,0,Aculeata,0.9793,0.9709,0.9751
28,Train,PF1,1,Araneomorphae,0.9775,0.975,0.9763
28,Train,PF1,2,Asilomorpha,0.981,0.9836,0.9823
28,Train,PF1,3,Bibionomorpha,0.9809,0.9875,0.9842
28,Train,PF1,4,Cucujiformia,0.9915,0.9856,0.9885
28,Train,PF1,5,Culicomorpha,0.996,0.9852,0.9905
28,Train,PF1,6,Epidermaptera,0.9463,0.9558,0.951
28,Train,PF1,7,Heterocera,0.9862,0.9469,0.9661
28,Train,PF1,8,Muscomorpha,0.9803,0.9893,0.9848
28,Train,PF1,9,Parasitica,0.9618,0.9242,0.9426
28,Train,PF1,10,Pentatomomorpha,0.9818,0.9143,0.9468
28,Train,PF1,11,Plenitentoria,0.9913,0.9955,0.9934
28,Train,PF1,12,Rhopalocera,0.9683,0.9652,0.9668
28,Train,PF1,13,lacewing,0.9655,0.9948,0.9799
28,Train,PF1,14,saw_fly,0.9582,0.9553,0.9567
28,Train,Leaf Class (Softmax),0,Ichneumonoidea,0.9541,0.9419,0.9479
28,Train,Leaf Class (Softmax),1,Muscoidea,0.7963,0.7641,0.7798
28,Train,Leaf Class (Softmax),2,ant,0.9787,0.9879,0.9833
28,Train,Leaf Class (Softmax),3,ant_beetle,0.9884,0.9865,0.9874
28,Train,Leaf Class (Softmax),4,bug,0.9597,0.9543,0.957
28,Train,Leaf Class (Softmax),5,butterfly,0.9787,0.9676,0.9731
28,Train,Leaf Class (Softmax),6,caddisfly,0.9951,0.9951,0.9951
28,Train,Leaf Class (Softmax),7,dance_fly,0.9714,0.9565,0.9639
28,Train,Leaf Class (Softmax),8,earwig,0.9679,0.9574,0.9626
28,Train,Leaf Class (Softmax),9,fever_fly,0.9865,0.9886,0.9875
28,Train,Leaf Class (Softmax),10,flesh_fly,0.9477,0.9472,0.9475
28,Train,Leaf Class (Softmax),11,fly,0.7574,0.7893,0.773
28,Train,Leaf Class (Softmax),12,fruit_fly,0.978,0.9795,0.9788
28,Train,Leaf Class (Softmax),13,hoverfly,0.9722,0.9746,0.9734
28,Train,Leaf Class (Softmax),14,ladybug,0.9865,0.9874,0.9869
28,Train,Leaf Class (Softmax),15,leaf_beetle,0.9906,0.9912,0.9909
28,Train,Leaf Class (Softmax),16,midge,0.9922,0.9895,0.9909
28,Train,Leaf Class (Softmax),17,moth,0.9771,0.9749,0.976
28,Train,Leaf Class (Softmax),18,robber_fly,0.9888,0.9873,0.9881
28,Train,Leaf Class (Softmax),19,spider,0.9724,0.9835,0.9779
28,Train,Leaf Class (Softmax),20,wasp,0.9225,0.8712,0.8961
28,Train,Leaf Class (Softmax),21,weevil,0.9902,0.9912,0.9907
28,Train,Leaf Class (Sigmoid),0,Ichneumonoidea,0.9305,0.9497,0.94
28,Train,Leaf Class (Sigmoid),1,Muscoidea,0.6949,0.8912,0.7809
28,Train,Leaf Class (Sigmoid),2,ant,0.9811,0.9842,0.9826
28,Train,Leaf Class (Sigmoid),3,ant_beetle,0.9865,0.9861,0.9863
28,Train,Leaf Class (Sigmoid),4,bug,0.9768,0.9261,0.9508
28,Train,Leaf Class (Sigmoid),5,butterfly,0.9899,0.9474,0.9682
28,Train,Leaf Class (Sigmoid),6,caddisfly,0.9921,0.9947,0.9934
28,Train,Leaf Class (Sigmoid),7,dance_fly,0.9838,0.9364,0.9595
28,Train,Leaf Class (Sigmoid),8,earwig,0.976,0.9465,0.961
28,Train,Leaf Class (Sigmoid),9,fever_fly,0.9889,0.9822,0.9855
28,Train,Leaf Class (Sigmoid),10,flesh_fly,0.9353,0.9522,0.9437
28,Train,Leaf Class (Sigmoid),11,fly,0.8524,0.6129,0.713
28,Train,Leaf Class (Sigmoid),12,fruit_fly,0.9697,0.9826,0.9761
28,Train,Leaf Class (Sigmoid),13,hoverfly,0.9741,0.9724,0.9733
28,Train,Leaf Class (Sigmoid),14,ladybug,0.9759,0.9898,0.9828
28,Train,Leaf Class (Sigmoid),15,leaf_beetle,0.9837,0.9928,0.9882
28,Train,Leaf Class (Sigmoid),16,midge,0.9967,0.9829,0.9897
28,Train,Leaf Class (Sigmoid),17,moth,0.9893,0.9578,0.9733
28,Train,Leaf Class (Sigmoid),18,robber_fly,0.9837,0.9889,0.9863
28,Train,Leaf Class (Sigmoid),19,spider,0.9643,0.9706,0.9674
28,Train,Leaf Class (Sigmoid),20,wasp,0.9166,0.8464,0.8801
28,Train,Leaf Class (Sigmoid),21,weevil,0.9919,0.9865,0.9892
28,Test,PF4,0,Arachnida,0.5988,0.8752,0.7111
28,Test,PF4,1,Insecta,0.9971,0.9864,0.9917
28,Test,PF3,0,Araneae,0.6282,0.8649,0.7278
28,Test,PF3,1,Coleoptera,0.894,0.8031,0.8461
28,Test,PF3,2,Dermaptera,0.8538,0.1423,0.2439
28,Test,PF3,3,Diptera,0.9177,0.925,0.9214
28,Test,PF3,4,Hemiptera,0.7969,0.7134,0.7528
28,Test,PF3,5,Hymenoptera,0.8123,0.8248,0.8185
28,Test,PF3,6,Lepidoptera,0.6712,0.5753,0.6196
28,Test,PF3,7,Mecoptera,0.356,0.3865,0.3706
28,Test,PF3,8,Neuroptera,0.5162,0.5871,0.5494
28,Test,PF3,9,Orthoptera,0.6721,0.9355,0.7822
28,Test,PF3,10,Trichoptera,0.993,0.9845,0.9887
28,Test,PF2,0,Apocrita,0.8316,0.842,0.8368
28,Test,PF2,1,Arneomorphae,0.6475,0.8643,0.7403
28,Test,PF2,2,Brachycera,0.9002,0.921,0.9105
28,Test,PF2,3,Forficulina,0.8041,0.116,0.2027
28,Test,PF2,4,Glossata,0.6812,0.5513,0.6094
28,Test,PF2,5,Hemerobiiformia,0.6144,0.5585,0.5851
28,Test,PF2,6,Heteroptera,0.7719,0.7142,0.7419
28,Test,PF2,7,Integripalpia,0.9952,0.981,0.9881
28,Test,PF2,8,Nematocera,0.9514,0.9732,0.9622
28,Test,PF2,9,Polyphaga,0.9151,0.7955,0.8511
28,Test,PF2,10,Symphyta,0.8754,0.6964,0.7758
28,Test,PF2,11,grasshopper,0.5893,0.9738,0.7343
28,Test,PF2,12,scorpion_fly,0.2062,0.1634,0.1823
28,Test,PF1,0,Aculeata,0.8632,0.8685,0.8659
28,Test,PF1,1,Araneomorphae,0.6388,0.8643,0.7346
28,Test,PF1,2,Asilomorpha,0.8625,0.784,0.8214
28,Test,PF1,3,Bibionomorpha,0.9925,0.9349,0.9628
28,Test,PF1,4,Cucujiformia,0.9089,0.7916,0.8462
28,Test,PF1,5,Culicomorpha,0.9241,0.9898,0.9558
28,Test,PF1,6,Epidermaptera,0.8308,0.1053,0.1869
28,Test,PF1,7,Heterocera,0.6739,0.5372,0.5979
28,Test,PF1,8,Muscomorpha,0.8432,0.9104,0.8755
28,Test,PF1,9,Parasitica,0.6923,0.6861,0.6892
28,Test,PF1,10,Pentatomomorpha,0.7892,0.7096,0.7473
28,Test,PF1,11,Plenitentoria,0.9892,0.9853,0.9873
28,Test,PF1,12,Rhopalocera,0.6951,0.9635,0.8076
28,Test,PF1,13,lacewing,0.3967,0.6531,0.4936
28,Test,PF1,14,saw_fly,0.8765,0.6953,0.7755
28,Test,Leaf Class (Softmax),0,Ichneumonoidea,0.5594,0.7287,0.6329
28,Test,Leaf Class (Softmax),1,Muscoidea,0.3922,0.596,0.4731
28,Test,Leaf Class (Softmax),2,ant,0.8689,0.9132,0.8905
28,Test,Leaf Class (Softmax),3,ant_beetle,0.887,0.9394,0.9124
28,Test,Leaf Class (Softmax),4,bug,0.8225,0.7142,0.7645
28,Test,Leaf Class (Softmax),5,butterfly,0.7192,0.936,0.8134
28,Test,Leaf Class (Softmax),6,caddisfly,0.9882,0.9784,0.9833
28,Test,Leaf Class (Softmax),7,dance_fly,0.847,0.6712,0.7489
28,Test,Leaf Class (Softmax),8,earwig,0.9012,0.0712,0.1319
28,Test,Leaf Class (Softmax),9,fever_fly,0.9916,0.9179,0.9533
28,Test,Leaf Class (Softmax),10,flesh_fly,0.8433,0.7238,0.779
28,Test,Leaf Class (Softmax),11,fly,0.3803,0.5002,0.4321
28,Test,Leaf Class (Softmax),12,fruit_fly,0.7905,0.6262,0.6988
28,Test,Leaf Class (Softmax),13,hoverfly,0.8331,0.7762,0.8037
28,Test,Leaf Class (Softmax),14,ladybug,0.8482,0.9568,0.8992
28,Test,Leaf Class (Softmax),15,leaf_beetle,0.0978,0.0169,0.0288
28,Test,Leaf Class (Softmax),16,midge,0.9475,0.9882,0.9674
28,Test,Leaf Class (Softmax),17,moth,0.7785,0.623,0.6921
28,Test,Leaf Class (Softmax),18,robber_fly,0.6761,0.799,0.7324
28,Test,Leaf Class (Softmax),19,spider,0.6118,0.8649,0.7167
28,Test,Leaf Class (Softmax),20,wasp,0.8768,0.8271,0.8512
28,Test,Leaf Class (Softmax),21,weevil,0.9279,0.7018,0.7991
28,Test,Leaf Class (Sigmoid),0,Ichneumonoidea,0.6577,0.7108,0.6832
28,Test,Leaf Class (Sigmoid),1,Muscoidea,0.4713,0.386,0.4244
28,Test,Leaf Class (Sigmoid),2,ant,0.8315,0.918,0.8726
28,Test,Leaf Class (Sigmoid),3,ant_beetle,0.9066,0.9475,0.9266
28,Test,Leaf Class (Sigmoid),4,bug,0.7516,0.7134,0.732
28,Test,Leaf Class (Sigmoid),5,butterfly,0.7284,0.9488,0.8241
28,Test,Leaf Class (Sigmoid),6,caddisfly,0.9926,0.9836,0.9881
28,Test,Leaf Class (Sigmoid),7,dance_fly,0.7832,0.6834,0.7299
28,Test,Leaf Class (Sigmoid),8,earwig,0.9,0.0965,0.1743
28,Test,Leaf Class (Sigmoid),9,fever_fly,0.9931,0.9222,0.9563
28,Test,Leaf Class (Sigmoid),10,flesh_fly,0.8529,0.6278,0.7232
28,Test,Leaf Class (Sigmoid),11,fly,0.3504,0.6998,0.467
28,Test,Leaf Class (Sigmoid),12,fruit_fly,0.8584,0.6015,0.7073
28,Test,Leaf Class (Sigmoid),13,hoverfly,0.7782,0.7887,0.7835
28,Test,Leaf Class (Sigmoid),14,ladybug,0.8999,0.955,0.9266
28,Test,Leaf Class (Sigmoid),15,leaf_beetle,0.0783,0.0069,0.0127
28,Test,Leaf Class (Sigmoid),16,midge,0.9418,0.9912,0.9659
28,Test,Leaf Class (Sigmoid),17,moth,0.6982,0.6542,0.6755
28,Test,Leaf Class (Sigmoid),18,robber_fly,0.6882,0.7902,0.7357
28,Test,Leaf Class (Sigmoid),19,spider,0.6213,0.8607,0.7217
28,Test,Leaf Class (Sigmoid),20,wasp,0.8816,0.8207,0.85
28,Test,Leaf Class (Sigmoid),21,weevil,0.8906,0.7325,0.8038
29,Train,PF4,0,Arachnida,0.9098,0.9865,0.9466
29,Train,PF4,1,Insecta,0.9999,0.9992,0.9995
29,Train,PF3,0,Araneae,0.9668,0.9746,0.9707
29,Train,PF3,1,Coleoptera,0.9848,0.9854,0.9851
29,Train,PF3,2,Dermaptera,0.9235,0.955,0.939
29,Train,PF3,3,Diptera,0.9883,0.9843,0.9863
29,Train,PF3,4,Hemiptera,0.9825,0.9171,0.9487
29,Train,PF3,5,Hymenoptera,0.9698,0.967,0.9684
29,Train,PF3,6,Lepidoptera,0.9728,0.9357,0.9539
29,Train,PF3,7,Mecoptera,0.7285,0.2622,0.3856
29,Train,PF3,8,Neuroptera,0.9707,0.9919,0.9812
29,Train,PF3,9,Orthoptera,0.8436,0.9884,0.9103
29,Train,PF3,10,Trichoptera,0.9962,0.986,0.9911
29,Train,PF2,0,Apocrita,0.9851,0.9609,0.9728
29,Train,PF2,1,Arneomorphae,0.9832,0.9371,0.9596
29,Train,PF2,2,Brachycera,0.9863,0.9859,0.9861
29,Train,PF2,3,Forficulina,0.9304,0.9535,0.9418
29,Train,PF2,4,Glossata,0.9798,0.9005,0.9385
29,Train,PF2,5,Hemerobiiformia,0.9783,0.9886,0.9834
29,Train,PF2,6,Heteroptera,0.9779,0.9227,0.9495
29,Train,PF2,7,Integripalpia,0.9962,0.9833,0.9897
29,Train,PF2,8,Nematocera,0.9938,0.9773,0.9855
29,Train,PF2,9,Polyphaga,0.9891,0.9818,0.9855
29,Train,PF2,10,Symphyta,0.9382,0.9581,0.948
29,Train,PF2,11,grasshopper,0.7777,0.9936,0.8725
29,Train,PF2,12,scorpion_fly,0.5879,0.0871,0.1518
29,Train,PF1,0,Aculeata,0.9805,0.9704,0.9754
29,Train,PF1,1,Araneomorphae,0.9731,0.9731,0.9731
29,Train,PF1,2,Asilomorpha,0.9828,0.9845,0.9836
29,Train,PF1,3,Bibionomorpha,0.9839,0.9839,0.9839
29,Train,PF1,4,Cucujiformia,0.9907,0.986,0.9883
29,Train,PF1,5,Culicomorpha,0.9975,0.9882,0.9928
29,Train,PF1,6,Epidermaptera,0.9503,0.9488,0.9496
29,Train,PF1,7,Heterocera,0.9882,0.9483,0.9679
29,Train,PF1,8,Muscomorpha,0.9815,0.9906,0.986
29,Train,PF1,9,Parasitica,0.9553,0.9254,0.9401
29,Train,PF1,10,Pentatomomorpha,0.988,0.9289,0.9576
29,Train,PF1,11,Plenitentoria,0.9947,0.9947,0.9947
29,Train,PF1,12,Rhopalocera,0.966,0.9652,0.9656
29,Train,PF1,13,lacewing,0.9681,0.9952,0.9815
29,Train,PF1,14,saw_fly,0.9546,0.9576,0.9561
29,Train,Leaf Class (Softmax),0,Ichneumonoidea,0.9465,0.9398,0.9431
29,Train,Leaf Class (Softmax),1,Muscoidea,0.7987,0.7656,0.7818
29,Train,Leaf Class (Softmax),2,ant,0.9806,0.9874,0.984
29,Train,Leaf Class (Softmax),3,ant_beetle,0.988,0.9869,0.9875
29,Train,Leaf Class (Softmax),4,bug,0.9669,0.9566,0.9617
29,Train,Leaf Class (Softmax),5,butterfly,0.9715,0.9652,0.9683
29,Train,Leaf Class (Softmax),6,caddisfly,0.9955,0.9955,0.9955
29,Train,Leaf Class (Softmax),7,dance_fly,0.9529,0.9471,0.95
29,Train,Leaf Class (Softmax),8,earwig,0.9687,0.9581,0.9634
29,Train,Leaf Class (Softmax),9,fever_fly,0.9861,0.9879,0.987
29,Train,Leaf Class (Softmax),10,flesh_fly,0.951,0.9487,0.9498
29,Train,Leaf Class (Softmax),11,fly,0.7592,0.7939,0.7762
29,Train,Leaf Class (Softmax),12,fruit_fly,0.9783,0.9789,0.9786
29,Train,Leaf Class (Softmax),13,hoverfly,0.9733,0.9769,0.9751
29,Train,Leaf Class (Softmax),14,ladybug,0.9877,0.9888,0.9882
29,Train,Leaf Class (Softmax),15,leaf_beetle,0.9897,0.9906,0.9902
29,Train,Leaf Class (Softmax),16,midge,0.9947,0.9922,0.9934
29,Train,Leaf Class (Softmax),17,moth,0.978,0.974,0.976
29,Train,Leaf Class (Softmax),18,robber_fly,0.9893,0.9879,0.9886
29,Train,Leaf Class (Softmax),19,spider,0.9728,0.981,0.9769
29,Train,Leaf Class (Softmax),20,wasp,0.9229,0.8717,0.8966
29,Train,Leaf Class (Softmax),21,weevil,0.9899,0.9918,0.9908
29,Train,Leaf Class (Sigmoid),0,Ichneumonoidea,0.9277,0.9514,0.9394
29,Train,Leaf Class (Sigmoid),1,Muscoidea,0.7058,0.8884,0.7866
29,Train,Leaf Class (Sigmoid),2,ant,0.9823,0.9852,0.9837
29,Train,Leaf Class (Sigmoid),3,ant_beetle,0.9854,0.9854,0.9854
29,Train,Leaf Class (Sigmoid),4,bug,0.9834,0.9346,0.9584
29,Train,Leaf Class (Sigmoid),5,butterfly,0.984,0.9426,0.9628
29,Train,Leaf Class (Sigmoid),6,caddisfly,0.9951,0.9943,0.9947
29,Train,Leaf Class (Sigmoid),7,dance_fly,0.969,0.9217,0.9448
29,Train,Leaf Class (Sigmoid),8,earwig,0.976,0.945,0.9602
29,Train,Leaf Class (Sigmoid),9,fever_fly,0.9885,0.9818,0.9851
29,Train,Leaf Class (Sigmoid),10,flesh_fly,0.9371,0.9546,0.9458
29,Train,Leaf Class (Sigmoid),11,fly,0.8504,0.6328,0.7256
29,Train,Leaf Class (Sigmoid),12,fruit_fly,0.9703,0.9828,0.9765
29,Train,Leaf Class (Sigmoid),13,hoverfly,0.9756,0.9752,0.9754
29,Train,Leaf Class (Sigmoid),14,ladybug,0.978,0.9903,0.9841
29,Train,Leaf Class (Sigmoid),15,leaf_beetle,0.9812,0.9921,0.9866
29,Train,Leaf Class (Sigmoid),16,midge,0.9988,0.9869,0.9928
29,Train,Leaf Class (Sigmoid),17,moth,0.9889,0.9582,0.9733
29,Train,Leaf Class (Sigmoid),18,robber_fly,0.9859,0.9892,0.9876
29,Train,Leaf Class (Sigmoid),19,spider,0.9725,0.9721,0.9723
29,Train,Leaf Class (Sigmoid),20,wasp,0.9293,0.8456,0.8855
29,Train,Leaf Class (Sigmoid),21,weevil,0.9922,0.9889,0.9906
29,Test,PF4,0,Arachnida,0.5724,0.8758,0.6924
29,Test,PF4,1,Insecta,0.9971,0.9849,0.9909
29,Test,PF3,0,Araneae,0.5943,0.8758,0.7081
29,Test,PF3,1,Coleoptera,0.8819,0.7852,0.8307
29,Test,PF3,2,Dermaptera,0.7778,0.0478,0.09
29,Test,PF3,3,Diptera,0.9105,0.9333,0.9218
29,Test,PF3,4,Hemiptera,0.9625,0.6926,0.8056
29,Test,PF3,5,Hymenoptera,0.7745,0.819,0.7961
29,Test,PF3,6,Lepidoptera,0.7026,0.6209,0.6593
29,Test,PF3,7,Mecoptera,0.2185,0.1686,0.1903
29,Test,PF3,8,Neuroptera,0.7617,0.4904,0.5966
29,Test,PF3,9,Orthoptera,0.6349,0.9475,0.7604
29,Test,PF3,10,Trichoptera,0.9964,0.9651,0.9805
29,Test,PF2,0,Apocrita,0.7944,0.8289,0.8113
29,Test,PF2,1,Arneomorphae,0.6058,0.8758,0.7162
29,Test,PF2,2,Brachycera,0.8742,0.9246,0.8987
29,Test,PF2,3,Forficulina,0.8,0.0468,0.0884
29,Test,PF2,4,Glossata,0.7323,0.5789,0.6466
29,Test,PF2,5,Hemerobiiformia,0.8918,0.4545,0.6021
29,Test,PF2,6,Heteroptera,0.9187,0.688,0.7868
29,Test,PF2,7,Integripalpia,0.9982,0.9625,0.98
29,Test,PF2,8,Nematocera,0.9659,0.9431,0.9544
29,Test,PF2,9,Polyphaga,0.9183,0.7836,0.8456
29,Test,PF2,10,Symphyta,0.8201,0.7073,0.7595
29,Test,PF2,11,grasshopper,0.5502,0.9762,0.7038
29,Test,PF2,12,scorpion_fly,0.332,0.1077,0.1626
29,Test,PF1,0,Aculeata,0.8508,0.8515,0.8512
29,Test,PF1,1,Araneomorphae,0.6012,0.8758,0.713
29,Test,PF1,2,Asilomorpha,0.873,0.7648,0.8153
29,Test,PF1,3,Bibionomorpha,0.9931,0.816,0.8959
29,Test,PF1,4,Cucujiformia,0.9061,0.7806,0.8386
29,Test,PF1,5,Culicomorpha,0.9553,0.989,0.9719
29,Test,PF1,6,Epidermaptera,0.6875,0.0322,0.0615
29,Test,PF1,7,Heterocera,0.7534,0.462,0.5728
29,Test,PF1,8,Muscomorpha,0.797,0.933,0.8596
29,Test,PF1,9,Parasitica,0.3795,0.6323,0.4743
29,Test,PF1,10,Pentatomomorpha,0.9409,0.6872,0.7943
29,Test,PF1,11,Plenitentoria,0.996,0.9694,0.9825
29,Test,PF1,12,Rhopalocera,0.6651,0.9586,0.7853
29,Test,PF1,13,lacewing,0.4458,0.5543,0.4942
29,Test,PF1,14,saw_fly,0.8121,0.7005,0.7522
29,Test,Leaf Class (Softmax),0,Ichneumonoidea,0.3714,0.6637,0.4763
29,Test,Leaf Class (Softmax),1,Muscoidea,0.3756,0.6452,0.4748
29,Test,Leaf Class (Softmax),2,ant,0.8696,0.9085,0.8886
29,Test,Leaf Class (Softmax),3,ant_beetle,0.9768,0.8101,0.8857
29,Test,Leaf Class (Softmax),4,bug,0.9415,0.7065,0.8072
29,Test,Leaf Class (Softmax),5,butterfly,0.7582,0.9389,0.8389
29,Test,Leaf Class (Softmax),6,caddisfly,0.9978,0.9685,0.9829
29,Test,Leaf Class (Softmax),7,dance_fly,0.9321,0.6705,0.7799
29,Test,Leaf Class (Softmax),8,earwig,0.4706,0.0078,0.0153
29,Test,Leaf Class (Softmax),9,fever_fly,0.9947,0.799,0.8862
29,Test,Leaf Class (Softmax),10,flesh_fly,0.7445,0.74,0.7422
29,Test,Leaf Class (Softmax),11,fly,0.3655,0.45,0.4034
29,Test,Leaf Class (Softmax),12,fruit_fly,0.7932,0.6195,0.6957
29,Test,Leaf Class (Softmax),13,hoverfly,0.7992,0.768,0.7833
29,Test,Leaf Class (Softmax),14,ladybug,0.7325,0.947,0.8261
29,Test,Leaf Class (Softmax),15,leaf_beetle,0.1691,0.0269,0.0464
29,Test,Leaf Class (Softmax),16,midge,0.964,0.985,0.9744
29,Test,Leaf Class (Softmax),17,moth,0.8047,0.5582,0.6592
29,Test,Leaf Class (Softmax),18,robber_fly,0.7837,0.761,0.7722
29,Test,Leaf Class (Softmax),19,spider,0.5907,0.8758,0.7055
29,Test,Leaf Class (Softmax),20,wasp,0.8985,0.7593,0.8231
29,Test,Leaf Class (Softmax),21,weevil,0.8825,0.768,0.8213
29,Test,Leaf Class (Sigmoid),0,Ichneumonoidea,0.4151,0.6413,0.504
29,Test,Leaf Class (Sigmoid),1,Muscoidea,0.4126,0.4635,0.4366
29,Test,Leaf Class (Sigmoid),2,ant,0.8416,0.8992,0.8695
29,Test,Leaf Class (Sigmoid),3,ant_beetle,0.9829,0.8507,0.912
29,Test,Leaf Class (Sigmoid),4,bug,0.8761,0.708,0.7831
29,Test,Leaf Class (Sigmoid),5,butterfly,0.7162,0.9547,0.8184
29,Test,Leaf Class (Sigmoid),6,caddisfly,0.9969,0.9672,0.9818
29,Test,Leaf Class (Sigmoid),7,dance_fly,0.909,0.6705,0.7717
29,Test,Leaf Class (Sigmoid),8,earwig,0.5769,0.0146,0.0285
29,Test,Leaf Class (Sigmoid),9,fever_fly,0.9939,0.811,0.8932
29,Test,Leaf Class (Sigmoid),10,flesh_fly,0.7943,0.6835,0.7347
29,Test,Leaf Class (Sigmoid),11,fly,0.3418,0.6375,0.445
29,Test,Leaf Class (Sigmoid),12,fruit_fly,0.8604,0.5995,0.7066
29,Test,Leaf Class (Sigmoid),13,hoverfly,0.8628,0.7498,0.8023
29,Test,Leaf Class (Sigmoid),14,ladybug,0.8997,0.9348,0.9169
29,Test,Leaf Class (Sigmoid),15,leaf_beetle,0.097,0.01,0.0181
29,Test,Leaf Class (Sigmoid),16,midge,0.9595,0.9898,0.9744
29,Test,Leaf Class (Sigmoid),17,moth,0.7978,0.9292,0.8585
29,Test,Leaf Class (Sigmoid),18,robber_fly,0.9046,0.761,0.8266
29,Test,Leaf Class (Sigmoid),19,spider,0.5859,0.8758,0.7021
29,Test,Leaf Class (Sigmoid),20,wasp,0.7985,0.7875,0.7929
29,Test,Leaf Class (Sigmoid),21,weevil,0.8455,0.7745,0.8085
30,Train,PF4,0,Arachnida,0.9301,0.989,0.9586
30,Train,PF4,1,Insecta,0.9999,0.9994,0.9996
30,Train,PF3,0,Araneae,0.972,0.9716,0.9718
30,Train,PF3,1,Coleoptera,0.9842,0.9841,0.9841
30,Train,PF3,2,Dermaptera,0.9157,0.9519,0.9335
30,Train,PF3,3,Diptera,0.9884,0.9849,0.9866
30,Train,PF3,4,Hemiptera,0.9757,0.9267,0.9505
30,Train,PF3,5,Hymenoptera,0.9721,0.9687,0.9704
30,Train,PF3,6,Lepidoptera,0.9752,0.9371,0.9558
30,Train,PF3,7,Mecoptera,0.7634,0.3074,0.4383
30,Train,PF3,8,Neuroptera,0.9703,0.9928,0.9814
30,Train,PF3,9,Orthoptera,0.8514,0.989,0.9151
30,Train,PF3,10,Trichoptera,0.9954,0.9871,0.9913
30,Train,PF2,0,Apocrita,0.983,0.9635,0.9732
30,Train,PF2,1,Arneomorphae,0.9842,0.9296,0.9561
30,Train,PF2,2,Brachycera,0.9866,0.9866,0.9866
30,Train,PF2,3,Forficulina,0.9299,0.9465,0.9381
30,Train,PF2,4,Glossata,0.9819,0.9028,0.9407
30,Train,PF2,5,Hemerobiiformia,0.9768,0.9894,0.9831
30,Train,PF2,6,Heteroptera,0.9752,0.9301,0.9521
30,Train,PF2,7,Integripalpia,0.9973,0.9871,0.9922
30,Train,PF2,8,Nematocera,0.9932,0.9782,0.9856
30,Train,PF2,9,Polyphaga,0.9895,0.9814,0.9854
30,Train,PF2,10,Symphyta,0.9409,0.9601,0.9504
30,Train,PF2,11,grasshopper,0.7853,0.9934,0.8772
30,Train,PF2,12,scorpion_fly,0.5707,0.092,0.1585
30,Train,PF1,0,Aculeata,0.9789,0.9719,0.9754
30,Train,PF1,1,Araneomorphae,0.9785,0.9785,0.9785
30,Train,PF1,2,Asilomorpha,0.984,0.9846,0.9843
30,Train,PF1,3,Bibionomorpha,0.9868,0.985,0.9859
30,Train,PF1,4,Cucujiformia,0.9911,0.9853,0.9882
30,Train,PF1,5,Culicomorpha,0.9967,0.9874,0.9921
30,Train,PF1,6,Epidermaptera,0.9521,0.9558,0.954
30,Train,PF1,7,Heterocera,0.987,0.9481,0.9671
30,Train,PF1,8,Muscomorpha,0.981,0.9902,0.9856
30,Train,PF1,9,Parasitica,0.961,0.9254,0.9429
30,Train,PF1,10,Pentatomomorpha,0.9838,0.9261,0.9541
30,Train,PF1,11,Plenitentoria,0.9955,0.9955,0.9955
30,Train,PF1,12,Rhopalocera,0.9723,0.9644,0.9683
30,Train,PF1,13,lacewing,0.9672,0.9959,0.9813
30,Train,PF1,14,saw_fly,0.9593,0.9581,0.9587
30,Train,Leaf Class (Softmax),0,Ichneumonoidea,0.9525,0.9419,0.9472
30,Train,Leaf Class (Softmax),1,Muscoidea,0.8062,0.7704,0.7879
30,Train,Leaf Class (Softmax),2,ant,0.9803,0.9879,0.9841
30,Train,Leaf Class (Softmax),3,ant_beetle,0.9891,0.9888,0.989
30,Train,Leaf Class (Softmax),4,bug,0.9671,0.9605,0.9638
30,Train,Leaf Class (Softmax),5,butterfly,0.9756,0.9709,0.9732
30,Train,Leaf Class (Softmax),6,caddisfly,0.9985,0.9962,0.9973
30,Train,Leaf Class (Softmax),7,dance_fly,0.9622,0.9552,0.9587
30,Train,Leaf Class (Softmax),8,earwig,0.9688,0.962,0.9654
30,Train,Leaf Class (Softmax),9,fever_fly,0.9861,0.9875,0.9868
30,Train,Leaf Class (Softmax),10,flesh_fly,0.9514,0.9501,0.9507
30,Train,Leaf Class (Softmax),11,fly,0.766,0.8036,0.7844
30,Train,Leaf Class (Softmax),12,fruit_fly,0.9806,0.981,0.9808
30,Train,Leaf Class (Softmax),13,hoverfly,0.9735,0.9754,0.9744
30,Train,Leaf Class (Softmax),14,ladybug,0.9876,0.9878,0.9877
30,Train,Leaf Class (Softmax),15,leaf_beetle,0.9902,0.9913,0.9908
30,Train,Leaf Class (Softmax),16,midge,0.9943,0.9912,0.9928
30,Train,Leaf Class (Softmax),17,moth,0.9776,0.9757,0.9767
30,Train,Leaf Class (Softmax),18,robber_fly,0.9897,0.9877,0.9887
30,Train,Leaf Class (Softmax),19,spider,0.9772,0.984,0.9806
30,Train,Leaf Class (Softmax),20,wasp,0.9171,0.8746,0.8953
30,Train,Leaf Class (Softmax),21,weevil,0.9905,0.9903,0.9904
30,Train,Leaf Class (Sigmoid),0,Ichneumonoidea,0.9348,0.9518,0.9432
30,Train,Leaf Class (Sigmoid),1,Muscoidea,0.7098,0.8862,0.7883
30,Train,Leaf Class (Sigmoid),2,ant,0.9816,0.9858,0.9837
30,Train,Leaf Class (Sigmoid),3,ant_beetle,0.9891,0.9854,0.9872
30,Train,Leaf Class (Sigmoid),4,bug,0.9805,0.9368,0.9582
30,Train,Leaf Class (Sigmoid),5,butterfly,0.9882,0.9458,0.9665
30,Train,Leaf Class (Sigmoid),6,caddisfly,0.9973,0.9958,0.9966
30,Train,Leaf Class (Sigmoid),7,dance_fly,0.9722,0.9371,0.9543
30,Train,Leaf Class (Sigmoid),8,earwig,0.9776,0.9465,0.9618
30,Train,Leaf Class (Sigmoid),9,fever_fly,0.9888,0.9793,0.984
30,Train,Leaf Class (Sigmoid),10,flesh_fly,0.9346,0.9564,0.9454
30,Train,Leaf Class (Sigmoid),11,fly,0.8482,0.641,0.7302
30,Train,Leaf Class (Sigmoid),12,fruit_fly,0.9734,0.9836,0.9785
30,Train,Leaf Class (Sigmoid),13,hoverfly,0.9744,0.9729,0.9737
30,Train,Leaf Class (Sigmoid),14,ladybug,0.9769,0.9906,0.9837
30,Train,Leaf Class (Sigmoid),15,leaf_beetle,0.9855,0.9922,0.9888
30,Train,Leaf Class (Sigmoid),16,midge,0.9983,0.9859,0.9921
30,Train,Leaf Class (Sigmoid),17,moth,0.9894,0.9582,0.9736
30,Train,Leaf Class (Sigmoid),18,robber_fly,0.9849,0.9889,0.9869
30,Train,Leaf Class (Sigmoid),19,spider,0.9746,0.977,0.9758
30,Train,Leaf Class (Sigmoid),20,wasp,0.9322,0.8507,0.8896
30,Train,Leaf Class (Sigmoid),21,weevil,0.9927,0.9864,0.9895
30,Test,PF4,0,Arachnida,0.5885,0.8758,0.704
30,Test,PF4,1,Insecta,0.9971,0.9858,0.9914
30,Test,PF3,0,Araneae,0.6214,0.8758,0.727
30,Test,PF3,1,Coleoptera,0.8804,0.7944,0.8352
30,Test,PF3,2,Dermaptera,0.8141,0.1579,0.2645
30,Test,PF3,3,Diptera,0.9064,0.9451,0.9253
30,Test,PF3,4,Hemiptera,0.9331,0.7096,0.8061
30,Test,PF3,5,Hymenoptera,0.7984,0.7957,0.7971
30,Test,PF3,6,Lepidoptera,0.7615,0.6021,0.6725
30,Test,PF3,7,Mecoptera,0.2486,0.2815,0.264
30,Test,PF3,8,Neuroptera,0.6137,0.442,0.5139
30,Test,PF3,9,Orthoptera,0.6649,0.9608,0.7859
30,Test,PF3,10,Trichoptera,0.9982,0.9612,0.9794
30,Test,PF2,0,Apocrita,0.8116,0.8168,0.8142
30,Test,PF2,1,Arneomorphae,0.6287,0.8758,0.732
30,Test,PF2,2,Brachycera,0.8828,0.941,0.911
30,Test,PF2,3,Forficulina,0.8131,0.1569,0.2631
30,Test,PF2,4,Glossata,0.7464,0.5065,0.6035
30,Test,PF2,5,Hemerobiiformia,0.7522,0.4358,0.5519
30,Test,PF2,6,Heteroptera,0.934,0.698,0.7989
30,Test,PF2,7,Integripalpia,0.9986,0.9461,0.9717
30,Test,PF2,8,Nematocera,0.953,0.9592,0.9561
30,Test,PF2,9,Polyphaga,0.9061,0.7865,0.8421
30,Test,PF2,10,Symphyta,0.8201,0.6581,0.7302
30,Test,PF2,11,grasshopper,0.5823,0.9752,0.7292
30,Test,PF2,12,scorpion_fly,0.1306,0.144,0.137
30,Test,PF1,0,Aculeata,0.853,0.8515,0.8523
30,Test,PF1,1,Araneomorphae,0.6185,0.8758,0.725
30,Test,PF1,2,Asilomorpha,0.9043,0.7151,0.7987
30,Test,PF1,3,Bibionomorpha,0.9968,0.8783,0.9338
30,Test,PF1,4,Cucujiformia,0.901,0.7881,0.8407
30,Test,PF1,5,Culicomorpha,0.9385,0.9915,0.9643
30,Test,PF1,6,Epidermaptera,0.7818,0.1257,0.2166
30,Test,PF1,7,Heterocera,0.6713,0.4202,0.5169
30,Test,PF1,8,Muscomorpha,0.7823,0.9356,0.8521
30,Test,PF1,9,Parasitica,0.4388,0.6749,0.5318
30,Test,PF1,10,Pentatomomorpha,0.8865,0.698,0.781
30,Test,PF1,11,Plenitentoria,0.9973,0.9659,0.9814
30,Test,PF1,12,Rhopalocera,0.8185,0.9241,0.8681
30,Test,PF1,13,lacewing,0.4303,0.5247,0.4728
30,Test,PF1,14,saw_fly,0.8113,0.6552,0.725
30,Test,Leaf Class (Softmax),0,Ichneumonoidea,0.3174,0.7466,0.4455
30,Test,Leaf Class (Softmax),1,Muscoidea,0.3441,0.561,0.4266
30,Test,Leaf Class (Softmax),2,ant,0.8612,0.8792,0.8701
30,Test,Leaf Class (Softmax),3,ant_beetle,0.8825,0.9217,0.9017
30,Test,Leaf Class (Softmax),4,bug,0.9035,0.7072,0.7934
30,Test,Leaf Class (Softmax),5,butterfly,0.9061,0.9034,0.9048
30,Test,Leaf Class (Softmax),6,caddisfly,0.9978,0.9616,0.9794
30,Test,Leaf Class (Softmax),7,dance_fly,0.9172,0.6171,0.7378
30,Test,Leaf Class (Softmax),8,earwig,0.8015,0.1023,0.1815
30,Test,Leaf Class (Softmax),9,fever_fly,0.9967,0.8634,0.9253
30,Test,Leaf Class (Softmax),10,flesh_fly,0.7401,0.697,0.7179
30,Test,Leaf Class (Softmax),11,fly,0.3943,0.5125,0.4457
30,Test,Leaf Class (Softmax),12,fruit_fly,0.7999,0.6198,0.6984
30,Test,Leaf Class (Softmax),13,hoverfly,0.7953,0.7588,0.7766
30,Test,Leaf Class (Softmax),14,ladybug,0.7656,0.934,0.8414
30,Test,Leaf Class (Softmax),15,leaf_beetle,0.0887,0.0223,0.0356
30,Test,Leaf Class (Softmax),16,midge,0.9559,0.9908,0.973
30,Test,Leaf Class (Softmax),17,moth,0.8069,0.6642,0.7286
30,Test,Leaf Class (Softmax),18,robber_fly,0.8345,0.754,0.7922
30,Test,Leaf Class (Softmax),19,spider,0.613,0.8758,0.7212
30,Test,Leaf Class (Softmax),20,wasp,0.8618,0.7792,0.8184
30,Test,Leaf Class (Softmax),21,weevil,0.9252,0.7572,0.8328
30,Test,Leaf Class (Sigmoid),0,Ichneumonoidea,0.4399,0.6973,0.5395
30,Test,Leaf Class (Sigmoid),1,Muscoidea,0.3646,0.387,0.3755
30,Test,Leaf Class (Sigmoid),2,ant,0.8449,0.8945,0.869
30,Test,Leaf Class (Sigmoid),3,ant_beetle,0.8912,0.9387,0.9143
30,Test,Leaf Class (Sigmoid),4,bug,0.8745,0.7088,0.783
30,Test,Leaf Class (Sigmoid),5,butterfly,0.8847,0.93,0.9068
30,Test,Leaf Class (Sigmoid),6,caddisfly,0.9978,0.9573,0.9771
30,Test,Leaf Class (Sigmoid),7,dance_fly,0.8939,0.6491,0.7521
30,Test,Leaf Class (Sigmoid),8,earwig,0.8067,0.1179,0.2058
30,Test,Leaf Class (Sigmoid),9,fever_fly,0.9968,0.8832,0.9366
30,Test,Leaf Class (Sigmoid),10,flesh_fly,0.7051,0.6188,0.6591
30,Test,Leaf Class (Sigmoid),11,fly,0.3485,0.6895,0.463
30,Test,Leaf Class (Sigmoid),12,fruit_fly,0.8368,0.6075,0.7039
30,Test,Leaf Class (Sigmoid),13,hoverfly,0.7594,0.76,0.7597
30,Test,Leaf Class (Sigmoid),14,ladybug,0.8884,0.9255,0.9066
30,Test,Leaf Class (Sigmoid),15,leaf_beetle,0.113,0.02,0.034
30,Test,Leaf Class (Sigmoid),16,midge,0.94,0.9918,0.9652
30,Test,Leaf Class (Sigmoid),17,moth,0.7995,0.8142,0.8068
30,Test,Leaf Class (Sigmoid),18,robber_fly,0.9047,0.6952,0.7863
30,Test,Leaf Class (Sigmoid),19,spider,0.6164,0.8758,0.7235
30,Test,Leaf Class (Sigmoid),20,wasp,0.79,0.7875,0.7887
30,Test,Leaf Class (Sigmoid),21,weevil,0.9026,0.7645,0.8278
31,Train,PF4,0,Arachnida,0.9144,0.991,0.9511
31,Train,PF4,1,Insecta,0.9999,0.9992,0.9996
31,Train,PF3,0,Araneae,0.9736,0.977,0.9753
31,Train,PF3,1,Coleoptera,0.9849,0.9852,0.985
31,Train,PF3,2,Dermaptera,0.9326,0.9659,0.949
31,Train,PF3,3,Diptera,0.9884,0.9853,0.9869
31,Train,PF3,4,Hemiptera,0.9814,0.921,0.9502
31,Train,PF3,5,Hymenoptera,0.9739,0.9681,0.971
31,Train,PF3,6,Lepidoptera,0.9733,0.9398,0.9563
31,Train,PF3,7,Mecoptera,0.7378,0.2577,0.382
31,Train,PF3,8,Neuroptera,0.9708,0.9926,0.9816
31,Train,PF3,9,Orthoptera,0.8482,0.9903,0.9137
31,Train,PF3,10,Trichoptera,0.9939,0.9871,0.9905
31,Train,PF2,0,Apocrita,0.9855,0.9666,0.976
31,Train,PF2,1,Arneomorphae,0.9853,0.9346,0.9593
31,Train,PF2,2,Brachycera,0.9868,0.9867,0.9867
31,Train,PF2,3,Forficulina,0.9489,0.9504,0.9497
31,Train,PF2,4,Glossata,0.9783,0.9078,0.9417
31,Train,PF2,5,Hemerobiiformia,0.9783,0.9898,0.984
31,Train,PF2,6,Heteroptera,0.9792,0.9272,0.9525
31,Train,PF2,7,Integripalpia,0.9977,0.9833,0.9905
31,Train,PF2,8,Nematocera,0.9921,0.9764,0.9842
31,Train,PF2,9,Polyphaga,0.9894,0.9823,0.9858
31,Train,PF2,10,Symphyta,0.9404,0.9555,0.9479
31,Train,PF2,11,grasshopper,0.7874,0.9943,0.8789
31,Train,PF2,12,scorpion_fly,0.5465,0.0765,0.1343
31,Train,PF1,0,Aculeata,0.9803,0.973,0.9767
31,Train,PF1,1,Araneomorphae,0.9776,0.9785,0.9781
31,Train,PF1,2,Asilomorpha,0.9835,0.9839,0.9837
31,Train,PF1,3,Bibionomorpha,0.9861,0.9854,0.9857
31,Train,PF1,4,Cucujiformia,0.9914,0.9865,0.9889
31,Train,PF1,5,Culicomorpha,0.9962,0.9867,0.9914
31,Train,PF1,6,Epidermaptera,0.9537,0.9581,0.9559
31,Train,PF1,7,Heterocera,0.9872,0.9469,0.9666
31,Train,PF1,8,Muscomorpha,0.9812,0.9906,0.9859
31,Train,PF1,9,Parasitica,0.9654,0.9303,0.9475
31,Train,PF1,10,Pentatomomorpha,0.9815,0.9284,0.9542
31,Train,PF1,11,Plenitentoria,0.9955,0.9962,0.9958
31,Train,PF1,12,Rhopalocera,0.9708,0.9676,0.9692
31,Train,PF1,13,lacewing,0.968,0.9958,0.9817
31,Train,PF1,14,saw_fly,0.9598,0.9512,0.9554
31,Train,Leaf Class (Softmax),0,Ichneumonoidea,0.9595,0.9464,0.9529
31,Train,Leaf Class (Softmax),1,Muscoidea,0.8094,0.7769,0.7928
31,Train,Leaf Class (Softmax),2,ant,0.9809,0.9878,0.9844
31,Train,Leaf Class (Softmax),3,ant_beetle,0.9914,0.9918,0.9916
31,Train,Leaf Class (Softmax),4,bug,0.9697,0.9583,0.964
31,Train,Leaf Class (Softmax),5,butterfly,0.9804,0.9693,0.9748
31,Train,Leaf Class (Softmax),6,caddisfly,0.9966,0.9958,0.9962
31,Train,Leaf Class (Softmax),7,dance_fly,0.9602,0.9538,0.957
31,Train,Leaf Class (Softmax),8,earwig,0.972,0.9674,0.9697
31,Train,Leaf Class (Softmax),9,fever_fly,0.9865,0.9879,0.9872
31,Train,Leaf Class (Softmax),10,flesh_fly,0.9527,0.9496,0.9511
31,Train,Leaf Class (Softmax),11,fly,0.7724,0.8066,0.7891
31,Train,Leaf Class (Softmax),12,fruit_fly,0.9796,0.9804,0.98
31,Train,Leaf Class (Softmax),13,hoverfly,0.9756,0.9775,0.9766
31,Train,Leaf Class (Softmax),14,ladybug,0.9865,0.9882,0.9873
31,Train,Leaf Class (Softmax),15,leaf_beetle,0.989,0.9926,0.9908
31,Train,Leaf Class (Softmax),16,midge,0.9948,0.9914,0.9931
31,Train,Leaf Class (Softmax),17,moth,0.9769,0.9747,0.9758
31,Train,Leaf Class (Softmax),18,robber_fly,0.9886,0.9868,0.9877
31,Train,Leaf Class (Softmax),19,spider,0.9772,0.9845,0.9809
31,Train,Leaf Class (Softmax),20,wasp,0.9244,0.8851,0.9044
31,Train,Leaf Class (Softmax),21,weevil,0.9906,0.9902,0.9904
31,Train,Leaf Class (Sigmoid),0,Ichneumonoidea,0.9379,0.9522,0.945
31,Train,Leaf Class (Sigmoid),1,Muscoidea,0.7131,0.8902,0.7918
31,Train,Leaf Class (Sigmoid),2,ant,0.9826,0.9851,0.9838
31,Train,Leaf Class (Sigmoid),3,ant_beetle,0.9906,0.9876,0.9891
31,Train,Leaf Class (Sigmoid),4,bug,0.981,0.9334,0.9566
31,Train,Leaf Class (Sigmoid),5,butterfly,0.9882,0.9498,0.9686
31,Train,Leaf Class (Sigmoid),6,caddisfly,0.994,0.9951,0.9945
31,Train,Leaf Class (Sigmoid),7,dance_fly,0.9675,0.9371,0.9521
31,Train,Leaf Class (Sigmoid),8,earwig,0.9755,0.9558,0.9655
31,Train,Leaf Class (Sigmoid),9,fever_fly,0.9917,0.9825,0.9871
31,Train,Leaf Class (Sigmoid),10,flesh_fly,0.9372,0.9563,0.9467
31,Train,Leaf Class (Sigmoid),11,fly,0.8533,0.6453,0.7349
31,Train,Leaf Class (Sigmoid),12,fruit_fly,0.9722,0.9835,0.9778
31,Train,Leaf Class (Sigmoid),13,hoverfly,0.976,0.9752,0.9756
31,Train,Leaf Class (Sigmoid),14,ladybug,0.9785,0.9907,0.9845
31,Train,Leaf Class (Sigmoid),15,leaf_beetle,0.9822,0.9928,0.9875
31,Train,Leaf Class (Sigmoid),16,midge,0.9979,0.9848,0.9913
31,Train,Leaf Class (Sigmoid),17,moth,0.9901,0.9559,0.9727
31,Train,Leaf Class (Sigmoid),18,robber_fly,0.9844,0.9888,0.9866
31,Train,Leaf Class (Sigmoid),19,spider,0.9761,0.977,0.9766
31,Train,Leaf Class (Sigmoid),20,wasp,0.9292,0.8557,0.8909
31,Train,Leaf Class (Sigmoid),21,weevil,0.9919,0.9861,0.989
31,Test,PF4,0,Arachnida,0.5879,0.8746,0.7032
31,Test,PF4,1,Insecta,0.9971,0.9858,0.9914
31,Test,PF3,0,Araneae,0.6043,0.8704,0.7133
31,Test,PF3,1,Coleoptera,0.9046,0.7754,0.835
31,Test,PF3,2,Dermaptera,0.8462,0.075,0.1379
31,Test,PF3,3,Diptera,0.913,0.9429,0.9277
31,Test,PF3,4,Hemiptera,0.9545,0.6957,0.8048
31,Test,PF3,5,Hymenoptera,0.7916,0.8184,0.8048
31,Test,PF3,6,Lepidoptera,0.7672,0.6384,0.6969
31,Test,PF3,7,Mecoptera,0.3005,0.214,0.25
31,Test,PF3,8,Neuroptera,0.6827,0.5403,0.6032
31,Test,PF3,9,Orthoptera,0.6162,0.9702,0.7537
31,Test,PF3,10,Trichoptera,0.9824,0.9647,0.9735
31,Test,PF2,0,Apocrita,0.7975,0.8461,0.8211
31,Test,PF2,1,Arneomorphae,0.6206,0.868,0.7237
31,Test,PF2,2,Brachycera,0.8951,0.9409,0.9174
31,Test,PF2,3,Forficulina,0.881,0.0721,0.1333
31,Test,PF2,4,Glossata,0.7903,0.665,0.7223
31,Test,PF2,5,Hemerobiiformia,0.8137,0.493,0.614
31,Test,PF2,6,Heteroptera,0.9401,0.7018,0.8037
31,Test,PF2,7,Integripalpia,0.9876,0.9573,0.9722
31,Test,PF2,8,Nematocera,0.9536,0.9577,0.9557
31,Test,PF2,9,Polyphaga,0.9292,0.7744,0.8447
31,Test,PF2,10,Symphyta,0.8568,0.6753,0.7553
31,Test,PF2,11,grasshopper,0.5628,0.9852,0.7164
31,Test,PF2,12,scorpion_fly,0.1887,0.0519,0.0814
31,Test,PF1,0,Aculeata,0.8054,0.8831,0.8425
31,Test,PF1,1,Araneomorphae,0.613,0.8674,0.7183
31,Test,PF1,2,Asilomorpha,0.8814,0.7837,0.8297
31,Test,PF1,3,Bibionomorpha,0.9921,0.8854,0.9357
31,Test,PF1,4,Cucujiformia,0.9271,0.7736,0.8434
31,Test,PF1,5,Culicomorpha,0.943,0.985,0.9636
31,Test,PF1,6,Epidermaptera,0.9,0.0614,0.115
31,Test,PF1,7,Heterocera,0.7893,0.6228,0.6962
31,Test,PF1,8,Muscomorpha,0.8227,0.9365,0.8759
31,Test,PF1,9,Parasitica,0.7087,0.5673,0.6301
31,Test,PF1,10,Pentatomomorpha,0.9118,0.6926,0.7872
31,Test,PF1,11,Plenitentoria,0.9823,0.9784,0.9803
31,Test,PF1,12,Rhopalocera,0.6695,0.9478,0.7847
31,Test,PF1,13,lacewing,0.5057,0.6188,0.5566
31,Test,PF1,14,saw_fly,0.8508,0.6598,0.7432
31,Test,Leaf Class (Softmax),0,Ichneumonoidea,0.568,0.5897,0.5787
31,Test,Leaf Class (Softmax),1,Muscoidea,0.3676,0.6332,0.4652
31,Test,Leaf Class (Softmax),2,ant,0.8041,0.9238,0.8598
31,Test,Leaf Class (Softmax),3,ant_beetle,0.9595,0.8766,0.9162
31,Test,Leaf Class (Softmax),4,bug,0.9484,0.708,0.8108
31,Test,Leaf Class (Softmax),5,butterfly,0.7338,0.9507,0.8283
31,Test,Leaf Class (Softmax),6,caddisfly,0.9818,0.9746,0.9782
31,Test,Leaf Class (Softmax),7,dance_fly,0.9144,0.6522,0.7614
31,Test,Leaf Class (Softmax),8,earwig,0.875,0.0341,0.0657
31,Test,Leaf Class (Softmax),9,fever_fly,0.9936,0.8797,0.9332
31,Test,Leaf Class (Softmax),10,flesh_fly,0.7901,0.8148,0.8022
31,Test,Leaf Class (Softmax),11,fly,0.431,0.4442,0.4375
31,Test,Leaf Class (Softmax),12,fruit_fly,0.8141,0.5935,0.6865
31,Test,Leaf Class (Softmax),13,hoverfly,0.8592,0.781,0.8182
31,Test,Leaf Class (Softmax),14,ladybug,0.8732,0.9485,0.9093
31,Test,Leaf Class (Softmax),15,leaf_beetle,0.0378,0.0069,0.0117
31,Test,Leaf Class (Softmax),16,midge,0.9648,0.9858,0.9751
31,Test,Leaf Class (Softmax),17,moth,0.8675,0.7662,0.8138
31,Test,Leaf Class (Softmax),18,robber_fly,0.7537,0.831,0.7905
31,Test,Leaf Class (Softmax),19,spider,0.6045,0.8674,0.7124
31,Test,Leaf Class (Softmax),20,wasp,0.8113,0.8087,0.81
31,Test,Leaf Class (Softmax),21,weevil,0.9015,0.7578,0.8234
31,Test,Leaf Class (Sigmoid),0,Ichneumonoidea,0.6737,0.574,0.6199
31,Test,Leaf Class (Sigmoid),1,Muscoidea,0.4188,0.4452,0.4316
31,Test,Leaf Class (Sigmoid),2,ant,0.7849,0.924,0.8488
31,Test,Leaf Class (Sigmoid),3,ant_beetle,0.9715,0.8803,0.9236
31,Test,Leaf Class (Sigmoid),4,bug,0.9003,0.7304,0.8065
31,Test,Leaf Class (Sigmoid),5,butterfly,0.6912,0.9547,0.8018
31,Test,Leaf Class (Sigmoid),6,caddisfly,0.9847,0.9733,0.979
31,Test,Leaf Class (Sigmoid),7,dance_fly,0.9046,0.6651,0.7666
31,Test,Leaf Class (Sigmoid),8,earwig,0.8909,0.0478,0.0907
31,Test,Leaf Class (Sigmoid),9,fever_fly,0.9921,0.8917,0.9392
31,Test,Leaf Class (Sigmoid),10,flesh_fly,0.8152,0.8092,0.8122
31,Test,Leaf Class (Sigmoid),11,fly,0.4023,0.6642,0.5011
31,Test,Leaf Class (Sigmoid),12,fruit_fly,0.8725,0.5678,0.6879
31,Test,Leaf Class (Sigmoid),13,hoverfly,0.8297,0.7798,0.804
31,Test,Leaf Class (Sigmoid),14,ladybug,0.9385,0.9385,0.9385
31,Test,Leaf Class (Sigmoid),15,leaf_beetle,0.0464,0.0054,0.0096
31,Test,Leaf Class (Sigmoid),16,midge,0.9569,0.9885,0.9725
31,Test,Leaf Class (Sigmoid),17,moth,0.8009,0.911,0.8524
31,Test,Leaf Class (Sigmoid),18,robber_fly,0.8762,0.8212,0.8479
31,Test,Leaf Class (Sigmoid),19,spider,0.6058,0.8674,0.7133
31,Test,Leaf Class (Sigmoid),20,wasp,0.7897,0.8257,0.8073
31,Test,Leaf Class (Sigmoid),21,weevil,0.8619,0.7642,0.8101
32,Train,PF4,0,Arachnida,0.9179,0.993,0.954
32,Train,PF4,1,Insecta,0.9999,0.9992,0.9996
32,Train,PF3,0,Araneae,0.977,0.9746,0.9758
32,Train,PF3,1,Coleoptera,0.9854,0.9866,0.986
32,Train,PF3,2,Dermaptera,0.9287,0.9698,0.9488
32,Train,PF3,3,Diptera,0.9888,0.986,0.9874
32,Train,PF3,4,Hemiptera,0.9749,0.9182,0.9457
32,Train,PF3,5,Hymenoptera,0.975,0.9703,0.9726
32,Train,PF3,6,Lepidoptera,0.9755,0.9394,0.9571
32,Train,PF3,7,Mecoptera,0.7448,0.2484,0.3725
32,Train,PF3,8,Neuroptera,0.9724,0.9921,0.9822
32,Train,PF3,9,Orthoptera,0.8475,0.9898,0.9131
32,Train,PF3,10,Trichoptera,0.9973,0.9871,0.9922
32,Train,PF2,0,Apocrita,0.9865,0.9663,0.9763
32,Train,PF2,1,Arneomorphae,0.9894,0.9336,0.9607
32,Train,PF2,2,Brachycera,0.9869,0.987,0.987
32,Train,PF2,3,Forficulina,0.9447,0.9543,0.9495
32,Train,PF2,4,Glossata,0.9818,0.9091,0.944
32,Train,PF2,5,Hemerobiiformia,0.9783,0.9893,0.9837
32,Train,PF2,6,Heteroptera,0.9797,0.9267,0.9525
32,Train,PF2,7,Integripalpia,0.9977,0.9822,0.9899
32,Train,PF2,8,Nematocera,0.9926,0.9783,0.9854
32,Train,PF2,9,Polyphaga,0.9906,0.984,0.9873
32,Train,PF2,10,Symphyta,0.9468,0.964,0.9553
32,Train,PF2,11,grasshopper,0.7849,0.9946,0.8774
32,Train,PF2,12,scorpion_fly,0.5636,0.0668,0.1194
32,Train,PF1,0,Aculeata,0.9807,0.9738,0.9773
32,Train,PF1,1,Araneomorphae,0.9815,0.9805,0.981
32,Train,PF1,2,Asilomorpha,0.9841,0.9861,0.9851
32,Train,PF1,3,Bibionomorpha,0.9868,0.9882,0.9875
32,Train,PF1,4,Cucujiformia,0.9922,0.9871,0.9897
32,Train,PF1,5,Culicomorpha,0.9952,0.9876,0.9914
32,Train,PF1,6,Epidermaptera,0.9608,0.9682,0.9645
32,Train,PF1,7,Heterocera,0.9888,0.9517,0.9699
32,Train,PF1,8,Muscomorpha,0.9819,0.9903,0.9861
32,Train,PF1,9,Parasitica,0.9662,0.9316,0.9486
32,Train,PF1,10,Pentatomomorpha,0.9821,0.9272,0.9539
32,Train,PF1,11,Plenitentoria,0.9947,0.9955,0.9951
32,Train,PF1,12,Rhopalocera,0.9701,0.9701,0.9701
32,Train,PF1,13,lacewing,0.9713,0.9962,0.9836
32,Train,PF1,14,saw_fly,0.9649,0.9619,0.9634
32,Train,Leaf Class (Softmax),0,Ichneumonoidea,0.9567,0.9481,0.9524
32,Train,Leaf Class (Softmax),1,Muscoidea,0.8102,0.7791,0.7943
32,Train,Leaf Class (Softmax),2,ant,0.9818,0.9884,0.9851
32,Train,Leaf Class (Softmax),3,ant_beetle,0.9906,0.9884,0.9895
32,Train,Leaf Class (Softmax),4,bug,0.9629,0.9526,0.9578
32,Train,Leaf Class (Softmax),5,butterfly,0.974,0.9701,0.972
32,Train,Leaf Class (Softmax),6,caddisfly,0.997,0.9951,0.996
32,Train,Leaf Class (Softmax),7,dance_fly,0.9655,0.9558,0.9606
32,Train,Leaf Class (Softmax),8,earwig,0.9729,0.9736,0.9733
32,Train,Leaf Class (Softmax),9,fever_fly,0.9875,0.9904,0.989
32,Train,Leaf Class (Softmax),10,flesh_fly,0.9532,0.9524,0.9528
32,Train,Leaf Class (Softmax),11,fly,0.7769,0.8071,0.7917
32,Train,Leaf Class (Softmax),12,fruit_fly,0.9793,0.9809,0.9801
32,Train,Leaf Class (Softmax),13,hoverfly,0.9752,0.978,0.9766
32,Train,Leaf Class (Softmax),14,ladybug,0.9883,0.9887,0.9885
32,Train,Leaf Class (Softmax),15,leaf_beetle,0.9907,0.9928,0.9918
32,Train,Leaf Class (Softmax),16,midge,0.9928,0.9918,0.9923
32,Train,Leaf Class (Softmax),17,moth,0.9781,0.9771,0.9776
32,Train,Leaf Class (Softmax),18,robber_fly,0.9902,0.9884,0.9893
32,Train,Leaf Class (Softmax),19,spider,0.9792,0.9865,0.9828
32,Train,Leaf Class (Softmax),20,wasp,0.9278,0.8814,0.904
32,Train,Leaf Class (Softmax),21,weevil,0.9896,0.9906,0.9901
32,Train,Leaf Class (Sigmoid),0,Ichneumonoidea,0.9358,0.9559,0.9458
32,Train,Leaf Class (Sigmoid),1,Muscoidea,0.719,0.8831,0.7927
32,Train,Leaf Class (Sigmoid),2,ant,0.9836,0.9842,0.9839
32,Train,Leaf Class (Sigmoid),3,ant_beetle,0.991,0.9884,0.9897
32,Train,Leaf Class (Sigmoid),4,bug,0.9798,0.9295,0.954
32,Train,Leaf Class (Sigmoid),5,butterfly,0.99,0.9612,0.9754
32,Train,Leaf Class (Sigmoid),6,caddisfly,0.9954,0.9932,0.9943
32,Train,Leaf Class (Sigmoid),7,dance_fly,0.9791,0.9418,0.9601
32,Train,Leaf Class (Sigmoid),8,earwig,0.9772,0.9628,0.9699
32,Train,Leaf Class (Sigmoid),9,fever_fly,0.991,0.9825,0.9867
32,Train,Leaf Class (Sigmoid),10,flesh_fly,0.9382,0.9598,0.9489
32,Train,Leaf Class (Sigmoid),11,fly,0.8519,0.6594,0.7434
32,Train,Leaf Class (Sigmoid),12,fruit_fly,0.9724,0.9844,0.9784
32,Train,Leaf Class (Sigmoid),13,hoverfly,0.976,0.9766,0.9763
32,Train,Leaf Class (Sigmoid),14,ladybug,0.9794,0.9914,0.9854
32,Train,Leaf Class (Sigmoid),15,leaf_beetle,0.9846,0.9936,0.9891
32,Train,Leaf Class (Sigmoid),16,midge,0.9975,0.9859,0.9917
32,Train,Leaf Class (Sigmoid),17,moth,0.9916,0.9577,0.9744
32,Train,Leaf Class (Sigmoid),18,robber_fly,0.9861,0.9899,0.988
32,Train,Leaf Class (Sigmoid),19,spider,0.9756,0.978,0.9768
32,Train,Leaf Class (Sigmoid),20,wasp,0.937,0.8633,0.8986
32,Train,Leaf Class (Sigmoid),21,weevil,0.9926,0.9869,0.9898
32,Test,PF4,0,Arachnida,0.6023,0.8752,0.7136
32,Test,PF4,1,Insecta,0.9971,0.9866,0.9918
32,Test,PF3,0,Araneae,0.6289,0.8746,0.7317
32,Test,PF3,1,Coleoptera,0.879,0.8209,0.849
32,Test,PF3,2,Dermaptera,0.9329,0.1355,0.2366
32,Test,PF3,3,Diptera,0.9146,0.9398,0.927
32,Test,PF3,4,Hemiptera,0.8929,0.7126,0.7926
32,Test,PF3,5,Hymenoptera,0.8291,0.7975,0.813
32,Test,PF3,6,Lepidoptera,0.777,0.6708,0.72
32,Test,PF3,7,Mecoptera,0.3008,0.2322,0.2621
32,Test,PF3,8,Neuroptera,0.7639,0.4644,0.5776
32,Test,PF3,9,Orthoptera,0.6172,0.977,0.7565
32,Test,PF3,10,Trichoptera,0.9943,0.9728,0.9834
32,Test,PF2,0,Apocrita,0.8844,0.8393,0.8612
32,Test,PF2,1,Arneomorphae,0.6611,0.8649,0.7494
32,Test,PF2,2,Brachycera,0.8956,0.9379,0.9163
32,Test,PF2,3,Forficulina,0.8966,0.1267,0.222
32,Test,PF2,4,Glossata,0.8043,0.6869,0.741
32,Test,PF2,5,Hemerobiiformia,0.9252,0.4758,0.6284
32,Test,PF2,6,Heteroptera,0.8726,0.7442,0.8033
32,Test,PF2,7,Integripalpia,0.9951,0.9711,0.983
32,Test,PF2,8,Nematocera,0.9666,0.9634,0.965
32,Test,PF2,9,Polyphaga,0.9031,0.8151,0.8568
32,Test,PF2,10,Symphyta,0.7352,0.6025,0.6623
32,Test,PF2,11,grasshopper,0.5554,0.9885,0.7112
32,Test,PF2,12,scorpion_fly,0.252,0.0817,0.1234
32,Test,PF1,0,Aculeata,0.8639,0.8693,0.8666
32,Test,PF1,1,Araneomorphae,0.6434,0.8698,0.7396
32,Test,PF1,2,Asilomorpha,0.7976,0.7756,0.7864
32,Test,PF1,3,Bibionomorpha,0.9869,0.903,0.9431
32,Test,PF1,4,Cucujiformia,0.908,0.8142,0.8586
32,Test,PF1,5,Culicomorpha,0.9623,0.9882,0.9751
32,Test,PF1,6,Epidermaptera,0.8406,0.1131,0.1993
32,Test,PF1,7,Heterocera,0.7664,0.644,0.6999
32,Test,PF1,8,Muscomorpha,0.8325,0.9071,0.8682
32,Test,PF1,9,Parasitica,0.5363,0.6121,0.5717
32,Test,PF1,10,Pentatomomorpha,0.817,0.7188,0.7648
32,Test,PF1,11,Plenitentoria,0.9917,0.9746,0.983
32,Test,PF1,12,Rhopalocera,0.7264,0.9468,0.8221
32,Test,PF1,13,lacewing,0.491,0.6235,0.5494
32,Test,PF1,14,saw_fly,0.739,0.5951,0.6593
32,Test,Leaf Class (Softmax),0,Ichneumonoidea,0.4514,0.6345,0.5275
32,Test,Leaf Class (Softmax),1,Muscoidea,0.378,0.6068,0.4658
32,Test,Leaf Class (Softmax),2,ant,0.8641,0.8962,0.8799
32,Test,Leaf Class (Softmax),3,ant_beetle,0.9116,0.9446,0.9278
32,Test,Leaf Class (Softmax),4,bug,0.8417,0.7535,0.7951
32,Test,Leaf Class (Softmax),5,butterfly,0.7695,0.9409,0.8466
32,Test,Leaf Class (Softmax),6,caddisfly,0.9908,0.9703,0.9804
32,Test,Leaf Class (Softmax),7,dance_fly,0.892,0.6552,0.7555
32,Test,Leaf Class (Softmax),8,earwig,0.9467,0.0692,0.129
32,Test,Leaf Class (Softmax),9,fever_fly,0.9898,0.8889,0.9366
32,Test,Leaf Class (Softmax),10,flesh_fly,0.7939,0.7242,0.7575
32,Test,Leaf Class (Softmax),11,fly,0.4195,0.4802,0.4478
32,Test,Leaf Class (Softmax),12,fruit_fly,0.846,0.585,0.6917
32,Test,Leaf Class (Softmax),13,hoverfly,0.8281,0.785,0.806
32,Test,Leaf Class (Softmax),14,ladybug,0.8833,0.9422,0.9118
32,Test,Leaf Class (Softmax),15,leaf_beetle,0.1694,0.0477,0.0744
32,Test,Leaf Class (Softmax),16,midge,0.9695,0.9842,0.9768
32,Test,Leaf Class (Softmax),17,moth,0.8212,0.6925,0.7514
32,Test,Leaf Class (Softmax),18,robber_fly,0.6471,0.8215,0.7239
32,Test,Leaf Class (Softmax),19,spider,0.6227,0.8686,0.7253
32,Test,Leaf Class (Softmax),20,wasp,0.871,0.8124,0.8406
32,Test,Leaf Class (Softmax),21,weevil,0.8684,0.7522,0.8062
32,Test,Leaf Class (Sigmoid),0,Ichneumonoidea,0.5278,0.6166,0.5688
32,Test,Leaf Class (Sigmoid),1,Muscoidea,0.4206,0.4852,0.4506
32,Test,Leaf Class (Sigmoid),2,ant,0.862,0.8998,0.8805
32,Test,Leaf Class (Sigmoid),3,ant_beetle,0.9237,0.9401,0.9319
32,Test,Leaf Class (Sigmoid),4,bug,0.7689,0.7589,0.7639
32,Test,Leaf Class (Sigmoid),5,butterfly,0.7555,0.9527,0.8427
32,Test,Leaf Class (Sigmoid),6,caddisfly,0.9934,0.9733,0.9832
32,Test,Leaf Class (Sigmoid),7,dance_fly,0.8574,0.6651,0.7491
32,Test,Leaf Class (Sigmoid),8,earwig,0.9315,0.0663,0.1237
32,Test,Leaf Class (Sigmoid),9,fever_fly,0.9876,0.903,0.9434
32,Test,Leaf Class (Sigmoid),10,flesh_fly,0.818,0.6955,0.7518
32,Test,Leaf Class (Sigmoid),11,fly,0.3868,0.6055,0.472
32,Test,Leaf Class (Sigmoid),12,fruit_fly,0.8941,0.5678,0.6945
32,Test,Leaf Class (Sigmoid),13,hoverfly,0.7868,0.7932,0.79
32,Test,Leaf Class (Sigmoid),14,ladybug,0.9251,0.936,0.9305
32,Test,Leaf Class (Sigmoid),15,leaf_beetle,0.1699,0.04,0.0647
32,Test,Leaf Class (Sigmoid),16,midge,0.9675,0.989,0.9781
32,Test,Leaf Class (Sigmoid),17,moth,0.7758,0.9378,0.8491
32,Test,Leaf Class (Sigmoid),18,robber_fly,0.8292,0.7985,0.8136
32,Test,Leaf Class (Sigmoid),19,spider,0.6176,0.8667,0.7213
32,Test,Leaf Class (Sigmoid),20,wasp,0.8598,0.823,0.841
32,Test,Leaf Class (Sigmoid),21,weevil,0.8407,0.7652,0.8012
33,Train,PF4,0,Arachnida,0.9287,0.988,0.9574
33,Train,PF4,1,Insecta,0.9999,0.9993,0.9996
33,Train,PF3,0,Araneae,0.9689,0.9795,0.9742
33,Train,PF3,1,Coleoptera,0.986,0.9862,0.9861
33,Train,PF3,2,Dermaptera,0.9342,0.9574,0.9456
33,Train,PF3,3,Diptera,0.9895,0.9857,0.9876
33,Train,PF3,4,Hemiptera,0.9815,0.9289,0.9545
33,Train,PF3,5,Hymenoptera,0.9716,0.9698,0.9707
33,Train,PF3,6,Lepidoptera,0.9763,0.9418,0.9587
33,Train,PF3,7,Mecoptera,0.7373,0.2708,0.3961
33,Train,PF3,8,Neuroptera,0.9721,0.9936,0.9827
33,Train,PF3,9,Orthoptera,0.8517,0.9902,0.9157
33,Train,PF3,10,Trichoptera,0.9939,0.9894,0.9917
33,Train,PF2,0,Apocrita,0.9856,0.9676,0.9765
33,Train,PF2,1,Arneomorphae,0.9811,0.9321,0.956
33,Train,PF2,2,Brachycera,0.9875,0.9874,0.9875
33,Train,PF2,3,Forficulina,0.9418,0.9527,0.9472
33,Train,PF2,4,Glossata,0.9805,0.9131,0.9456
33,Train,PF2,5,Hemerobiiformia,0.9805,0.9897,0.9851
33,Train,PF2,6,Heteroptera,0.9822,0.9334,0.9572
33,Train,PF2,7,Integripalpia,0.9969,0.9871,0.992
33,Train,PF2,8,Nematocera,0.9937,0.9772,0.9854
33,Train,PF2,9,Polyphaga,0.9908,0.9838,0.9873
33,Train,PF2,10,Symphyta,0.9444,0.9604,0.9523
33,Train,PF2,11,grasshopper,0.7896,0.995,0.8805
33,Train,PF2,12,scorpion_fly,0.5532,0.0741,0.1307
33,Train,PF1,0,Aculeata,0.9813,0.9736,0.9774
33,Train,PF1,1,Araneomorphae,0.9736,0.9755,0.9746
33,Train,PF1,2,Asilomorpha,0.9833,0.9853,0.9843
33,Train,PF1,3,Bibionomorpha,0.9864,0.9843,0.9854
33,Train,PF1,4,Cucujiformia,0.9922,0.9874,0.9898
33,Train,PF1,5,Culicomorpha,0.9973,0.9874,0.9924
33,Train,PF1,6,Epidermaptera,0.952,0.9527,0.9523
33,Train,PF1,7,Heterocera,0.9892,0.9516,0.97
33,Train,PF1,8,Muscomorpha,0.9822,0.9911,0.9867
33,Train,PF1,9,Parasitica,0.9681,0.9386,0.9531
33,Train,PF1,10,Pentatomomorpha,0.988,0.9295,0.9579
33,Train,PF1,11,Plenitentoria,0.994,0.9966,0.9953
33,Train,PF1,12,Rhopalocera,0.9771,0.9684,0.9728
33,Train,PF1,13,lacewing,0.9716,0.9957,0.9835
33,Train,PF1,14,saw_fly,0.9615,0.9586,0.9601
33,Train,Leaf Class (Softmax),0,Ichneumonoidea,0.9603,0.9472,0.9537
33,Train,Leaf Class (Softmax),1,Muscoidea,0.816,0.7809,0.7981
33,Train,Leaf Class (Softmax),2,ant,0.9821,0.9883,0.9852
33,Train,Leaf Class (Softmax),3,ant_beetle,0.9914,0.9933,0.9923
33,Train,Leaf Class (Softmax),4,bug,0.9681,0.9577,0.9629
33,Train,Leaf Class (Softmax),5,butterfly,0.9829,0.9741,0.9785
33,Train,Leaf Class (Softmax),6,caddisfly,0.9947,0.9958,0.9953
33,Train,Leaf Class (Softmax),7,dance_fly,0.9628,0.9525,0.9576
33,Train,Leaf Class (Softmax),8,earwig,0.9703,0.9628,0.9665
33,Train,Leaf Class (Softmax),9,fever_fly,0.9886,0.9897,0.9891
33,Train,Leaf Class (Softmax),10,flesh_fly,0.9561,0.9529,0.9545
33,Train,Leaf Class (Softmax),11,fly,0.7804,0.8139,0.7968
33,Train,Leaf Class (Softmax),12,fruit_fly,0.9802,0.9823,0.9812
33,Train,Leaf Class (Softmax),13,hoverfly,0.9765,0.98,0.9783
33,Train,Leaf Class (Softmax),14,ladybug,0.9894,0.9891,0.9892
33,Train,Leaf Class (Softmax),15,leaf_beetle,0.9911,0.9919,0.9915
33,Train,Leaf Class (Softmax),16,midge,0.9948,0.9909,0.9929
33,Train,Leaf Class (Softmax),17,moth,0.9806,0.9816,0.9811
33,Train,Leaf Class (Softmax),18,robber_fly,0.9895,0.9883,0.9889
33,Train,Leaf Class (Softmax),19,spider,0.9729,0.9845,0.9787
33,Train,Leaf Class (Softmax),20,wasp,0.9233,0.8919,0.9073
33,Train,Leaf Class (Softmax),21,weevil,0.9904,0.9914,0.9909
33,Train,Leaf Class (Sigmoid),0,Ichneumonoidea,0.9398,0.9596,0.9496
33,Train,Leaf Class (Sigmoid),1,Muscoidea,0.7193,0.8912,0.7961
33,Train,Leaf Class (Sigmoid),2,ant,0.9834,0.986,0.9847
33,Train,Leaf Class (Sigmoid),3,ant_beetle,0.9895,0.9914,0.9905
33,Train,Leaf Class (Sigmoid),4,bug,0.9845,0.9329,0.958
33,Train,Leaf Class (Sigmoid),5,butterfly,0.9958,0.9506,0.9727
33,Train,Leaf Class (Sigmoid),6,caddisfly,0.9913,0.9955,0.9934
33,Train,Leaf Class (Sigmoid),7,dance_fly,0.9762,0.9351,0.9552
33,Train,Leaf Class (Sigmoid),8,earwig,0.9725,0.9605,0.9665
33,Train,Leaf Class (Sigmoid),9,fever_fly,0.9907,0.9836,0.9871
33,Train,Leaf Class (Sigmoid),10,flesh_fly,0.9407,0.9594,0.9499
33,Train,Leaf Class (Sigmoid),11,fly,0.8604,0.661,0.7476
33,Train,Leaf Class (Sigmoid),12,fruit_fly,0.9743,0.9851,0.9797
33,Train,Leaf Class (Sigmoid),13,hoverfly,0.9796,0.9763,0.9779
33,Train,Leaf Class (Sigmoid),14,ladybug,0.9808,0.9919,0.9863
33,Train,Leaf Class (Sigmoid),15,leaf_beetle,0.9863,0.9926,0.9894
33,Train,Leaf Class (Sigmoid),16,midge,0.9988,0.9863,0.9925
33,Train,Leaf Class (Sigmoid),17,moth,0.9924,0.9629,0.9774
33,Train,Leaf Class (Sigmoid),18,robber_fly,0.9865,0.9891,0.9878
33,Train,Leaf Class (Sigmoid),19,spider,0.9737,0.978,0.9759
33,Train,Leaf Class (Sigmoid),20,wasp,0.9222,0.8629,0.8915
33,Train,Leaf Class (Sigmoid),21,weevil,0.9933,0.9853,0.9893
33,Test,PF4,0,Arachnida,0.5958,0.8758,0.7092
33,Test,PF4,1,Insecta,0.9971,0.9862,0.9916
33,Test,PF3,0,Araneae,0.6233,0.8758,0.7283
33,Test,PF3,1,Coleoptera,0.9036,0.7966,0.8468
33,Test,PF3,2,Dermaptera,0.854,0.114,0.2012
33,Test,PF3,3,Diptera,0.9037,0.9442,0.9235
33,Test,PF3,4,Hemiptera,0.7905,0.7149,0.7508
33,Test,PF3,5,Hymenoptera,0.8035,0.826,0.8146
33,Test,PF3,6,Lepidoptera,0.7136,0.5009,0.5886
33,Test,PF3,7,Mecoptera,0.3048,0.3139,0.3093
33,Test,PF3,8,Neuroptera,0.5849,0.48,0.5273
33,Test,PF3,9,Orthoptera,0.6527,0.9632,0.7781
33,Test,PF3,10,Trichoptera,0.9912,0.975,0.9831
33,Test,PF2,0,Apocrita,0.8179,0.8399,0.8288
33,Test,PF2,1,Arneomorphae,0.6354,0.8752,0.7363
33,Test,PF2,2,Brachycera,0.8834,0.9392,0.9105
33,Test,PF2,3,Forficulina,0.8496,0.1101,0.195
33,Test,PF2,4,Glossata,0.7352,0.4937,0.5907
33,Test,PF2,5,Hemerobiiformia,0.7002,0.4665,0.5599
33,Test,PF2,6,Heteroptera,0.7919,0.7388,0.7644
33,Test,PF2,7,Integripalpia,0.9947,0.9733,0.9839
33,Test,PF2,8,Nematocera,0.95,0.9614,0.9557
33,Test,PF2,9,Polyphaga,0.9317,0.7905,0.8553
33,Test,PF2,10,Symphyta,0.7529,0.7102,0.7309
33,Test,PF2,11,grasshopper,0.5905,0.9742,0.7354
33,Test,PF2,12,scorpion_fly,0.1797,0.1102,0.1367
33,Test,PF1,0,Aculeata,0.8445,0.8572,0.8508
33,Test,PF1,1,Araneomorphae,0.6273,0.8758,0.731
33,Test,PF1,2,Asilomorpha,0.8068,0.7571,0.7812
33,Test,PF1,3,Bibionomorpha,0.9914,0.8931,0.9397
33,Test,PF1,4,Cucujiformia,0.9278,0.7976,0.8578
33,Test,PF1,5,Culicomorpha,0.9358,0.992,0.9631
33,Test,PF1,6,Epidermaptera,0.8454,0.0799,0.146
33,Test,PF1,7,Heterocera,0.7269,0.3872,0.5053
33,Test,PF1,8,Muscomorpha,0.8006,0.9144,0.8537
33,Test,PF1,9,Parasitica,0.3488,0.6233,0.4473
33,Test,PF1,10,Pentatomomorpha,0.7692,0.7265,0.7472
33,Test,PF1,11,Plenitentoria,0.9869,0.9767,0.9818
33,Test,PF1,12,Rhopalocera,0.7542,0.9399,0.8368
33,Test,PF1,13,lacewing,0.3862,0.4935,0.4333
33,Test,PF1,14,saw_fly,0.7648,0.7039,0.7331
33,Test,Leaf Class (Softmax),0,Ichneumonoidea,0.3777,0.63,0.4723
33,Test,Leaf Class (Softmax),1,Muscoidea,0.3573,0.6322,0.4566
33,Test,Leaf Class (Softmax),2,ant,0.8777,0.861,0.8693
33,Test,Leaf Class (Softmax),3,ant_beetle,0.9151,0.9157,0.9154
33,Test,Leaf Class (Softmax),4,bug,0.8298,0.7589,0.7928
33,Test,Leaf Class (Softmax),5,butterfly,0.799,0.932,0.8604
33,Test,Leaf Class (Softmax),6,caddisfly,0.9869,0.9746,0.9807
33,Test,Leaf Class (Softmax),7,dance_fly,0.9354,0.5858,0.7205
33,Test,Leaf Class (Softmax),8,earwig,0.8431,0.0419,0.0799
33,Test,Leaf Class (Softmax),9,fever_fly,0.9953,0.8931,0.9414
33,Test,Leaf Class (Softmax),10,flesh_fly,0.8027,0.7762,0.7893
33,Test,Leaf Class (Softmax),11,fly,0.396,0.4678,0.4289
33,Test,Leaf Class (Softmax),12,fruit_fly,0.8831,0.578,0.6987
33,Test,Leaf Class (Softmax),13,hoverfly,0.8012,0.7498,0.7746
33,Test,Leaf Class (Softmax),14,ladybug,0.9069,0.9275,0.9171
33,Test,Leaf Class (Softmax),15,leaf_beetle,0.0736,0.0146,0.0244
33,Test,Leaf Class (Softmax),16,midge,0.9652,0.9915,0.9782
33,Test,Leaf Class (Softmax),17,moth,0.8658,0.5728,0.6894
33,Test,Leaf Class (Softmax),18,robber_fly,0.6154,0.809,0.6991
33,Test,Leaf Class (Softmax),19,spider,0.6128,0.8752,0.7209
33,Test,Leaf Class (Softmax),20,wasp,0.8045,0.8308,0.8174
33,Test,Leaf Class (Softmax),21,weevil,0.8644,0.7535,0.8051
33,Test,Leaf Class (Sigmoid),0,Ichneumonoidea,0.4306,0.6188,0.5078
33,Test,Leaf Class (Sigmoid),1,Muscoidea,0.4421,0.374,0.4052
33,Test,Leaf Class (Sigmoid),2,ant,0.8724,0.8818,0.877
33,Test,Leaf Class (Sigmoid),3,ant_beetle,0.9294,0.915,0.9222
33,Test,Leaf Class (Sigmoid),4,bug,0.7045,0.7696,0.7356
33,Test,Leaf Class (Sigmoid),5,butterfly,0.7722,0.9419,0.8486
33,Test,Leaf Class (Sigmoid),6,caddisfly,0.993,0.9741,0.9835
33,Test,Leaf Class (Sigmoid),7,dance_fly,0.9092,0.5957,0.7198
33,Test,Leaf Class (Sigmoid),8,earwig,0.8659,0.0692,0.1282
33,Test,Leaf Class (Sigmoid),9,fever_fly,0.9929,0.896,0.942
33,Test,Leaf Class (Sigmoid),10,flesh_fly,0.8436,0.7837,0.8126
33,Test,Leaf Class (Sigmoid),11,fly,0.3655,0.7123,0.4831
33,Test,Leaf Class (Sigmoid),12,fruit_fly,0.9192,0.5662,0.7008
33,Test,Leaf Class (Sigmoid),13,hoverfly,0.7706,0.74,0.755
33,Test,Leaf Class (Sigmoid),14,ladybug,0.945,0.9235,0.9341
33,Test,Leaf Class (Sigmoid),15,leaf_beetle,0.0376,0.0054,0.0094
33,Test,Leaf Class (Sigmoid),16,midge,0.9613,0.993,0.9769
33,Test,Leaf Class (Sigmoid),17,moth,0.8377,0.8798,0.8582
33,Test,Leaf Class (Sigmoid),18,robber_fly,0.7833,0.8088,0.7958
33,Test,Leaf Class (Sigmoid),19,spider,0.6177,0.8758,0.7244
33,Test,Leaf Class (Sigmoid),20,wasp,0.7564,0.8303,0.7916
33,Test,Leaf Class (Sigmoid),21,weevil,0.8297,0.759,0.7928
34,Train,PF4,0,Arachnida,0.9118,0.99,0.9493
34,Train,PF4,1,Insecta,0.9999,0.9992,0.9995
34,Train,PF3,0,Araneae,0.9682,0.9726,0.9704
34,Train,PF3,1,Coleoptera,0.9853,0.9861,0.9857
34,Train,PF3,2,Dermaptera,0.9239,0.9512,0.9374
34,Train,PF3,3,Diptera,0.9898,0.9865,0.9881
34,Train,PF3,4,Hemiptera,0.9786,0.9295,0.9534
34,Train,PF3,5,Hymenoptera,0.9727,0.972,0.9724
34,Train,PF3,6,Lepidoptera,0.9761,0.9433,0.9595
34,Train,PF3,7,Mecoptera,0.7705,0.2447,0.3714
34,Train,PF3,8,Neuroptera,0.975,0.9925,0.9837
34,Train,PF3,9,Orthoptera,0.8494,0.9913,0.9149
34,Train,PF3,10,Trichoptera,0.9969,0.9856,0.9912
34,Train,PF2,0,Apocrita,0.9852,0.9687,0.9769
34,Train,PF2,1,Arneomorphae,0.9799,0.9496,0.9645
34,Train,PF2,2,Brachycera,0.9877,0.9877,0.9877
34,Train,PF2,3,Forficulina,0.9425,0.9395,0.941
34,Train,PF2,4,Glossata,0.9801,0.918,0.948
34,Train,PF2,5,Hemerobiiformia,0.9821,0.9905,0.9863
34,Train,PF2,6,Heteroptera,0.9823,0.9408,0.9611
34,Train,PF2,7,Integripalpia,0.9969,0.9814,0.9891
34,Train,PF2,8,Nematocera,0.9937,0.9792,0.9864
34,Train,PF2,9,Polyphaga,0.9906,0.9832,0.9869
34,Train,PF2,10,Symphyta,0.9456,0.9637,0.9546
34,Train,PF2,11,grasshopper,0.7965,0.9948,0.8846
34,Train,PF2,12,scorpion_fly,0.5775,0.0835,0.1459
34,Train,PF1,0,Aculeata,0.9808,0.9747,0.9778
34,Train,PF1,1,Araneomorphae,0.9721,0.9736,0.9728
34,Train,PF1,2,Asilomorpha,0.9846,0.9858,0.9852
34,Train,PF1,3,Bibionomorpha,0.9861,0.9872,0.9866
34,Train,PF1,4,Cucujiformia,0.9921,0.9874,0.9897
34,Train,PF1,5,Culicomorpha,0.9975,0.9897,0.9936
34,Train,PF1,6,Epidermaptera,0.9557,0.9527,0.9542
34,Train,PF1,7,Heterocera,0.9882,0.9552,0.9714
34,Train,PF1,8,Muscomorpha,0.9833,0.9912,0.9873
34,Train,PF1,9,Parasitica,0.9695,0.9419,0.9555
34,Train,PF1,10,Pentatomomorpha,0.984,0.934,0.9583
34,Train,PF1,11,Plenitentoria,0.9943,0.9955,0.9949
34,Train,PF1,12,Rhopalocera,0.9797,0.9749,0.9773
34,Train,PF1,13,lacewing,0.9741,0.9955,0.9847
34,Train,PF1,14,saw_fly,0.9639,0.9632,0.9636
34,Train,Leaf Class (Softmax),0,Ichneumonoidea,0.9665,0.9518,0.9591
34,Train,Leaf Class (Softmax),1,Muscoidea,0.8152,0.7895,0.8021
34,Train,Leaf Class (Softmax),2,ant,0.9822,0.9891,0.9856
34,Train,Leaf Class (Softmax),3,ant_beetle,0.9929,0.9884,0.9906
34,Train,Leaf Class (Softmax),4,bug,0.9678,0.9656,0.9667
34,Train,Leaf Class (Softmax),5,butterfly,0.9869,0.9773,0.9821
34,Train,Leaf Class (Softmax),6,caddisfly,0.997,0.997,0.997
34,Train,Leaf Class (Softmax),7,dance_fly,0.9689,0.9578,0.9633
34,Train,Leaf Class (Softmax),8,earwig,0.9686,0.9574,0.963
34,Train,Leaf Class (Softmax),9,fever_fly,0.9872,0.9889,0.9881
34,Train,Leaf Class (Softmax),10,flesh_fly,0.9567,0.9526,0.9546
34,Train,Leaf Class (Softmax),11,fly,0.7865,0.8144,0.8002
34,Train,Leaf Class (Softmax),12,fruit_fly,0.9812,0.9834,0.9823
34,Train,Leaf Class (Softmax),13,hoverfly,0.9771,0.9781,0.9776
34,Train,Leaf Class (Softmax),14,ladybug,0.988,0.9891,0.9885
34,Train,Leaf Class (Softmax),15,leaf_beetle,0.9903,0.9919,0.9911
34,Train,Leaf Class (Softmax),16,midge,0.9935,0.992,0.9928
34,Train,Leaf Class (Softmax),17,moth,0.9813,0.9792,0.9802
34,Train,Leaf Class (Softmax),18,robber_fly,0.9898,0.988,0.9889
34,Train,Leaf Class (Softmax),19,spider,0.9704,0.98,0.9752
34,Train,Leaf Class (Softmax),20,wasp,0.9227,0.8889,0.9055
34,Train,Leaf Class (Softmax),21,weevil,0.9921,0.9929,0.9925
34,Train,Leaf Class (Sigmoid),0,Ichneumonoidea,0.9538,0.9621,0.9579
34,Train,Leaf Class (Sigmoid),1,Muscoidea,0.7236,0.8944,0.8
34,Train,Leaf Class (Sigmoid),2,ant,0.9842,0.9856,0.9849
34,Train,Leaf Class (Sigmoid),3,ant_beetle,0.9903,0.9888,0.9895
34,Train,Leaf Class (Sigmoid),4,bug,0.9841,0.9413,0.9622
34,Train,Leaf Class (Sigmoid),5,butterfly,0.9933,0.9612,0.977
34,Train,Leaf Class (Sigmoid),6,caddisfly,0.9958,0.9951,0.9955
34,Train,Leaf Class (Sigmoid),7,dance_fly,0.9771,0.9404,0.9584
34,Train,Leaf Class (Sigmoid),8,earwig,0.9776,0.9465,0.9618
34,Train,Leaf Class (Sigmoid),9,fever_fly,0.9899,0.9843,0.9871
34,Train,Leaf Class (Sigmoid),10,flesh_fly,0.9422,0.9598,0.9509
34,Train,Leaf Class (Sigmoid),11,fly,0.8638,0.6651,0.7515
34,Train,Leaf Class (Sigmoid),12,fruit_fly,0.9748,0.9866,0.9807
34,Train,Leaf Class (Sigmoid),13,hoverfly,0.9785,0.976,0.9773
34,Train,Leaf Class (Sigmoid),14,ladybug,0.98,0.9906,0.9853
34,Train,Leaf Class (Sigmoid),15,leaf_beetle,0.9839,0.9934,0.9886
34,Train,Leaf Class (Sigmoid),16,midge,0.9979,0.9886,0.9932
34,Train,Leaf Class (Sigmoid),17,moth,0.9918,0.9605,0.9759
34,Train,Leaf Class (Sigmoid),18,robber_fly,0.9846,0.9894,0.987
34,Train,Leaf Class (Sigmoid),19,spider,0.9678,0.9741,0.9709
34,Train,Leaf Class (Sigmoid),20,wasp,0.9292,0.8612,0.8939
34,Train,Leaf Class (Sigmoid),21,weevil,0.9944,0.9886,0.9915
34,Test,PF4,0,Arachnida,0.6212,0.8752,0.7267
34,Test,PF4,1,Insecta,0.9971,0.9877,0.9923
34,Test,PF3,0,Araneae,0.6969,0.8716,0.7745
34,Test,PF3,1,Coleoptera,0.9216,0.7954,0.8538
34,Test,PF3,2,Dermaptera,0.9173,0.346,0.5025
34,Test,PF3,3,Diptera,0.8965,0.939,0.9173
34,Test,PF3,4,Hemiptera,0.9372,0.7018,0.8026
34,Test,PF3,5,Hymenoptera,0.7992,0.8376,0.8179
34,Test,PF3,6,Lepidoptera,0.6831,0.4967,0.5751
34,Test,PF3,7,Mecoptera,0.2159,0.1518,0.1782
34,Test,PF3,8,Neuroptera,0.577,0.4597,0.5117
34,Test,PF3,9,Orthoptera,0.6162,0.9728,0.7545
34,Test,PF3,10,Trichoptera,0.9963,0.9328,0.9635
34,Test,PF2,0,Apocrita,0.7968,0.8538,0.8243
34,Test,PF2,1,Arneomorphae,0.7003,0.8692,0.7757
34,Test,PF2,2,Brachycera,0.8762,0.9297,0.9022
34,Test,PF2,3,Forficulina,0.9137,0.2788,0.4272
34,Test,PF2,4,Glossata,0.6876,0.5276,0.5971
34,Test,PF2,5,Hemerobiiformia,0.6939,0.4467,0.5435
34,Test,PF2,6,Heteroptera,0.9299,0.7057,0.8025
34,Test,PF2,7,Integripalpia,0.9976,0.8784,0.9342
34,Test,PF2,8,Nematocera,0.9623,0.9429,0.9525
34,Test,PF2,9,Polyphaga,0.9453,0.7965,0.8646
34,Test,PF2,10,Symphyta,0.8718,0.709,0.7821
34,Test,PF2,11,grasshopper,0.5651,0.9868,0.7187
34,Test,PF2,12,scorpion_fly,0.0916,0.0454,0.0607
34,Test,PF1,0,Aculeata,0.7918,0.8815,0.8342
34,Test,PF1,1,Araneomorphae,0.693,0.8722,0.7723
34,Test,PF1,2,Asilomorpha,0.8242,0.7929,0.8083
34,Test,PF1,3,Bibionomorpha,0.9966,0.8188,0.899
34,Test,PF1,4,Cucujiformia,0.9312,0.8039,0.8629
34,Test,PF1,5,Culicomorpha,0.9511,0.992,0.9711
34,Test,PF1,6,Epidermaptera,0.9152,0.2524,0.3957
34,Test,PF1,7,Heterocera,0.7075,0.6452,0.6749
34,Test,PF1,8,Muscomorpha,0.8102,0.9043,0.8547
34,Test,PF1,9,Parasitica,0.5886,0.6256,0.6065
34,Test,PF1,10,Pentatomomorpha,0.9216,0.6972,0.7939
34,Test,PF1,11,Plenitentoria,0.9926,0.9767,0.9846
34,Test,PF1,12,Rhopalocera,0.7076,0.9488,0.8106
34,Test,PF1,13,lacewing,0.624,0.5049,0.5582
34,Test,PF1,14,saw_fly,0.8497,0.7056,0.771
34,Test,Leaf Class (Softmax),0,Ichneumonoidea,0.5098,0.6435,0.5689
34,Test,Leaf Class (Softmax),1,Muscoidea,0.3877,0.562,0.4589
34,Test,Leaf Class (Softmax),2,ant,0.7982,0.907,0.8492
34,Test,Leaf Class (Softmax),3,ant_beetle,0.8812,0.9483,0.9135
34,Test,Leaf Class (Softmax),4,bug,0.9418,0.6988,0.8023
34,Test,Leaf Class (Softmax),5,butterfly,0.8015,0.935,0.8631
34,Test,Leaf Class (Softmax),6,caddisfly,0.993,0.9759,0.9843
34,Test,Leaf Class (Softmax),7,dance_fly,0.819,0.659,0.7303
34,Test,Leaf Class (Softmax),8,earwig,0.9541,0.2027,0.3344
34,Test,Leaf Class (Softmax),9,fever_fly,0.9965,0.816,0.8973
34,Test,Leaf Class (Softmax),10,flesh_fly,0.7531,0.8128,0.7818
34,Test,Leaf Class (Softmax),11,fly,0.418,0.5228,0.4646
34,Test,Leaf Class (Softmax),12,fruit_fly,0.8589,0.6208,0.7207
34,Test,Leaf Class (Softmax),13,hoverfly,0.8371,0.7372,0.784
34,Test,Leaf Class (Softmax),14,ladybug,0.9438,0.9245,0.9341
34,Test,Leaf Class (Softmax),15,leaf_beetle,0.0392,0.0077,0.0129
34,Test,Leaf Class (Softmax),16,midge,0.9645,0.9915,0.9778
34,Test,Leaf Class (Softmax),17,moth,0.85,0.863,0.8565
34,Test,Leaf Class (Softmax),18,robber_fly,0.8048,0.7792,0.7918
34,Test,Leaf Class (Softmax),19,spider,0.6572,0.8698,0.7487
34,Test,Leaf Class (Softmax),20,wasp,0.8319,0.8373,0.8346
34,Test,Leaf Class (Softmax),21,weevil,0.8047,0.7572,0.7803
34,Test,Leaf Class (Sigmoid),0,Ichneumonoidea,0.5821,0.6278,0.6041
34,Test,Leaf Class (Sigmoid),1,Muscoidea,0.4826,0.3925,0.4329
34,Test,Leaf Class (Sigmoid),2,ant,0.786,0.9272,0.8508
34,Test,Leaf Class (Sigmoid),3,ant_beetle,0.8948,0.949,0.9211
34,Test,Leaf Class (Sigmoid),4,bug,0.9054,0.708,0.7946
34,Test,Leaf Class (Sigmoid),5,butterfly,0.79,0.9448,0.8605
34,Test,Leaf Class (Sigmoid),6,caddisfly,0.9969,0.9741,0.9854
34,Test,Leaf Class (Sigmoid),7,dance_fly,0.7538,0.6728,0.711
34,Test,Leaf Class (Sigmoid),8,earwig,0.9431,0.2749,0.4257
34,Test,Leaf Class (Sigmoid),9,fever_fly,0.9966,0.8266,0.9037
34,Test,Leaf Class (Sigmoid),10,flesh_fly,0.7826,0.7885,0.7856
34,Test,Leaf Class (Sigmoid),11,fly,0.3721,0.6865,0.4826
34,Test,Leaf Class (Sigmoid),12,fruit_fly,0.8911,0.5975,0.7154
34,Test,Leaf Class (Sigmoid),13,hoverfly,0.8225,0.7228,0.7694
34,Test,Leaf Class (Sigmoid),14,ladybug,0.9787,0.9065,0.9412
34,Test,Leaf Class (Sigmoid),15,leaf_beetle,0.0439,0.0069,0.012
34,Test,Leaf Class (Sigmoid),16,midge,0.9577,0.9918,0.9745
34,Test,Leaf Class (Sigmoid),17,moth,0.7889,0.9018,0.8416
34,Test,Leaf Class (Sigmoid),18,robber_fly,0.8345,0.7762,0.8043
34,Test,Leaf Class (Sigmoid),19,spider,0.6814,0.8667,0.763
34,Test,Leaf Class (Sigmoid),20,wasp,0.7973,0.834,0.8152
34,Test,Leaf Class (Sigmoid),21,weevil,0.7784,0.7702,0.7743
35,Train,PF4,0,Arachnida,0.9184,0.9885,0.9522
35,Train,PF4,1,Insecta,0.9999,0.9992,0.9996
35,Train,PF3,0,Araneae,0.9779,0.9731,0.9755
35,Train,PF3,1,Coleoptera,0.9863,0.9859,0.9861
35,Train,PF3,2,Dermaptera,0.9363,0.969,0.9524
35,Train,PF3,3,Diptera,0.9897,0.9864,0.988
35,Train,PF3,4,Hemiptera,0.9815,0.9272,0.9536
35,Train,PF3,5,Hymenoptera,0.9732,0.9711,0.9721
35,Train,PF3,6,Lepidoptera,0.9753,0.9437,0.9593
35,Train,PF3,7,Mecoptera,0.738,0.2752,0.4009
35,Train,PF3,8,Neuroptera,0.972,0.9932,0.9825
35,Train,PF3,9,Orthoptera,0.8544,0.991,0.9177
35,Train,PF3,10,Trichoptera,0.9947,0.9852,0.9899
35,Train,PF2,0,Apocrita,0.9862,0.9678,0.9769
35,Train,PF2,1,Arneomorphae,0.9843,0.9401,0.9617
35,Train,PF2,2,Brachycera,0.988,0.9878,0.9879
35,Train,PF2,3,Forficulina,0.9523,0.9605,0.9564
35,Train,PF2,4,Glossata,0.9817,0.9196,0.9496
35,Train,PF2,5,Hemerobiiformia,0.9805,0.9912,0.9858
35,Train,PF2,6,Heteroptera,0.9806,0.9391,0.9594
35,Train,PF2,7,Integripalpia,0.9969,0.9807,0.9887
35,Train,PF2,8,Nematocera,0.9927,0.9795,0.9861
35,Train,PF2,9,Polyphaga,0.9909,0.9833,0.9871
35,Train,PF2,10,Symphyta,0.9458,0.9627,0.9541
35,Train,PF2,11,grasshopper,0.794,0.9956,0.8835
35,Train,PF2,12,scorpion_fly,0.5228,0.07,0.1235
35,Train,PF1,0,Aculeata,0.9826,0.9745,0.9785
35,Train,PF1,1,Araneomorphae,0.977,0.9741,0.9755
35,Train,PF1,2,Asilomorpha,0.9839,0.9879,0.9859
35,Train,PF1,3,Bibionomorpha,0.9861,0.9879,0.987
35,Train,PF1,4,Cucujiformia,0.9919,0.9873,0.9896
35,Train,PF1,5,Culicomorpha,0.9946,0.9859,0.9903
35,Train,PF1,6,Epidermaptera,0.9605,0.9612,0.9609
35,Train,PF1,7,Heterocera,0.99,0.9548,0.9721
35,Train,PF1,8,Muscomorpha,0.9836,0.9914,0.9875
35,Train,PF1,9,Parasitica,0.9751,0.9514,0.9631
35,Train,PF1,10,Pentatomomorpha,0.9829,0.9374,0.9596
35,Train,PF1,11,Plenitentoria,0.9955,0.9939,0.9947
35,Train,PF1,12,Rhopalocera,0.9701,0.9709,0.9705
35,Train,PF1,13,lacewing,0.9744,0.9958,0.985
35,Train,PF1,14,saw_fly,0.9609,0.9617,0.9613
35,Train,Leaf Class (Softmax),0,Ichneumonoidea,0.9667,0.958,0.9623
35,Train,Leaf Class (Softmax),1,Muscoidea,0.8161,0.7865,0.801
35,Train,Leaf Class (Softmax),2,ant,0.9839,0.9892,0.9865
35,Train,Leaf Class (Softmax),3,ant_beetle,0.988,0.9884,0.9882
35,Train,Leaf Class (Softmax),4,bug,0.9709,0.9594,0.9651
35,Train,Leaf Class (Softmax),5,butterfly,0.9788,0.9693,0.974
35,Train,Leaf Class (Softmax),6,caddisfly,0.9962,0.997,0.9966
35,Train,Leaf Class (Softmax),7,dance_fly,0.9672,0.9659,0.9665
35,Train,Leaf Class (Softmax),8,earwig,0.9749,0.9636,0.9692
35,Train,Leaf Class (Softmax),9,fever_fly,0.99,0.9918,0.9909
35,Train,Leaf Class (Softmax),10,flesh_fly,0.9567,0.9528,0.9547
35,Train,Leaf Class (Softmax),11,fly,0.7855,0.8167,0.8008
35,Train,Leaf Class (Softmax),12,fruit_fly,0.9819,0.9824,0.9821
35,Train,Leaf Class (Softmax),13,hoverfly,0.9766,0.9794,0.978
35,Train,Leaf Class (Softmax),14,ladybug,0.9878,0.9887,0.9883
35,Train,Leaf Class (Softmax),15,leaf_beetle,0.992,0.9929,0.9924
35,Train,Leaf Class (Softmax),16,midge,0.9928,0.9903,0.9915
35,Train,Leaf Class (Softmax),17,moth,0.9792,0.9778,0.9785
35,Train,Leaf Class (Softmax),18,robber_fly,0.9888,0.9894,0.9891
35,Train,Leaf Class (Softmax),19,spider,0.9743,0.9835,0.9789
35,Train,Leaf Class (Softmax),20,wasp,0.9299,0.8873,0.9081
35,Train,Leaf Class (Softmax),21,weevil,0.9915,0.9919,0.9917
35,Train,Leaf Class (Sigmoid),0,Ichneumonoidea,0.9521,0.967,0.9595
35,Train,Leaf Class (Sigmoid),1,Muscoidea,0.724,0.8968,0.8011
35,Train,Leaf Class (Sigmoid),2,ant,0.9861,0.9871,0.9866
35,Train,Leaf Class (Sigmoid),3,ant_beetle,0.9854,0.9861,0.9858
35,Train,Leaf Class (Sigmoid),4,bug,0.9841,0.9413,0.9622
35,Train,Leaf Class (Sigmoid),5,butterfly,0.9875,0.9595,0.9733
35,Train,Leaf Class (Sigmoid),6,caddisfly,0.9955,0.9962,0.9958
35,Train,Leaf Class (Sigmoid),7,dance_fly,0.9772,0.9471,0.9619
35,Train,Leaf Class (Sigmoid),8,earwig,0.9825,0.9574,0.9698
35,Train,Leaf Class (Sigmoid),9,fever_fly,0.9907,0.9843,0.9875
35,Train,Leaf Class (Sigmoid),10,flesh_fly,0.9432,0.96,0.9515
35,Train,Leaf Class (Sigmoid),11,fly,0.8667,0.6651,0.7526
35,Train,Leaf Class (Sigmoid),12,fruit_fly,0.9758,0.9856,0.9807
35,Train,Leaf Class (Sigmoid),13,hoverfly,0.9789,0.9781,0.9785
35,Train,Leaf Class (Sigmoid),14,ladybug,0.9797,0.9911,0.9854
35,Train,Leaf Class (Sigmoid),15,leaf_beetle,0.9867,0.9937,0.9902
35,Train,Leaf Class (Sigmoid),16,midge,0.9971,0.9857,0.9914
35,Train,Leaf Class (Sigmoid),17,moth,0.9924,0.9586,0.9752
35,Train,Leaf Class (Sigmoid),18,robber_fly,0.9855,0.9904,0.988
35,Train,Leaf Class (Sigmoid),19,spider,0.9732,0.977,0.9751
35,Train,Leaf Class (Sigmoid),20,wasp,0.9336,0.8692,0.9002
35,Train,Leaf Class (Sigmoid),21,weevil,0.9932,0.9892,0.9912
35,Test,PF4,0,Arachnida,0.6032,0.8583,0.7085
35,Test,PF4,1,Insecta,0.9967,0.9869,0.9918
35,Test,PF3,0,Araneae,0.6265,0.8565,0.7236
35,Test,PF3,1,Coleoptera,0.9241,0.7644,0.8367
35,Test,PF3,2,Dermaptera,0.8503,0.155,0.2622
35,Test,PF3,3,Diptera,0.8902,0.9487,0.9186
35,Test,PF3,4,Hemiptera,0.7518,0.7165,0.7337
35,Test,PF3,5,Hymenoptera,0.7885,0.7649,0.7765
35,Test,PF3,6,Lepidoptera,0.7557,0.5971,0.6671
35,Test,PF3,7,Mecoptera,0.2465,0.1842,0.2108
35,Test,PF3,8,Neuroptera,0.6845,0.5268,0.5954
35,Test,PF3,9,Orthoptera,0.6224,0.966,0.7571
35,Test,PF3,10,Trichoptera,0.999,0.8884,0.9405
35,Test,PF2,0,Apocrita,0.7962,0.7865,0.7913
35,Test,PF2,1,Arneomorphae,0.6618,0.8522,0.745
35,Test,PF2,2,Brachycera,0.8636,0.9453,0.9026
35,Test,PF2,3,Forficulina,0.8791,0.1559,0.2649
35,Test,PF2,4,Glossata,0.775,0.5763,0.661
35,Test,PF2,5,Hemerobiiformia,0.805,0.5387,0.6455
35,Test,PF2,6,Heteroptera,0.7692,0.7165,0.7419
35,Test,PF2,7,Integripalpia,0.9995,0.8659,0.9279
35,Test,PF2,8,Nematocera,0.9552,0.9376,0.9463
35,Test,PF2,9,Polyphaga,0.9379,0.7567,0.8376
35,Test,PF2,10,Symphyta,0.8073,0.6168,0.6994
35,Test,PF2,11,grasshopper,0.5673,0.9815,0.719
35,Test,PF2,12,scorpion_fly,0.1508,0.0778,0.1027
35,Test,PF1,0,Aculeata,0.8463,0.7768,0.8101
35,Test,PF1,1,Araneomorphae,0.6549,0.8528,0.7409
35,Test,PF1,2,Asilomorpha,0.8374,0.7639,0.7989
35,Test,PF1,3,Bibionomorpha,0.9939,0.8103,0.8928
35,Test,PF1,4,Cucujiformia,0.9283,0.7605,0.836
35,Test,PF1,5,Culicomorpha,0.9415,0.993,0.9665
35,Test,PF1,6,Epidermaptera,0.8757,0.1442,0.2477
35,Test,PF1,7,Heterocera,0.7304,0.5532,0.6296
35,Test,PF1,8,Muscomorpha,0.7863,0.9362,0.8547
35,Test,PF1,9,Parasitica,0.3104,0.6883,0.4279
35,Test,PF1,10,Pentatomomorpha,0.7434,0.7165,0.7297
35,Test,PF1,11,Plenitentoria,0.9987,0.9616,0.9798
35,Test,PF1,12,Rhopalocera,0.8254,0.9084,0.8649
35,Test,PF1,13,lacewing,0.5317,0.61,0.5682
35,Test,PF1,14,saw_fly,0.7852,0.6134,0.6887
35,Test,Leaf Class (Softmax),0,Ichneumonoidea,0.2763,0.7354,0.4017
35,Test,Leaf Class (Softmax),1,Muscoidea,0.3661,0.6478,0.4678
35,Test,Leaf Class (Softmax),2,ant,0.856,0.7518,0.8005
35,Test,Leaf Class (Softmax),3,ant_beetle,0.9079,0.9394,0.9234
35,Test,Leaf Class (Softmax),4,bug,0.7846,0.7211,0.7515
35,Test,Leaf Class (Softmax),5,butterfly,0.8792,0.9034,0.8912
35,Test,Leaf Class (Softmax),6,caddisfly,0.9996,0.9608,0.9798
35,Test,Leaf Class (Softmax),7,dance_fly,0.8908,0.585,0.7063
35,Test,Leaf Class (Softmax),8,earwig,0.8571,0.1111,0.1967
35,Test,Leaf Class (Softmax),9,fever_fly,0.9946,0.7827,0.876
35,Test,Leaf Class (Softmax),10,flesh_fly,0.7848,0.7768,0.7808
35,Test,Leaf Class (Softmax),11,fly,0.3526,0.431,0.3879
35,Test,Leaf Class (Softmax),12,fruit_fly,0.881,0.6198,0.7276
35,Test,Leaf Class (Softmax),13,hoverfly,0.7762,0.8115,0.7934
35,Test,Leaf Class (Softmax),14,ladybug,0.9397,0.9355,0.9376
35,Test,Leaf Class (Softmax),15,leaf_beetle,0.0174,0.0038,0.0063
35,Test,Leaf Class (Softmax),16,midge,0.941,0.993,0.9663
35,Test,Leaf Class (Softmax),17,moth,0.8481,0.6645,0.7452
35,Test,Leaf Class (Softmax),18,robber_fly,0.6991,0.8002,0.7462
35,Test,Leaf Class (Softmax),19,spider,0.6413,0.8534,0.7323
35,Test,Leaf Class (Softmax),20,wasp,0.8831,0.8188,0.8498
35,Test,Leaf Class (Softmax),21,weevil,0.8875,0.7318,0.8021
35,Test,Leaf Class (Sigmoid),0,Ichneumonoidea,0.3141,0.7085,0.4353
35,Test,Leaf Class (Sigmoid),1,Muscoidea,0.3842,0.6178,0.4738
35,Test,Leaf Class (Sigmoid),2,ant,0.8345,0.77,0.8009
35,Test,Leaf Class (Sigmoid),3,ant_beetle,0.9293,0.9424,0.9358
35,Test,Leaf Class (Sigmoid),4,bug,0.6456,0.7242,0.6826
35,Test,Leaf Class (Sigmoid),5,butterfly,0.8797,0.9074,0.8933
35,Test,Leaf Class (Sigmoid),6,caddisfly,0.9991,0.9466,0.9721
35,Test,Leaf Class (Sigmoid),7,dance_fly,0.8852,0.6117,0.7235
35,Test,Leaf Class (Sigmoid),8,earwig,0.887,0.153,0.261
35,Test,Leaf Class (Sigmoid),9,fever_fly,0.9934,0.7502,0.8548
35,Test,Leaf Class (Sigmoid),10,flesh_fly,0.8185,0.7292,0.7713
35,Test,Leaf Class (Sigmoid),11,fly,0.3385,0.4722,0.3943
35,Test,Leaf Class (Sigmoid),12,fruit_fly,0.917,0.5913,0.719
35,Test,Leaf Class (Sigmoid),13,hoverfly,0.7467,0.818,0.7807
35,Test,Leaf Class (Sigmoid),14,ladybug,0.9662,0.9212,0.9432
35,Test,Leaf Class (Sigmoid),15,leaf_beetle,0.0055,0.0008,0.0013
35,Test,Leaf Class (Sigmoid),16,midge,0.9222,0.995,0.9572
35,Test,Leaf Class (Sigmoid),17,moth,0.8261,0.8705,0.8477
35,Test,Leaf Class (Sigmoid),18,robber_fly,0.8532,0.7877,0.8192
35,Test,Leaf Class (Sigmoid),19,spider,0.6465,0.8486,0.7339
35,Test,Leaf Class (Sigmoid),20,wasp,0.8495,0.8174,0.8332
35,Test,Leaf Class (Sigmoid),21,weevil,0.8844,0.7458,0.8092
36,Train,PF4,0,Arachnida,0.9231,0.994,0.9572
36,Train,PF4,1,Insecta,0.9999,0.9993,0.9996
36,Train,PF3,0,Araneae,0.9746,0.977,0.9758
36,Train,PF3,1,Coleoptera,0.986,0.9871,0.9866
36,Train,PF3,2,Dermaptera,0.9335,0.9682,0.9505
36,Train,PF3,3,Diptera,0.9899,0.9862,0.9881
36,Train,PF3,4,Hemiptera,0.9775,0.9323,0.9544
36,Train,PF3,5,Hymenoptera,0.9742,0.9718,0.973
36,Train,PF3,6,Lepidoptera,0.9762,0.9461,0.9609
36,Train,PF3,7,Mecoptera,0.7881,0.2801,0.4133
36,Train,PF3,8,Neuroptera,0.9733,0.9924,0.9828
36,Train,PF3,9,Orthoptera,0.854,0.9902,0.9171
36,Train,PF3,10,Trichoptera,0.9966,0.989,0.9928
36,Train,PF2,0,Apocrita,0.9847,0.9698,0.9772
36,Train,PF2,1,Arneomorphae,0.9855,0.9506,0.9677
36,Train,PF2,2,Brachycera,0.9884,0.988,0.9882
36,Train,PF2,3,Forficulina,0.9371,0.9581,0.9475
36,Train,PF2,4,Glossata,0.9816,0.9198,0.9497
36,Train,PF2,5,Hemerobiiformia,0.9809,0.9906,0.9857
36,Train,PF2,6,Heteroptera,0.9799,0.9368,0.9579
36,Train,PF2,7,Integripalpia,0.9973,0.9864,0.9918
36,Train,PF2,8,Nematocera,0.9924,0.9777,0.985
36,Train,PF2,9,Polyphaga,0.9912,0.9847,0.9879
36,Train,PF2,10,Symphyta,0.9479,0.9624,0.9551
36,Train,PF2,11,grasshopper,0.7973,0.9944,0.885
36,Train,PF2,12,scorpion_fly,0.6118,0.0802,0.1418
36,Train,PF1,0,Aculeata,0.9819,0.9753,0.9786
36,Train,PF1,1,Araneomorphae,0.9756,0.979,0.9773
36,Train,PF1,2,Asilomorpha,0.9846,0.9874,0.986
36,Train,PF1,3,Bibionomorpha,0.9871,0.9868,0.987
36,Train,PF1,4,Cucujiformia,0.9924,0.988,0.9902
36,Train,PF1,5,Culicomorpha,0.9965,0.989,0.9927
36,Train,PF1,6,Epidermaptera,0.9574,0.9581,0.9578
36,Train,PF1,7,Heterocera,0.9897,0.9559,0.9725
36,Train,PF1,8,Muscomorpha,0.9836,0.9912,0.9874
36,Train,PF1,9,Parasitica,0.9682,0.9398,0.9538
36,Train,PF1,10,Pentatomomorpha,0.9851,0.9351,0.9595
36,Train,PF1,11,Plenitentoria,0.9955,0.9958,0.9956
36,Train,PF1,12,Rhopalocera,0.9724,0.9684,0.9704
36,Train,PF1,13,lacewing,0.9737,0.9955,0.9845
36,Train,PF1,14,saw_fly,0.9634,0.9611,0.9623
36,Train,Leaf Class (Softmax),0,Ichneumonoidea,0.9577,0.9518,0.9547
36,Train,Leaf Class (Softmax),1,Muscoidea,0.8244,0.7964,0.8101
36,Train,Leaf Class (Softmax),2,ant,0.9834,0.9898,0.9866
36,Train,Leaf Class (Softmax),3,ant_beetle,0.9888,0.9903,0.9895
36,Train,Leaf Class (Softmax),4,bug,0.9727,0.9633,0.968
36,Train,Leaf Class (Softmax),5,butterfly,0.9796,0.9709,0.9752
36,Train,Leaf Class (Softmax),6,caddisfly,0.9955,0.9958,0.9956
36,Train,Leaf Class (Softmax),7,dance_fly,0.967,0.9605,0.9637
36,Train,Leaf Class (Softmax),8,earwig,0.9682,0.9674,0.9678
36,Train,Leaf Class (Softmax),9,fever_fly,0.9886,0.9893,0.9889
36,Train,Leaf Class (Softmax),10,flesh_fly,0.9567,0.954,0.9554
36,Train,Leaf Class (Softmax),11,fly,0.7914,0.8215,0.8061
36,Train,Leaf Class (Softmax),12,fruit_fly,0.9833,0.9841,0.9837
36,Train,Leaf Class (Softmax),13,hoverfly,0.9775,0.979,0.9782
36,Train,Leaf Class (Softmax),14,ladybug,0.9906,0.9896,0.9901
36,Train,Leaf Class (Softmax),15,leaf_beetle,0.9909,0.9926,0.9918
36,Train,Leaf Class (Softmax),16,midge,0.9937,0.9911,0.9924
36,Train,Leaf Class (Softmax),17,moth,0.9818,0.9787,0.9802
36,Train,Leaf Class (Softmax),18,robber_fly,0.9898,0.9893,0.9896
36,Train,Leaf Class (Softmax),19,spider,0.9796,0.9845,0.9821
36,Train,Leaf Class (Softmax),20,wasp,0.919,0.8881,0.9033
36,Train,Leaf Class (Softmax),21,weevil,0.9927,0.9928,0.9927
36,Train,Leaf Class (Sigmoid),0,Ichneumonoidea,0.9444,0.9588,0.9515
36,Train,Leaf Class (Sigmoid),1,Muscoidea,0.7324,0.897,0.8064
36,Train,Leaf Class (Sigmoid),2,ant,0.9848,0.9867,0.9858
36,Train,Leaf Class (Sigmoid),3,ant_beetle,0.9891,0.988,0.9886
36,Train,Leaf Class (Sigmoid),4,bug,0.9864,0.9413,0.9633
36,Train,Leaf Class (Sigmoid),5,butterfly,0.9857,0.9506,0.9679
36,Train,Leaf Class (Sigmoid),6,caddisfly,0.9955,0.9958,0.9956
36,Train,Leaf Class (Sigmoid),7,dance_fly,0.9733,0.9498,0.9614
36,Train,Leaf Class (Sigmoid),8,earwig,0.9763,0.9581,0.9671
36,Train,Leaf Class (Sigmoid),9,fever_fly,0.9914,0.9836,0.9875
36,Train,Leaf Class (Sigmoid),10,flesh_fly,0.9461,0.9609,0.9534
36,Train,Leaf Class (Sigmoid),11,fly,0.8682,0.6787,0.7619
36,Train,Leaf Class (Sigmoid),12,fruit_fly,0.9765,0.9876,0.982
36,Train,Leaf Class (Sigmoid),13,hoverfly,0.9786,0.9769,0.9778
36,Train,Leaf Class (Sigmoid),14,ladybug,0.9813,0.9916,0.9864
36,Train,Leaf Class (Sigmoid),15,leaf_beetle,0.9841,0.9928,0.9884
36,Train,Leaf Class (Sigmoid),16,midge,0.9971,0.9861,0.9916
36,Train,Leaf Class (Sigmoid),17,moth,0.9922,0.9623,0.977
36,Train,Leaf Class (Sigmoid),18,robber_fly,0.9858,0.9906,0.9882
36,Train,Leaf Class (Sigmoid),19,spider,0.9771,0.978,0.9776
36,Train,Leaf Class (Sigmoid),20,wasp,0.9308,0.8607,0.8944
36,Train,Leaf Class (Sigmoid),21,weevil,0.9946,0.9887,0.9916
36,Test,PF4,0,Arachnida,0.5867,0.8734,0.7019
36,Test,PF4,1,Insecta,0.997,0.9858,0.9914
36,Test,PF3,0,Araneae,0.6336,0.8692,0.7329
36,Test,PF3,1,Coleoptera,0.9092,0.7806,0.84
36,Test,PF3,2,Dermaptera,0.86,0.1676,0.2806
36,Test,PF3,3,Diptera,0.9142,0.9437,0.9287
36,Test,PF3,4,Hemiptera,0.867,0.7134,0.7828
36,Test,PF3,5,Hymenoptera,0.8294,0.8184,0.8239
36,Test,PF3,6,Lepidoptera,0.6529,0.6273,0.6399
36,Test,PF3,7,Mecoptera,0.3023,0.2062,0.2452
36,Test,PF3,8,Neuroptera,0.7277,0.4753,0.575
36,Test,PF3,9,Orthoptera,0.6352,0.9765,0.7697
36,Test,PF3,10,Trichoptera,0.9982,0.9647,0.9811
36,Test,PF2,0,Apocrita,0.8392,0.8189,0.8289
36,Test,PF2,1,Arneomorphae,0.6525,0.8667,0.7445
36,Test,PF2,2,Brachycera,0.8946,0.9388,0.9162
36,Test,PF2,3,Forficulina,0.8667,0.152,0.2587
36,Test,PF2,4,Glossata,0.6649,0.6199,0.6416
36,Test,PF2,5,Hemerobiiformia,0.8321,0.4509,0.5848
36,Test,PF2,6,Heteroptera,0.8598,0.7227,0.7853
36,Test,PF2,7,Integripalpia,0.9995,0.9427,0.9703
36,Test,PF2,8,Nematocera,0.9475,0.9472,0.9473
36,Test,PF2,9,Polyphaga,0.9336,0.7782,0.8488
36,Test,PF2,10,Symphyta,0.8517,0.7663,0.8068
36,Test,PF2,11,grasshopper,0.5653,0.9858,0.7185
36,Test,PF2,12,scorpion_fly,0.2129,0.0856,0.1221
36,Test,PF1,0,Aculeata,0.8616,0.8619,0.8618
36,Test,PF1,1,Araneomorphae,0.6386,0.8667,0.7354
36,Test,PF1,2,Asilomorpha,0.8291,0.7931,0.8107
36,Test,PF1,3,Bibionomorpha,0.9991,0.8224,0.9022
36,Test,PF1,4,Cucujiformia,0.9369,0.7828,0.8529
36,Test,PF1,5,Culicomorpha,0.9361,0.9918,0.9631
36,Test,PF1,6,Epidermaptera,0.8065,0.0975,0.1739
36,Test,PF1,7,Heterocera,0.6895,0.7812,0.7325
36,Test,PF1,8,Muscomorpha,0.8314,0.9222,0.8744
36,Test,PF1,9,Parasitica,0.5527,0.6233,0.5859
36,Test,PF1,10,Pentatomomorpha,0.8485,0.7119,0.7742
36,Test,PF1,11,Plenitentoria,0.993,0.9728,0.9828
36,Test,PF1,12,Rhopalocera,0.6688,0.9389,0.7811
36,Test,PF1,13,lacewing,0.6966,0.5278,0.6006
36,Test,PF1,14,saw_fly,0.8365,0.7503,0.7911
36,Test,Leaf Class (Softmax),0,Ichneumonoidea,0.4469,0.6704,0.5363
36,Test,Leaf Class (Softmax),1,Muscoidea,0.3514,0.606,0.4448
36,Test,Leaf Class (Softmax),2,ant,0.8421,0.9042,0.8721
36,Test,Leaf Class (Softmax),3,ant_beetle,0.8811,0.9475,0.9131
36,Test,Leaf Class (Softmax),4,bug,0.8414,0.7196,0.7757
36,Test,Leaf Class (Softmax),5,butterfly,0.7304,0.9261,0.8167
36,Test,Leaf Class (Softmax),6,caddisfly,0.9947,0.9703,0.9823
36,Test,Leaf Class (Softmax),7,dance_fly,0.8337,0.669,0.7423
36,Test,Leaf Class (Softmax),8,earwig,0.8118,0.0673,0.1242
36,Test,Leaf Class (Softmax),9,fever_fly,1.0,0.7863,0.8803
36,Test,Leaf Class (Softmax),10,flesh_fly,0.8367,0.6355,0.7224
36,Test,Leaf Class (Softmax),11,fly,0.4154,0.4735,0.4426
36,Test,Leaf Class (Softmax),12,fruit_fly,0.8484,0.6058,0.7068
36,Test,Leaf Class (Softmax),13,hoverfly,0.7414,0.818,0.7778
36,Test,Leaf Class (Softmax),14,ladybug,0.9328,0.9375,0.9352
36,Test,Leaf Class (Softmax),15,leaf_beetle,0.2225,0.0638,0.0992
36,Test,Leaf Class (Softmax),16,midge,0.9421,0.9925,0.9666
36,Test,Leaf Class (Softmax),17,moth,0.8035,0.788,0.7957
36,Test,Leaf Class (Softmax),18,robber_fly,0.7679,0.8252,0.7955
36,Test,Leaf Class (Softmax),19,spider,0.6137,0.868,0.719
36,Test,Leaf Class (Softmax),20,wasp,0.9231,0.8022,0.8584
36,Test,Leaf Class (Softmax),21,weevil,0.9529,0.7532,0.8414
36,Test,Leaf Class (Sigmoid),0,Ichneumonoidea,0.508,0.6435,0.5678
36,Test,Leaf Class (Sigmoid),1,Muscoidea,0.3711,0.5088,0.4291
36,Test,Leaf Class (Sigmoid),2,ant,0.831,0.9098,0.8686
36,Test,Leaf Class (Sigmoid),3,ant_beetle,0.9048,0.9549,0.9292
36,Test,Leaf Class (Sigmoid),4,bug,0.7964,0.7173,0.7548
36,Test,Leaf Class (Sigmoid),5,butterfly,0.6855,0.934,0.7907
36,Test,Leaf Class (Sigmoid),6,caddisfly,0.9991,0.972,0.9854
36,Test,Leaf Class (Sigmoid),7,dance_fly,0.7892,0.6796,0.7303
36,Test,Leaf Class (Sigmoid),8,earwig,0.7848,0.0604,0.1122
36,Test,Leaf Class (Sigmoid),9,fever_fly,1.0,0.8054,0.8922
36,Test,Leaf Class (Sigmoid),10,flesh_fly,0.8715,0.624,0.7273
36,Test,Leaf Class (Sigmoid),11,fly,0.397,0.5475,0.4603
36,Test,Leaf Class (Sigmoid),12,fruit_fly,0.8935,0.587,0.7085
36,Test,Leaf Class (Sigmoid),13,hoverfly,0.747,0.8162,0.7801
36,Test,Leaf Class (Sigmoid),14,ladybug,0.9556,0.9318,0.9435
36,Test,Leaf Class (Sigmoid),15,leaf_beetle,0.2582,0.0484,0.0816
36,Test,Leaf Class (Sigmoid),16,midge,0.9392,0.993,0.9654
36,Test,Leaf Class (Sigmoid),17,moth,0.6952,0.8662,0.7714
36,Test,Leaf Class (Sigmoid),18,robber_fly,0.8273,0.8145,0.8209
36,Test,Leaf Class (Sigmoid),19,spider,0.6041,0.8667,0.7119
36,Test,Leaf Class (Sigmoid),20,wasp,0.8767,0.7999,0.8365
36,Test,Leaf Class (Sigmoid),21,weevil,0.9321,0.762,0.8385
37,Train,PF4,0,Arachnida,0.9259,0.992,0.9578
37,Train,PF4,1,Insecta,0.9999,0.9993,0.9996
37,Train,PF3,0,Araneae,0.9751,0.977,0.9761
37,Train,PF3,1,Coleoptera,0.9873,0.9868,0.9871
37,Train,PF3,2,Dermaptera,0.9303,0.962,0.9459
37,Train,PF3,3,Diptera,0.9898,0.9866,0.9882
37,Train,PF3,4,Hemiptera,0.9838,0.9255,0.9538
37,Train,PF3,5,Hymenoptera,0.9741,0.9725,0.9733
37,Train,PF3,6,Lepidoptera,0.9769,0.9467,0.9615
37,Train,PF3,7,Mecoptera,0.7367,0.2471,0.3701
37,Train,PF3,8,Neuroptera,0.9791,0.9934,0.9862
37,Train,PF3,9,Orthoptera,0.8495,0.9908,0.9147
37,Train,PF3,10,Trichoptera,0.9951,0.9898,0.9924
37,Train,PF2,0,Apocrita,0.9869,0.9692,0.978
37,Train,PF2,1,Arneomorphae,0.9829,0.9486,0.9655
37,Train,PF2,2,Brachycera,0.9883,0.9882,0.9882
37,Train,PF2,3,Forficulina,0.9422,0.9597,0.9508
37,Train,PF2,4,Glossata,0.9821,0.9219,0.951
37,Train,PF2,5,Hemerobiiformia,0.9848,0.9911,0.988
37,Train,PF2,6,Heteroptera,0.9829,0.9402,0.9611
37,Train,PF2,7,Integripalpia,0.9969,0.9852,0.9911
37,Train,PF2,8,Nematocera,0.9932,0.9795,0.9863
37,Train,PF2,9,Polyphaga,0.9911,0.9843,0.9877
37,Train,PF2,10,Symphyta,0.9505,0.966,0.9582
37,Train,PF2,11,grasshopper,0.7928,0.9958,0.8828
37,Train,PF2,12,scorpion_fly,0.5063,0.0493,0.0898
37,Train,PF1,0,Aculeata,0.9828,0.9743,0.9785
37,Train,PF1,1,Araneomorphae,0.9727,0.9765,0.9746
37,Train,PF1,2,Asilomorpha,0.9861,0.9866,0.9864
37,Train,PF1,3,Bibionomorpha,0.9865,0.9875,0.987
37,Train,PF1,4,Cucujiformia,0.9927,0.9884,0.9906
37,Train,PF1,5,Culicomorpha,0.9967,0.9873,0.992
37,Train,PF1,6,Epidermaptera,0.9598,0.962,0.9609
37,Train,PF1,7,Heterocera,0.9905,0.9571,0.9735
37,Train,PF1,8,Muscomorpha,0.9837,0.9924,0.988
37,Train,PF1,9,Parasitica,0.9582,0.9444,0.9512
37,Train,PF1,10,Pentatomomorpha,0.9875,0.9363,0.9612
37,Train,PF1,11,Plenitentoria,0.9939,0.9943,0.9941
37,Train,PF1,12,Rhopalocera,0.9796,0.9709,0.9752
37,Train,PF1,13,lacewing,0.9762,0.9955,0.9857
37,Train,PF1,14,saw_fly,0.9696,0.9634,0.9665
37,Train,Leaf Class (Softmax),0,Ichneumonoidea,0.9597,0.953,0.9564
37,Train,Leaf Class (Softmax),1,Muscoidea,0.821,0.7961,0.8084
37,Train,Leaf Class (Softmax),2,ant,0.9838,0.9894,0.9866
37,Train,Leaf Class (Softmax),3,ant_beetle,0.9921,0.9918,0.9919
37,Train,Leaf Class (Softmax),4,bug,0.9716,0.9633,0.9674
37,Train,Leaf Class (Softmax),5,butterfly,0.9845,0.9757,0.9801
37,Train,Leaf Class (Softmax),6,caddisfly,0.9962,0.9951,0.9956
37,Train,Leaf Class (Softmax),7,dance_fly,0.9723,0.9618,0.967
37,Train,Leaf Class (Softmax),8,earwig,0.9758,0.969,0.9724
37,Train,Leaf Class (Softmax),9,fever_fly,0.9889,0.9893,0.9891
37,Train,Leaf Class (Softmax),10,flesh_fly,0.9562,0.9564,0.9563
37,Train,Leaf Class (Softmax),11,fly,0.7935,0.8189,0.806
37,Train,Leaf Class (Softmax),12,fruit_fly,0.9821,0.9839,0.983
37,Train,Leaf Class (Softmax),13,hoverfly,0.9781,0.9811,0.9796
37,Train,Leaf Class (Softmax),14,ladybug,0.9887,0.9891,0.9889
37,Train,Leaf Class (Softmax),15,leaf_beetle,0.9921,0.9928,0.9924
37,Train,Leaf Class (Softmax),16,midge,0.9937,0.9909,0.9923
37,Train,Leaf Class (Softmax),17,moth,0.9807,0.98,0.9803
37,Train,Leaf Class (Softmax),18,robber_fly,0.9913,0.9901,0.9907
37,Train,Leaf Class (Softmax),19,spider,0.9758,0.9865,0.9811
37,Train,Leaf Class (Softmax),20,wasp,0.9302,0.8851,0.9071
37,Train,Leaf Class (Softmax),21,weevil,0.9922,0.9917,0.9919
37,Train,Leaf Class (Sigmoid),0,Ichneumonoidea,0.9443,0.9637,0.9539
37,Train,Leaf Class (Sigmoid),1,Muscoidea,0.7355,0.8964,0.808
37,Train,Leaf Class (Sigmoid),2,ant,0.9855,0.9869,0.9862
37,Train,Leaf Class (Sigmoid),3,ant_beetle,0.9888,0.9903,0.9895
37,Train,Leaf Class (Sigmoid),4,bug,0.9876,0.9413,0.9639
37,Train,Leaf Class (Sigmoid),5,butterfly,0.9925,0.962,0.977
37,Train,Leaf Class (Sigmoid),6,caddisfly,0.9932,0.9947,0.9939
37,Train,Leaf Class (Sigmoid),7,dance_fly,0.9806,0.9491,0.9646
37,Train,Leaf Class (Sigmoid),8,earwig,0.9779,0.962,0.9699
37,Train,Leaf Class (Sigmoid),9,fever_fly,0.991,0.9839,0.9875
37,Train,Leaf Class (Sigmoid),10,flesh_fly,0.9457,0.9605,0.953
37,Train,Leaf Class (Sigmoid),11,fly,0.8702,0.6845,0.7662
37,Train,Leaf Class (Sigmoid),12,fruit_fly,0.9752,0.9866,0.9809
37,Train,Leaf Class (Sigmoid),13,hoverfly,0.9801,0.9799,0.98
37,Train,Leaf Class (Sigmoid),14,ladybug,0.9796,0.9914,0.9855
37,Train,Leaf Class (Sigmoid),15,leaf_beetle,0.9869,0.9932,0.99
37,Train,Leaf Class (Sigmoid),16,midge,0.9981,0.9855,0.9918
37,Train,Leaf Class (Sigmoid),17,moth,0.9925,0.9633,0.9777
37,Train,Leaf Class (Sigmoid),18,robber_fly,0.9881,0.9909,0.9895
37,Train,Leaf Class (Sigmoid),19,spider,0.9765,0.976,0.9763
37,Train,Leaf Class (Sigmoid),20,wasp,0.9313,0.8662,0.8976
37,Train,Leaf Class (Sigmoid),21,weevil,0.9941,0.988,0.9911
37,Test,PF4,0,Arachnida,0.5869,0.8758,0.7028
37,Test,PF4,1,Insecta,0.9971,0.9857,0.9914
37,Test,PF3,0,Araneae,0.6076,0.8758,0.7174
37,Test,PF3,1,Coleoptera,0.8829,0.7774,0.8268
37,Test,PF3,2,Dermaptera,0.7561,0.0906,0.1619
37,Test,PF3,3,Diptera,0.8979,0.9442,0.9204
37,Test,PF3,4,Hemiptera,0.8136,0.7535,0.7824
37,Test,PF3,5,Hymenoptera,0.7991,0.8052,0.8021
37,Test,PF3,6,Lepidoptera,0.7019,0.5111,0.5915
37,Test,PF3,7,Mecoptera,0.2672,0.166,0.2048
37,Test,PF3,8,Neuroptera,0.5603,0.3843,0.4559
37,Test,PF3,9,Orthoptera,0.6129,0.9505,0.7453
37,Test,PF3,10,Trichoptera,0.9947,0.9763,0.9854
37,Test,PF2,0,Apocrita,0.8221,0.8304,0.8262
37,Test,PF2,1,Arneomorphae,0.6193,0.8758,0.7255
37,Test,PF2,2,Brachycera,0.8722,0.9385,0.9041
37,Test,PF2,3,Forficulina,0.7547,0.078,0.1413
37,Test,PF2,4,Glossata,0.7371,0.4869,0.5865
37,Test,PF2,5,Hemerobiiformia,0.7193,0.4358,0.5427
37,Test,PF2,6,Heteroptera,0.8142,0.7666,0.7897
37,Test,PF2,7,Integripalpia,0.9965,0.9754,0.9858
37,Test,PF2,8,Nematocera,0.963,0.9671,0.9651
37,Test,PF2,9,Polyphaga,0.9037,0.7702,0.8317
37,Test,PF2,10,Symphyta,0.8436,0.6798,0.7529
37,Test,PF2,11,grasshopper,0.5574,0.9678,0.7074
37,Test,PF2,12,scorpion_fly,0.1644,0.048,0.0743
37,Test,PF1,0,Aculeata,0.8273,0.8583,0.8425
37,Test,PF1,1,Araneomorphae,0.6148,0.8758,0.7225
37,Test,PF1,2,Asilomorpha,0.8723,0.7626,0.8137
37,Test,PF1,3,Bibionomorpha,0.9961,0.908,0.95
37,Test,PF1,4,Cucujiformia,0.8935,0.7767,0.831
37,Test,PF1,5,Culicomorpha,0.9533,0.9892,0.9709
37,Test,PF1,6,Epidermaptera,0.7436,0.0565,0.1051
37,Test,PF1,7,Heterocera,0.7213,0.4898,0.5834
37,Test,PF1,8,Muscomorpha,0.8081,0.933,0.8661
37,Test,PF1,9,Parasitica,0.4152,0.6861,0.5173
37,Test,PF1,10,Pentatomomorpha,0.8008,0.7558,0.7776
37,Test,PF1,11,Plenitentoria,0.9908,0.9789,0.9848
37,Test,PF1,12,Rhopalocera,0.8278,0.9094,0.8667
37,Test,PF1,13,lacewing,0.4644,0.5221,0.4916
37,Test,PF1,14,saw_fly,0.8323,0.6793,0.748
37,Test,Leaf Class (Softmax),0,Ichneumonoidea,0.4232,0.7287,0.5354
37,Test,Leaf Class (Softmax),1,Muscoidea,0.3562,0.6595,0.4626
37,Test,Leaf Class (Softmax),2,ant,0.8477,0.874,0.8607
37,Test,Leaf Class (Softmax),3,ant_beetle,0.8195,0.9394,0.8753
37,Test,Leaf Class (Softmax),4,bug,0.842,0.7388,0.787
37,Test,Leaf Class (Softmax),5,butterfly,0.8403,0.9172,0.8771
37,Test,Leaf Class (Softmax),6,caddisfly,0.9912,0.9759,0.9835
37,Test,Leaf Class (Softmax),7,dance_fly,0.8725,0.6056,0.715
37,Test,Leaf Class (Softmax),8,earwig,0.7407,0.039,0.0741
37,Test,Leaf Class (Softmax),9,fever_fly,0.9976,0.879,0.9345
37,Test,Leaf Class (Softmax),10,flesh_fly,0.8074,0.6958,0.7474
37,Test,Leaf Class (Softmax),11,fly,0.4122,0.409,0.4106
37,Test,Leaf Class (Softmax),12,fruit_fly,0.7654,0.6215,0.686
37,Test,Leaf Class (Softmax),13,hoverfly,0.7731,0.8425,0.8063
37,Test,Leaf Class (Softmax),14,ladybug,0.8178,0.9418,0.8754
37,Test,Leaf Class (Softmax),15,leaf_beetle,0.1533,0.0546,0.0805
37,Test,Leaf Class (Softmax),16,midge,0.9604,0.9882,0.9741
37,Test,Leaf Class (Softmax),17,moth,0.8642,0.7688,0.8137
37,Test,Leaf Class (Softmax),18,robber_fly,0.8562,0.786,0.8196
37,Test,Leaf Class (Softmax),19,spider,0.6071,0.8758,0.7171
37,Test,Leaf Class (Softmax),20,wasp,0.9219,0.7833,0.847
37,Test,Leaf Class (Softmax),21,weevil,0.9371,0.715,0.8111
37,Test,Leaf Class (Sigmoid),0,Ichneumonoidea,0.5174,0.7018,0.5956
37,Test,Leaf Class (Sigmoid),1,Muscoidea,0.4077,0.473,0.4379
37,Test,Leaf Class (Sigmoid),2,ant,0.8318,0.883,0.8567
37,Test,Leaf Class (Sigmoid),3,ant_beetle,0.8448,0.9453,0.8922
37,Test,Leaf Class (Sigmoid),4,bug,0.7987,0.7643,0.7811
37,Test,Leaf Class (Sigmoid),5,butterfly,0.8135,0.9281,0.867
37,Test,Leaf Class (Sigmoid),6,caddisfly,0.9952,0.9759,0.9854
37,Test,Leaf Class (Sigmoid),7,dance_fly,0.8188,0.624,0.7082
37,Test,Leaf Class (Sigmoid),8,earwig,0.7344,0.0458,0.0862
37,Test,Leaf Class (Sigmoid),9,fever_fly,0.9984,0.908,0.9511
37,Test,Leaf Class (Sigmoid),10,flesh_fly,0.8404,0.7042,0.7663
37,Test,Leaf Class (Sigmoid),11,fly,0.3719,0.5975,0.4584
37,Test,Leaf Class (Sigmoid),12,fruit_fly,0.8135,0.6105,0.6975
37,Test,Leaf Class (Sigmoid),13,hoverfly,0.7773,0.835,0.8051
37,Test,Leaf Class (Sigmoid),14,ladybug,0.9183,0.9382,0.9282
37,Test,Leaf Class (Sigmoid),15,leaf_beetle,0.1181,0.0331,0.0517
37,Test,Leaf Class (Sigmoid),16,midge,0.9568,0.9905,0.9733
37,Test,Leaf Class (Sigmoid),17,moth,0.7938,0.8645,0.8277
37,Test,Leaf Class (Sigmoid),18,robber_fly,0.8825,0.7867,0.8319
37,Test,Leaf Class (Sigmoid),19,spider,0.6053,0.874,0.7152
37,Test,Leaf Class (Sigmoid),20,wasp,0.8238,0.793,0.8081
37,Test,Leaf Class (Sigmoid),21,weevil,0.9109,0.731,0.8111
38,Train,PF4,0,Arachnida,0.9367,0.99,0.9626
38,Train,PF4,1,Insecta,0.9999,0.9994,0.9997
38,Train,PF3,0,Araneae,0.9722,0.9775,0.9749
38,Train,PF3,1,Coleoptera,0.9872,0.9873,0.9872
38,Train,PF3,2,Dermaptera,0.9446,0.9643,0.9544
38,Train,PF3,3,Diptera,0.9903,0.9869,0.9886
38,Train,PF3,4,Hemiptera,0.9782,0.9385,0.958
38,Train,PF3,5,Hymenoptera,0.9748,0.9723,0.9736
38,Train,PF3,6,Lepidoptera,0.9754,0.9476,0.9613
38,Train,PF3,7,Mecoptera,0.7079,0.2239,0.3402
38,Train,PF3,8,Neuroptera,0.9764,0.9932,0.9848
38,Train,PF3,9,Orthoptera,0.8498,0.9911,0.915
38,Train,PF3,10,Trichoptera,0.9954,0.9875,0.9914
38,Train,PF2,0,Apocrita,0.9874,0.9699,0.9785
38,Train,PF2,1,Arneomorphae,0.9843,0.9386,0.9609
38,Train,PF2,2,Brachycera,0.9879,0.9888,0.9884
38,Train,PF2,3,Forficulina,0.9503,0.9643,0.9573
38,Train,PF2,4,Glossata,0.981,0.9226,0.9509
38,Train,PF2,5,Hemerobiiformia,0.9845,0.9905,0.9875
38,Train,PF2,6,Heteroptera,0.9829,0.9397,0.9608
38,Train,PF2,7,Integripalpia,0.9973,0.9826,0.9899
38,Train,PF2,8,Nematocera,0.9947,0.9823,0.9884
38,Train,PF2,9,Polyphaga,0.9911,0.9842,0.9877
38,Train,PF2,10,Symphyta,0.9511,0.9604,0.9557
38,Train,PF2,11,grasshopper,0.7967,0.9948,0.8848
38,Train,PF2,12,scorpion_fly,0.5393,0.0586,0.1058
38,Train,PF1,0,Aculeata,0.983,0.9765,0.9797
38,Train,PF1,1,Araneomorphae,0.9761,0.978,0.9771
38,Train,PF1,2,Asilomorpha,0.9848,0.9861,0.9854
38,Train,PF1,3,Bibionomorpha,0.9918,0.9911,0.9914
38,Train,PF1,4,Cucujiformia,0.9924,0.9885,0.9904
38,Train,PF1,5,Culicomorpha,0.9979,0.9892,0.9935
38,Train,PF1,6,Epidermaptera,0.968,0.9612,0.9646
38,Train,PF1,7,Heterocera,0.9886,0.9578,0.973
38,Train,PF1,8,Muscomorpha,0.9838,0.9922,0.988
38,Train,PF1,9,Parasitica,0.9697,0.9382,0.9537
38,Train,PF1,10,Pentatomomorpha,0.9875,0.9385,0.9624
38,Train,PF1,11,Plenitentoria,0.9943,0.9962,0.9953
38,Train,PF1,12,Rhopalocera,0.9764,0.9725,0.9744
38,Train,PF1,13,lacewing,0.9777,0.9958,0.9867
38,Train,PF1,14,saw_fly,0.9665,0.9578,0.9621
38,Train,Leaf Class (Softmax),0,Ichneumonoidea,0.9633,0.9534,0.9584
38,Train,Leaf Class (Softmax),1,Muscoidea,0.8268,0.8011,0.8137
38,Train,Leaf Class (Softmax),2,ant,0.9853,0.9906,0.9879
38,Train,Leaf Class (Softmax),3,ant_beetle,0.9933,0.9918,0.9925
38,Train,Leaf Class (Softmax),4,bug,0.9728,0.9673,0.97
38,Train,Leaf Class (Softmax),5,butterfly,0.9837,0.9781,0.9809
38,Train,Leaf Class (Softmax),6,caddisfly,0.9977,0.9955,0.9966
38,Train,Leaf Class (Softmax),7,dance_fly,0.967,0.9625,0.9648
38,Train,Leaf Class (Softmax),8,earwig,0.9819,0.9698,0.9758
38,Train,Leaf Class (Softmax),9,fever_fly,0.9914,0.9914,0.9914
38,Train,Leaf Class (Softmax),10,flesh_fly,0.9597,0.9588,0.9593
38,Train,Leaf Class (Softmax),11,fly,0.7964,0.8238,0.8099
38,Train,Leaf Class (Softmax),12,fruit_fly,0.9828,0.9845,0.9836
38,Train,Leaf Class (Softmax),13,hoverfly,0.9783,0.9795,0.9789
38,Train,Leaf Class (Softmax),14,ladybug,0.9894,0.9899,0.9897
38,Train,Leaf Class (Softmax),15,leaf_beetle,0.9922,0.9937,0.9929
38,Train,Leaf Class (Softmax),16,midge,0.996,0.9918,0.9939
38,Train,Leaf Class (Softmax),17,moth,0.9811,0.9802,0.9806
38,Train,Leaf Class (Softmax),18,robber_fly,0.9899,0.9892,0.9896
38,Train,Leaf Class (Softmax),19,spider,0.9768,0.988,0.9824
38,Train,Leaf Class (Softmax),20,wasp,0.9257,0.8906,0.9078
38,Train,Leaf Class (Softmax),21,weevil,0.9935,0.9926,0.993
38,Train,Leaf Class (Sigmoid),0,Ichneumonoidea,0.9471,0.9592,0.9531
38,Train,Leaf Class (Sigmoid),1,Muscoidea,0.738,0.8995,0.8108
38,Train,Leaf Class (Sigmoid),2,ant,0.9865,0.9876,0.987
38,Train,Leaf Class (Sigmoid),3,ant_beetle,0.9906,0.9895,0.9901
38,Train,Leaf Class (Sigmoid),4,bug,0.9876,0.9397,0.963
38,Train,Leaf Class (Sigmoid),5,butterfly,0.9891,0.9595,0.9741
38,Train,Leaf Class (Sigmoid),6,caddisfly,0.9958,0.9951,0.9955
38,Train,Leaf Class (Sigmoid),7,dance_fly,0.9759,0.9471,0.9613
38,Train,Leaf Class (Sigmoid),8,earwig,0.9841,0.9605,0.9721
38,Train,Leaf Class (Sigmoid),9,fever_fly,0.9921,0.9889,0.9905
38,Train,Leaf Class (Sigmoid),10,flesh_fly,0.9465,0.9658,0.9561
38,Train,Leaf Class (Sigmoid),11,fly,0.8711,0.6859,0.7675
38,Train,Leaf Class (Sigmoid),12,fruit_fly,0.9775,0.9865,0.982
38,Train,Leaf Class (Sigmoid),13,hoverfly,0.9804,0.9778,0.9791
38,Train,Leaf Class (Sigmoid),14,ladybug,0.9828,0.992,0.9874
38,Train,Leaf Class (Sigmoid),15,leaf_beetle,0.9891,0.9944,0.9918
38,Train,Leaf Class (Sigmoid),16,midge,0.9988,0.9884,0.9936
38,Train,Leaf Class (Sigmoid),17,moth,0.9911,0.9638,0.9773
38,Train,Leaf Class (Sigmoid),18,robber_fly,0.9861,0.9905,0.9883
38,Train,Leaf Class (Sigmoid),19,spider,0.9742,0.98,0.9771
38,Train,Leaf Class (Sigmoid),20,wasp,0.9274,0.8704,0.898
38,Train,Leaf Class (Sigmoid),21,weevil,0.9942,0.9886,0.9914
38,Test,PF4,0,Arachnida,0.623,0.8776,0.7287
38,Test,PF4,1,Insecta,0.9971,0.9877,0.9924
38,Test,PF3,0,Araneae,0.6412,0.8758,0.7404
38,Test,PF3,1,Coleoptera,0.9397,0.7825,0.8539
38,Test,PF3,2,Dermaptera,0.8929,0.0731,0.1351
38,Test,PF3,3,Diptera,0.8879,0.9486,0.9173
38,Test,PF3,4,Hemiptera,0.8876,0.7119,0.7901
38,Test,PF3,5,Hymenoptera,0.8714,0.8015,0.835
38,Test,PF3,6,Lepidoptera,0.6903,0.5664,0.6223
38,Test,PF3,7,Mecoptera,0.1594,0.1232,0.139
38,Test,PF3,8,Neuroptera,0.6565,0.3817,0.4827
38,Test,PF3,9,Orthoptera,0.5821,0.9818,0.7309
38,Test,PF3,10,Trichoptera,0.9907,0.9655,0.978
38,Test,PF2,0,Apocrita,0.887,0.7782,0.8291
38,Test,PF2,1,Arneomorphae,0.6567,0.8758,0.7506
38,Test,PF2,2,Brachycera,0.8657,0.9409,0.9017
38,Test,PF2,3,Forficulina,0.8514,0.0614,0.1145
38,Test,PF2,4,Glossata,0.7017,0.5474,0.615
38,Test,PF2,5,Hemerobiiformia,0.7779,0.337,0.4702
38,Test,PF2,6,Heteroptera,0.8872,0.7088,0.788
38,Test,PF2,7,Integripalpia,0.9941,0.9513,0.9722
38,Test,PF2,8,Nematocera,0.9608,0.961,0.9609
38,Test,PF2,9,Polyphaga,0.9611,0.776,0.8586
38,Test,PF2,10,Symphyta,0.8436,0.8219,0.8326
38,Test,PF2,11,grasshopper,0.5167,0.9898,0.679
38,Test,PF2,12,scorpion_fly,0.125,0.0661,0.0865
38,Test,PF1,0,Aculeata,0.8887,0.8269,0.8567
38,Test,PF1,1,Araneomorphae,0.6538,0.8752,0.7485
38,Test,PF1,2,Asilomorpha,0.8588,0.7584,0.8055
38,Test,PF1,3,Bibionomorpha,0.9827,0.8861,0.9319
38,Test,PF1,4,Cucujiformia,0.9448,0.7794,0.8542
38,Test,PF1,5,Culicomorpha,0.9545,0.9908,0.9723
38,Test,PF1,6,Epidermaptera,0.8267,0.0604,0.1126
38,Test,PF1,7,Heterocera,0.7483,0.6822,0.7137
38,Test,PF1,8,Muscomorpha,0.7932,0.9431,0.8617
38,Test,PF1,9,Parasitica,0.5982,0.5874,0.5928
38,Test,PF1,10,Pentatomomorpha,0.8694,0.708,0.7805
38,Test,PF1,11,Plenitentoria,0.9903,0.9694,0.9797
38,Test,PF1,12,Rhopalocera,0.6166,0.9616,0.7513
38,Test,PF1,13,lacewing,0.7942,0.6401,0.7089
38,Test,PF1,14,saw_fly,0.8436,0.8093,0.8261
38,Test,Leaf Class (Softmax),0,Ichneumonoidea,0.5465,0.6188,0.5804
38,Test,Leaf Class (Softmax),1,Muscoidea,0.3516,0.7415,0.477
38,Test,Leaf Class (Softmax),2,ant,0.8813,0.8145,0.8466
38,Test,Leaf Class (Softmax),3,ant_beetle,0.951,0.8758,0.9119
38,Test,Leaf Class (Softmax),4,bug,0.9162,0.7157,0.8036
38,Test,Leaf Class (Softmax),5,butterfly,0.6838,0.9586,0.7982
38,Test,Leaf Class (Softmax),6,caddisfly,0.9895,0.9703,0.9798
38,Test,Leaf Class (Softmax),7,dance_fly,0.9038,0.6453,0.753
38,Test,Leaf Class (Softmax),8,earwig,0.8095,0.0166,0.0325
38,Test,Leaf Class (Softmax),9,fever_fly,0.9894,0.862,0.9213
38,Test,Leaf Class (Softmax),10,flesh_fly,0.7583,0.8322,0.7936
38,Test,Leaf Class (Softmax),11,fly,0.4095,0.3478,0.3761
38,Test,Leaf Class (Softmax),12,fruit_fly,0.8264,0.6068,0.6997
38,Test,Leaf Class (Softmax),13,hoverfly,0.8687,0.7905,0.8277
38,Test,Leaf Class (Softmax),14,ladybug,0.9438,0.9328,0.9383
38,Test,Leaf Class (Softmax),15,leaf_beetle,0.0191,0.0069,0.0102
38,Test,Leaf Class (Softmax),16,midge,0.9641,0.9872,0.9755
38,Test,Leaf Class (Softmax),17,moth,0.8343,0.7928,0.813
38,Test,Leaf Class (Softmax),18,robber_fly,0.7851,0.7825,0.7838
38,Test,Leaf Class (Softmax),19,spider,0.6385,0.8752,0.7384
38,Test,Leaf Class (Softmax),20,wasp,0.8715,0.8068,0.8379
38,Test,Leaf Class (Softmax),21,weevil,0.865,0.7735,0.8167
38,Test,Leaf Class (Sigmoid),0,Ichneumonoidea,0.5903,0.6009,0.5956
38,Test,Leaf Class (Sigmoid),1,Muscoidea,0.3782,0.575,0.4563
38,Test,Leaf Class (Sigmoid),2,ant,0.8836,0.8105,0.8455
38,Test,Leaf Class (Sigmoid),3,ant_beetle,0.9647,0.8891,0.9254
38,Test,Leaf Class (Sigmoid),4,bug,0.8274,0.7165,0.768
38,Test,Leaf Class (Sigmoid),5,butterfly,0.6483,0.9626,0.7748
38,Test,Leaf Class (Sigmoid),6,caddisfly,0.9934,0.9698,0.9815
38,Test,Leaf Class (Sigmoid),7,dance_fly,0.8867,0.6629,0.7586
38,Test,Leaf Class (Sigmoid),8,earwig,0.8148,0.0214,0.0418
38,Test,Leaf Class (Sigmoid),9,fever_fly,0.9788,0.8804,0.927
38,Test,Leaf Class (Sigmoid),10,flesh_fly,0.8018,0.8262,0.8138
38,Test,Leaf Class (Sigmoid),11,fly,0.3857,0.5337,0.4478
38,Test,Leaf Class (Sigmoid),12,fruit_fly,0.8841,0.591,0.7084
38,Test,Leaf Class (Sigmoid),13,hoverfly,0.848,0.792,0.819
38,Test,Leaf Class (Sigmoid),14,ladybug,0.9668,0.924,0.9449
38,Test,Leaf Class (Sigmoid),15,leaf_beetle,0.0101,0.0031,0.0047
38,Test,Leaf Class (Sigmoid),16,midge,0.9577,0.9912,0.9742
38,Test,Leaf Class (Sigmoid),17,moth,0.7772,0.8835,0.827
38,Test,Leaf Class (Sigmoid),18,robber_fly,0.8584,0.7817,0.8183
38,Test,Leaf Class (Sigmoid),19,spider,0.6424,0.8758,0.7412
38,Test,Leaf Class (Sigmoid),20,wasp,0.8592,0.8105,0.8342
38,Test,Leaf Class (Sigmoid),21,weevil,0.8301,0.7808,0.8047
39,Train,PF4,0,Arachnida,0.9255,0.9915,0.9574
39,Train,PF4,1,Insecta,0.9999,0.9993,0.9996
39,Train,PF3,0,Araneae,0.9742,0.98,0.9771
39,Train,PF3,1,Coleoptera,0.9865,0.988,0.9873
39,Train,PF3,2,Dermaptera,0.9486,0.9729,0.9606
39,Train,PF3,3,Diptera,0.9906,0.9874,0.989
39,Train,PF3,4,Hemiptera,0.9758,0.9323,0.9536
39,Train,PF3,5,Hymenoptera,0.9764,0.9735,0.975
39,Train,PF3,6,Lepidoptera,0.9781,0.9502,0.964
39,Train,PF3,7,Mecoptera,0.7725,0.2862,0.4177
39,Train,PF3,8,Neuroptera,0.9759,0.9943,0.985
39,Train,PF3,9,Orthoptera,0.8606,0.9907,0.9211
39,Train,PF3,10,Trichoptera,0.9973,0.9909,0.9941
39,Train,PF2,0,Apocrita,0.9879,0.9707,0.9792
39,Train,PF2,1,Arneomorphae,0.9851,0.9566,0.9706
39,Train,PF2,2,Brachycera,0.9889,0.9888,0.9889
39,Train,PF2,3,Forficulina,0.9563,0.9674,0.9618
39,Train,PF2,4,Glossata,0.9806,0.9259,0.9525
39,Train,PF2,5,Hemerobiiformia,0.9816,0.9918,0.9866
39,Train,PF2,6,Heteroptera,0.9817,0.938,0.9593
39,Train,PF2,7,Integripalpia,0.9969,0.9856,0.9912
39,Train,PF2,8,Nematocera,0.9953,0.9825,0.9889
39,Train,PF2,9,Polyphaga,0.9912,0.9857,0.9884
39,Train,PF2,10,Symphyta,0.9505,0.9675,0.959
39,Train,PF2,11,grasshopper,0.8042,0.9951,0.8896
39,Train,PF2,12,scorpion_fly,0.6149,0.0806,0.1425
39,Train,PF1,0,Aculeata,0.9819,0.9763,0.9791
39,Train,PF1,1,Araneomorphae,0.9805,0.9805,0.9805
39,Train,PF1,2,Asilomorpha,0.9857,0.9867,0.9862
39,Train,PF1,3,Bibionomorpha,0.9914,0.9882,0.9898
39,Train,PF1,4,Cucujiformia,0.9923,0.9889,0.9906
39,Train,PF1,5,Culicomorpha,0.9975,0.9886,0.993
39,Train,PF1,6,Epidermaptera,0.9706,0.9713,0.9709
39,Train,PF1,7,Heterocera,0.9888,0.9569,0.9725
39,Train,PF1,8,Muscomorpha,0.9848,0.9921,0.9885
39,Train,PF1,9,Parasitica,0.9641,0.9415,0.9527
39,Train,PF1,10,Pentatomomorpha,0.9881,0.9363,0.9615
39,Train,PF1,11,Plenitentoria,0.9932,0.9977,0.9955
39,Train,PF1,12,Rhopalocera,0.9813,0.9741,0.9777
39,Train,PF1,13,lacewing,0.9749,0.9956,0.9852
39,Train,PF1,14,saw_fly,0.9705,0.9663,0.9684
39,Train,Leaf Class (Softmax),0,Ichneumonoidea,0.9649,0.9509,0.9579
39,Train,Leaf Class (Softmax),1,Muscoidea,0.8297,0.801,0.8151
39,Train,Leaf Class (Softmax),2,ant,0.9848,0.9896,0.9872
39,Train,Leaf Class (Softmax),3,ant_beetle,0.9944,0.9925,0.9934
39,Train,Leaf Class (Softmax),4,bug,0.9739,0.9684,0.9712
39,Train,Leaf Class (Softmax),5,butterfly,0.9821,0.9765,0.9793
39,Train,Leaf Class (Softmax),6,caddisfly,0.9962,0.9962,0.9962
39,Train,Leaf Class (Softmax),7,dance_fly,0.9684,0.9625,0.9654
39,Train,Leaf Class (Softmax),8,earwig,0.9782,0.9752,0.9767
39,Train,Leaf Class (Softmax),9,fever_fly,0.9904,0.9893,0.9898
39,Train,Leaf Class (Softmax),10,flesh_fly,0.9597,0.9588,0.9592
39,Train,Leaf Class (Softmax),11,fly,0.7996,0.8277,0.8134
39,Train,Leaf Class (Softmax),12,fruit_fly,0.9837,0.9848,0.9843
39,Train,Leaf Class (Softmax),13,hoverfly,0.9769,0.9796,0.9782
39,Train,Leaf Class (Softmax),14,ladybug,0.99,0.9913,0.9907
39,Train,Leaf Class (Softmax),15,leaf_beetle,0.9921,0.993,0.9925
39,Train,Leaf Class (Softmax),16,midge,0.9948,0.9914,0.9931
39,Train,Leaf Class (Softmax),17,moth,0.9805,0.9801,0.9803
39,Train,Leaf Class (Softmax),18,robber_fly,0.9908,0.9894,0.9901
39,Train,Leaf Class (Softmax),19,spider,0.9768,0.9875,0.9821
39,Train,Leaf Class (Softmax),20,wasp,0.9216,0.8906,0.9059
39,Train,Leaf Class (Softmax),21,weevil,0.9904,0.9914,0.9909
39,Train,Leaf Class (Sigmoid),0,Ichneumonoidea,0.9467,0.96,0.9533
39,Train,Leaf Class (Sigmoid),1,Muscoidea,0.7422,0.8986,0.8129
39,Train,Leaf Class (Sigmoid),2,ant,0.9853,0.9872,0.9863
39,Train,Leaf Class (Sigmoid),3,ant_beetle,0.994,0.9888,0.9914
39,Train,Leaf Class (Sigmoid),4,bug,0.9847,0.9425,0.9631
39,Train,Leaf Class (Sigmoid),5,butterfly,0.9925,0.9612,0.9766
39,Train,Leaf Class (Sigmoid),6,caddisfly,0.9951,0.997,0.996
39,Train,Leaf Class (Sigmoid),7,dance_fly,0.9812,0.9438,0.9621
39,Train,Leaf Class (Sigmoid),8,earwig,0.9858,0.9667,0.9761
39,Train,Leaf Class (Sigmoid),9,fever_fly,0.991,0.9868,0.9889
39,Train,Leaf Class (Sigmoid),10,flesh_fly,0.9494,0.9643,0.9568
39,Train,Leaf Class (Sigmoid),11,fly,0.8735,0.6961,0.7748
39,Train,Leaf Class (Sigmoid),12,fruit_fly,0.9784,0.9872,0.9828
39,Train,Leaf Class (Sigmoid),13,hoverfly,0.9795,0.9786,0.9791
39,Train,Leaf Class (Sigmoid),14,ladybug,0.9838,0.9931,0.9884
39,Train,Leaf Class (Sigmoid),15,leaf_beetle,0.9873,0.9938,0.9905
39,Train,Leaf Class (Sigmoid),16,midge,0.9981,0.9869,0.9924
39,Train,Leaf Class (Sigmoid),17,moth,0.9924,0.9627,0.9773
39,Train,Leaf Class (Sigmoid),18,robber_fly,0.9867,0.9902,0.9885
39,Train,Leaf Class (Sigmoid),19,spider,0.9748,0.9835,0.9791
39,Train,Leaf Class (Sigmoid),20,wasp,0.9206,0.8725,0.8959
39,Train,Leaf Class (Sigmoid),21,weevil,0.9926,0.9873,0.9899
39,Test,PF4,0,Arachnida,0.5804,0.8746,0.6978
39,Test,PF4,1,Insecta,0.9971,0.9854,0.9912
39,Test,PF3,0,Araneae,0.5933,0.8746,0.707
39,Test,PF3,1,Coleoptera,0.8944,0.7989,0.844
39,Test,PF3,2,Dermaptera,0.5897,0.0224,0.0432
39,Test,PF3,3,Diptera,0.9106,0.9564,0.933
39,Test,PF3,4,Hemiptera,0.9123,0.7049,0.7953
39,Test,PF3,5,Hymenoptera,0.8447,0.8042,0.824
39,Test,PF3,6,Lepidoptera,0.8205,0.6683,0.7366
39,Test,PF3,7,Mecoptera,0.1915,0.1401,0.1618
39,Test,PF3,8,Neuroptera,0.8577,0.4795,0.6151
39,Test,PF3,9,Orthoptera,0.5754,0.9792,0.7248
39,Test,PF3,10,Trichoptera,0.9969,0.8297,0.9057
39,Test,PF2,0,Apocrita,0.8541,0.8159,0.8345
39,Test,PF2,1,Arneomorphae,0.6085,0.8728,0.7171
39,Test,PF2,2,Brachycera,0.8944,0.9508,0.9218
39,Test,PF2,3,Forficulina,0.6923,0.0263,0.0507
39,Test,PF2,4,Glossata,0.8311,0.6614,0.7366
39,Test,PF2,5,Hemerobiiformia,0.8929,0.4639,0.6105
39,Test,PF2,6,Heteroptera,0.928,0.7049,0.8012
39,Test,PF2,7,Integripalpia,0.9974,0.819,0.8994
39,Test,PF2,8,Nematocera,0.9509,0.9618,0.9563
39,Test,PF2,9,Polyphaga,0.9171,0.794,0.8511
39,Test,PF2,10,Symphyta,0.8488,0.7199,0.7791
39,Test,PF2,11,grasshopper,0.5256,0.9915,0.687
39,Test,PF2,12,scorpion_fly,0.1097,0.0337,0.0516
39,Test,PF1,0,Aculeata,0.8245,0.8825,0.8525
39,Test,PF1,1,Araneomorphae,0.6014,0.8728,0.7121
39,Test,PF1,2,Asilomorpha,0.8707,0.749,0.8053
39,Test,PF1,3,Bibionomorpha,0.9736,0.8875,0.9285
39,Test,PF1,4,Cucujiformia,0.9176,0.7987,0.854
39,Test,PF1,5,Culicomorpha,0.9185,0.992,0.9538
39,Test,PF1,6,Epidermaptera,0.625,0.0146,0.0286
39,Test,PF1,7,Heterocera,0.7813,0.6235,0.6935
39,Test,PF1,8,Muscomorpha,0.8317,0.9378,0.8816
39,Test,PF1,9,Parasitica,0.6224,0.6099,0.6161
39,Test,PF1,10,Pentatomomorpha,0.8968,0.7026,0.7879
39,Test,PF1,11,Plenitentoria,0.9954,0.9323,0.9628
39,Test,PF1,12,Rhopalocera,0.8195,0.935,0.8734
39,Test,PF1,13,lacewing,0.4799,0.6136,0.5386
39,Test,PF1,14,saw_fly,0.8438,0.7176,0.7756
39,Test,Leaf Class (Softmax),0,Ichneumonoidea,0.6318,0.6233,0.6275
39,Test,Leaf Class (Softmax),1,Muscoidea,0.3495,0.5788,0.4358
39,Test,Leaf Class (Softmax),2,ant,0.8286,0.9028,0.8641
39,Test,Leaf Class (Softmax),3,ant_beetle,0.8812,0.9372,0.9083
39,Test,Leaf Class (Softmax),4,bug,0.8968,0.7096,0.7923
39,Test,Leaf Class (Softmax),5,butterfly,0.8717,0.9369,0.9031
39,Test,Leaf Class (Softmax),6,caddisfly,0.9954,0.9328,0.9631
39,Test,Leaf Class (Softmax),7,dance_fly,0.8697,0.6209,0.7245
39,Test,Leaf Class (Softmax),8,earwig,0.4615,0.0058,0.0115
39,Test,Leaf Class (Softmax),9,fever_fly,0.9872,0.8705,0.9252
39,Test,Leaf Class (Softmax),10,flesh_fly,0.8204,0.6702,0.7378
39,Test,Leaf Class (Softmax),11,fly,0.4092,0.556,0.4714
39,Test,Leaf Class (Softmax),12,fruit_fly,0.7915,0.599,0.6819
39,Test,Leaf Class (Softmax),13,hoverfly,0.8676,0.8058,0.8355
39,Test,Leaf Class (Softmax),14,ladybug,0.8752,0.9558,0.9137
39,Test,Leaf Class (Softmax),15,leaf_beetle,0.029,0.0085,0.0131
39,Test,Leaf Class (Softmax),16,midge,0.9293,0.9898,0.9586
39,Test,Leaf Class (Softmax),17,moth,0.8643,0.651,0.7426
39,Test,Leaf Class (Softmax),18,robber_fly,0.7006,0.791,0.7431
39,Test,Leaf Class (Softmax),19,spider,0.5992,0.8728,0.7106
39,Test,Leaf Class (Softmax),20,wasp,0.8555,0.8515,0.8535
39,Test,Leaf Class (Softmax),21,weevil,0.8707,0.7425,0.8015
39,Test,Leaf Class (Sigmoid),0,Ichneumonoidea,0.7438,0.6054,0.6675
39,Test,Leaf Class (Sigmoid),1,Muscoidea,0.3841,0.424,0.4031
39,Test,Leaf Class (Sigmoid),2,ant,0.8135,0.914,0.8608
39,Test,Leaf Class (Sigmoid),3,ant_beetle,0.8934,0.9416,0.9169
39,Test,Leaf Class (Sigmoid),4,bug,0.8716,0.7111,0.7832
39,Test,Leaf Class (Sigmoid),5,butterfly,0.8732,0.936,0.9035
39,Test,Leaf Class (Sigmoid),6,caddisfly,0.9975,0.8651,0.9266
39,Test,Leaf Class (Sigmoid),7,dance_fly,0.8302,0.6636,0.7376
39,Test,Leaf Class (Sigmoid),8,earwig,0.6,0.0088,0.0173
39,Test,Leaf Class (Sigmoid),9,fever_fly,0.9774,0.8875,0.9303
39,Test,Leaf Class (Sigmoid),10,flesh_fly,0.8411,0.6458,0.7306
39,Test,Leaf Class (Sigmoid),11,fly,0.3617,0.7192,0.4813
39,Test,Leaf Class (Sigmoid),12,fruit_fly,0.8667,0.577,0.6928
39,Test,Leaf Class (Sigmoid),13,hoverfly,0.8553,0.811,0.8325
39,Test,Leaf Class (Sigmoid),14,ladybug,0.9272,0.9495,0.9382
39,Test,Leaf Class (Sigmoid),15,leaf_beetle,0.0294,0.0046,0.008
39,Test,Leaf Class (Sigmoid),16,midge,0.8915,0.9925,0.9393
39,Test,Leaf Class (Sigmoid),17,moth,0.8422,0.899,0.8696
39,Test,Leaf Class (Sigmoid),18,robber_fly,0.9014,0.779,0.8357
39,Test,Leaf Class (Sigmoid),19,spider,0.6007,0.871,0.711
39,Test,Leaf Class (Sigmoid),20,wasp,0.8446,0.8442,0.8444
39,Test,Leaf Class (Sigmoid),21,weevil,0.8462,0.7568,0.799
40,Train,PF4,0,Arachnida,0.9095,0.993,0.9494
40,Train,PF4,1,Insecta,0.9999,0.9991,0.9995
40,Train,PF3,0,Araneae,0.9713,0.979,0.9751
40,Train,PF3,1,Coleoptera,0.9869,0.9879,0.9874
40,Train,PF3,2,Dermaptera,0.9469,0.9674,0.9571
40,Train,PF3,3,Diptera,0.9905,0.9879,0.9892
40,Train,PF3,4,Hemiptera,0.9798,0.9318,0.9552
40,Train,PF3,5,Hymenoptera,0.9769,0.9736,0.9752
40,Train,PF3,6,Lepidoptera,0.9787,0.9502,0.9643
40,Train,PF3,7,Mecoptera,0.7801,0.2846,0.4171
40,Train,PF3,8,Neuroptera,0.9769,0.9943,0.9855
40,Train,PF3,9,Orthoptera,0.8608,0.991,0.9213
40,Train,PF3,10,Trichoptera,0.9958,0.9902,0.993
40,Train,PF2,0,Apocrita,0.9867,0.9736,0.9801
40,Train,PF2,1,Arneomorphae,0.9856,0.9556,0.9704
40,Train,PF2,2,Brachycera,0.9894,0.9891,0.9893
40,Train,PF2,3,Forficulina,0.9599,0.9643,0.9621
40,Train,PF2,4,Glossata,0.9816,0.927,0.9535
40,Train,PF2,5,Hemerobiiformia,0.9836,0.9921,0.9878
40,Train,PF2,6,Heteroptera,0.9858,0.9408,0.9628
40,Train,PF2,7,Integripalpia,0.9977,0.9852,0.9914
40,Train,PF2,8,Nematocera,0.993,0.9828,0.9878
40,Train,PF2,9,Polyphaga,0.9912,0.9853,0.9883
40,Train,PF2,10,Symphyta,0.9451,0.9642,0.9546
40,Train,PF2,11,grasshopper,0.8054,0.9957,0.8905
40,Train,PF2,12,scorpion_fly,0.5993,0.0725,0.1293
40,Train,PF1,0,Aculeata,0.9831,0.9777,0.9804
40,Train,PF1,1,Araneomorphae,0.9771,0.98,0.9786
40,Train,PF1,2,Asilomorpha,0.9872,0.9874,0.9873
40,Train,PF1,3,Bibionomorpha,0.9882,0.99,0.9891
40,Train,PF1,4,Cucujiformia,0.9932,0.9889,0.991
40,Train,PF1,5,Culicomorpha,0.9946,0.9899,0.9923
40,Train,PF1,6,Epidermaptera,0.9682,0.9674,0.9678
40,Train,PF1,7,Heterocera,0.99,0.961,0.9753
40,Train,PF1,8,Muscomorpha,0.9853,0.9922,0.9887
40,Train,PF1,9,Parasitica,0.9667,0.9456,0.956
40,Train,PF1,10,Pentatomomorpha,0.987,0.943,0.9645
40,Train,PF1,11,Plenitentoria,0.9955,0.9947,0.9951
40,Train,PF1,12,Rhopalocera,0.982,0.9701,0.976
40,Train,PF1,13,lacewing,0.9762,0.9968,0.9863
40,Train,PF1,14,saw_fly,0.9638,0.9596,0.9617
40,Train,Leaf Class (Softmax),0,Ichneumonoidea,0.9642,0.9542,0.9592
40,Train,Leaf Class (Softmax),1,Muscoidea,0.8305,0.8044,0.8173
40,Train,Leaf Class (Softmax),2,ant,0.9844,0.9902,0.9873
40,Train,Leaf Class (Softmax),3,ant_beetle,0.9921,0.9921,0.9921
40,Train,Leaf Class (Softmax),4,bug,0.9755,0.9645,0.9699
40,Train,Leaf Class (Softmax),5,butterfly,0.9845,0.9773,0.9809
40,Train,Leaf Class (Softmax),6,caddisfly,0.9973,0.9958,0.9966
40,Train,Leaf Class (Softmax),7,dance_fly,0.973,0.9665,0.9698
40,Train,Leaf Class (Softmax),8,earwig,0.9797,0.9744,0.9771
40,Train,Leaf Class (Softmax),9,fever_fly,0.9914,0.99,0.9907
40,Train,Leaf Class (Softmax),10,flesh_fly,0.9617,0.9584,0.9601
40,Train,Leaf Class (Softmax),11,fly,0.8029,0.8294,0.816
40,Train,Leaf Class (Softmax),12,fruit_fly,0.9846,0.9859,0.9853
40,Train,Leaf Class (Softmax),13,hoverfly,0.9795,0.9825,0.981
40,Train,Leaf Class (Softmax),14,ladybug,0.9895,0.9911,0.9903
40,Train,Leaf Class (Softmax),15,leaf_beetle,0.9937,0.9944,0.9941
40,Train,Leaf Class (Softmax),16,midge,0.9928,0.9922,0.9925
40,Train,Leaf Class (Softmax),17,moth,0.9822,0.9815,0.9819
40,Train,Leaf Class (Softmax),18,robber_fly,0.992,0.9902,0.9911
40,Train,Leaf Class (Softmax),19,spider,0.9758,0.9855,0.9806
40,Train,Leaf Class (Softmax),20,wasp,0.9347,0.9028,0.9185
40,Train,Leaf Class (Softmax),21,weevil,0.9929,0.9924,0.9927
40,Train,Leaf Class (Sigmoid),0,Ichneumonoidea,0.9412,0.9645,0.9527
40,Train,Leaf Class (Sigmoid),1,Muscoidea,0.7459,0.8991,0.8154
40,Train,Leaf Class (Sigmoid),2,ant,0.986,0.9879,0.9869
40,Train,Leaf Class (Sigmoid),3,ant_beetle,0.9914,0.9903,0.9908
40,Train,Leaf Class (Sigmoid),4,bug,0.9893,0.943,0.9656
40,Train,Leaf Class (Sigmoid),5,butterfly,0.9917,0.9668,0.9791
40,Train,Leaf Class (Sigmoid),6,caddisfly,0.997,0.9962,0.9966
40,Train,Leaf Class (Sigmoid),7,dance_fly,0.9826,0.9444,0.9631
40,Train,Leaf Class (Sigmoid),8,earwig,0.9849,0.9628,0.9737
40,Train,Leaf Class (Sigmoid),9,fever_fly,0.9939,0.9868,0.9903
40,Train,Leaf Class (Sigmoid),10,flesh_fly,0.9491,0.9645,0.9568
40,Train,Leaf Class (Sigmoid),11,fly,0.8726,0.6974,0.7753
40,Train,Leaf Class (Sigmoid),12,fruit_fly,0.9789,0.9886,0.9837
40,Train,Leaf Class (Sigmoid),13,hoverfly,0.9801,0.9809,0.9805
40,Train,Leaf Class (Sigmoid),14,ladybug,0.9842,0.9931,0.9886
40,Train,Leaf Class (Sigmoid),15,leaf_beetle,0.991,0.9955,0.9932
40,Train,Leaf Class (Sigmoid),16,midge,0.9962,0.9876,0.9919
40,Train,Leaf Class (Sigmoid),17,moth,0.9918,0.9669,0.9792
40,Train,Leaf Class (Sigmoid),18,robber_fly,0.9892,0.9908,0.99
40,Train,Leaf Class (Sigmoid),19,spider,0.9757,0.9835,0.9796
40,Train,Leaf Class (Sigmoid),20,wasp,0.9371,0.878,0.9066
40,Train,Leaf Class (Sigmoid),21,weevil,0.9944,0.9893,0.9919
40,Test,PF4,0,Arachnida,0.6101,0.8758,0.7192
40,Test,PF4,1,Insecta,0.9971,0.987,0.992
40,Test,PF3,0,Araneae,0.6561,0.8746,0.7497
40,Test,PF3,1,Coleoptera,0.8737,0.8131,0.8423
40,Test,PF3,2,Dermaptera,0.9426,0.192,0.319
40,Test,PF3,3,Diptera,0.8872,0.9639,0.924
40,Test,PF3,4,Hemiptera,0.9542,0.7065,0.8119
40,Test,PF3,5,Hymenoptera,0.9004,0.736,0.8099
40,Test,PF3,6,Lepidoptera,0.7807,0.606,0.6824
40,Test,PF3,7,Mecoptera,0.2481,0.1699,0.2017
40,Test,PF3,8,Neuroptera,0.7423,0.5018,0.5988
40,Test,PF3,9,Orthoptera,0.6379,0.9712,0.7701
40,Test,PF3,10,Trichoptera,0.9978,0.9672,0.9823
40,Test,PF2,0,Apocrita,0.913,0.7571,0.8278
40,Test,PF2,1,Arneomorphae,0.682,0.8704,0.7648
40,Test,PF2,2,Brachycera,0.8673,0.9599,0.9112
40,Test,PF2,3,Forficulina,0.9323,0.1745,0.2939
40,Test,PF2,4,Glossata,0.7919,0.6343,0.7044
40,Test,PF2,5,Hemerobiiformia,0.8869,0.4732,0.6172
40,Test,PF2,6,Heteroptera,0.9457,0.6972,0.8027
40,Test,PF2,7,Integripalpia,0.9995,0.9,0.9472
40,Test,PF2,8,Nematocera,0.9574,0.9416,0.9494
40,Test,PF2,9,Polyphaga,0.9062,0.8102,0.8555
40,Test,PF2,10,Symphyta,0.8852,0.7331,0.802
40,Test,PF2,11,grasshopper,0.5756,0.9808,0.7255
40,Test,PF2,12,scorpion_fly,0.2466,0.0934,0.1355
40,Test,PF1,0,Aculeata,0.9073,0.8032,0.8521
40,Test,PF1,1,Araneomorphae,0.6653,0.8716,0.7546
40,Test,PF1,2,Asilomorpha,0.7894,0.6867,0.7345
40,Test,PF1,3,Bibionomorpha,0.9983,0.8224,0.9018
40,Test,PF1,4,Cucujiformia,0.9015,0.8101,0.8534
40,Test,PF1,5,Culicomorpha,0.9443,0.9925,0.9678
40,Test,PF1,6,Epidermaptera,0.9432,0.1618,0.2762
40,Test,PF1,7,Heterocera,0.8019,0.5982,0.6853
40,Test,PF1,8,Muscomorpha,0.7919,0.9412,0.8601
40,Test,PF1,9,Parasitica,0.6617,0.5964,0.6274
40,Test,PF1,10,Pentatomomorpha,0.9328,0.6949,0.7965
40,Test,PF1,11,Plenitentoria,0.9947,0.9694,0.9819
40,Test,PF1,12,Rhopalocera,0.6173,0.9153,0.7373
40,Test,PF1,13,lacewing,0.5537,0.6386,0.5931
40,Test,PF1,14,saw_fly,0.8746,0.7308,0.7963
40,Test,Leaf Class (Softmax),0,Ichneumonoidea,0.6384,0.6256,0.6319
40,Test,Leaf Class (Softmax),1,Muscoidea,0.3549,0.5858,0.442
40,Test,Leaf Class (Softmax),2,ant,0.8932,0.7837,0.8349
40,Test,Leaf Class (Softmax),3,ant_beetle,0.9059,0.9246,0.9151
40,Test,Leaf Class (Softmax),4,bug,0.944,0.7011,0.8046
40,Test,Leaf Class (Softmax),5,butterfly,0.6715,0.9143,0.7743
40,Test,Leaf Class (Softmax),6,caddisfly,0.9938,0.9668,0.9801
40,Test,Leaf Class (Softmax),7,dance_fly,0.7712,0.6583,0.7103
40,Test,Leaf Class (Softmax),8,earwig,0.9529,0.0789,0.1458
40,Test,Leaf Class (Softmax),9,fever_fly,0.9982,0.7841,0.8783
40,Test,Leaf Class (Softmax),10,flesh_fly,0.6317,0.8382,0.7205
40,Test,Leaf Class (Softmax),11,fly,0.4155,0.4988,0.4533
40,Test,Leaf Class (Softmax),12,fruit_fly,0.8142,0.6025,0.6925
40,Test,Leaf Class (Softmax),13,hoverfly,0.8481,0.8098,0.8285
40,Test,Leaf Class (Softmax),14,ladybug,0.9199,0.942,0.9308
40,Test,Leaf Class (Softmax),15,leaf_beetle,0.0426,0.0131,0.02
40,Test,Leaf Class (Softmax),16,midge,0.9472,0.9908,0.9685
40,Test,Leaf Class (Softmax),17,moth,0.8427,0.6815,0.7536
40,Test,Leaf Class (Softmax),18,robber_fly,0.6775,0.6752,0.6763
40,Test,Leaf Class (Softmax),19,spider,0.6996,0.8674,0.7745
40,Test,Leaf Class (Softmax),20,wasp,0.8537,0.8207,0.8369
40,Test,Leaf Class (Softmax),21,weevil,0.8534,0.754,0.8006
40,Test,Leaf Class (Sigmoid),0,Ichneumonoidea,0.72,0.6054,0.6577
40,Test,Leaf Class (Sigmoid),1,Muscoidea,0.4076,0.3888,0.398
40,Test,Leaf Class (Sigmoid),2,ant,0.9016,0.804,0.85
40,Test,Leaf Class (Sigmoid),3,ant_beetle,0.9223,0.9209,0.9216
40,Test,Leaf Class (Sigmoid),4,bug,0.8756,0.7049,0.781
40,Test,Leaf Class (Sigmoid),5,butterfly,0.6884,0.9379,0.794
40,Test,Leaf Class (Sigmoid),6,caddisfly,0.9969,0.9603,0.9783
40,Test,Leaf Class (Sigmoid),7,dance_fly,0.72,0.6552,0.6861
40,Test,Leaf Class (Sigmoid),8,earwig,0.9444,0.116,0.2066
40,Test,Leaf Class (Sigmoid),9,fever_fly,0.9991,0.8018,0.8897
40,Test,Leaf Class (Sigmoid),10,flesh_fly,0.6698,0.8298,0.7413
40,Test,Leaf Class (Sigmoid),11,fly,0.3801,0.7183,0.4971
40,Test,Leaf Class (Sigmoid),12,fruit_fly,0.8584,0.5955,0.7032
40,Test,Leaf Class (Sigmoid),13,hoverfly,0.8247,0.8102,0.8174
40,Test,Leaf Class (Sigmoid),14,ladybug,0.9518,0.9328,0.9422
40,Test,Leaf Class (Sigmoid),15,leaf_beetle,0.051,0.0138,0.0218
40,Test,Leaf Class (Sigmoid),16,midge,0.9394,0.9928,0.9654
40,Test,Leaf Class (Sigmoid),17,moth,0.8267,0.8015,0.8139
40,Test,Leaf Class (Sigmoid),18,robber_fly,0.7625,0.6615,0.7084
40,Test,Leaf Class (Sigmoid),19,spider,0.6613,0.8704,0.7516
40,Test,Leaf Class (Sigmoid),20,wasp,0.898,0.8239,0.8593
40,Test,Leaf Class (Sigmoid),21,weevil,0.8036,0.7735,0.7883
41,Train,PF4,0,Arachnida,0.9255,0.9925,0.9579
41,Train,PF4,1,Insecta,0.9999,0.9993,0.9996
41,Train,PF3,0,Araneae,0.9791,0.98,0.9796
41,Train,PF3,1,Coleoptera,0.9876,0.9883,0.9879
41,Train,PF3,2,Dermaptera,0.9421,0.9721,0.9569
41,Train,PF3,3,Diptera,0.9904,0.9881,0.9893
41,Train,PF3,4,Hemiptera,0.9775,0.9329,0.9547
41,Train,PF3,5,Hymenoptera,0.9765,0.9738,0.9752
41,Train,PF3,6,Lepidoptera,0.9804,0.9517,0.9658
41,Train,PF3,7,Mecoptera,0.7798,0.2928,0.4257
41,Train,PF3,8,Neuroptera,0.98,0.9947,0.9873
41,Train,PF3,9,Orthoptera,0.8628,0.9916,0.9227
41,Train,PF3,10,Trichoptera,0.9954,0.9894,0.9924
41,Train,PF2,0,Apocrita,0.9861,0.9721,0.979
41,Train,PF2,1,Arneomorphae,0.9897,0.9586,0.9739
41,Train,PF2,2,Brachycera,0.989,0.9889,0.9889
41,Train,PF2,3,Forficulina,0.9511,0.9651,0.9581
41,Train,PF2,4,Glossata,0.9833,0.927,0.9543
41,Train,PF2,5,Hemerobiiformia,0.9845,0.9927,0.9886
41,Train,PF2,6,Heteroptera,0.9795,0.9413,0.96
41,Train,PF2,7,Integripalpia,0.9962,0.9864,0.9913
41,Train,PF2,8,Nematocera,0.9935,0.9824,0.9879
41,Train,PF2,9,Polyphaga,0.9912,0.9854,0.9883
41,Train,PF2,10,Symphyta,0.9512,0.9657,0.9584
41,Train,PF2,11,grasshopper,0.8052,0.9955,0.8903
41,Train,PF2,12,scorpion_fly,0.5806,0.0733,0.1302
41,Train,PF1,0,Aculeata,0.9839,0.9781,0.981
41,Train,PF1,1,Araneomorphae,0.981,0.9815,0.9813
41,Train,PF1,2,Asilomorpha,0.987,0.9871,0.9871
41,Train,PF1,3,Bibionomorpha,0.9907,0.9907,0.9907
41,Train,PF1,4,Cucujiformia,0.9929,0.9891,0.991
41,Train,PF1,5,Culicomorpha,0.9967,0.9874,0.9921
41,Train,PF1,6,Epidermaptera,0.9668,0.9698,0.9683
41,Train,PF1,7,Heterocera,0.9892,0.9585,0.9736
41,Train,PF1,8,Muscomorpha,0.985,0.9927,0.9888
41,Train,PF1,9,Parasitica,0.9684,0.9489,0.9586
41,Train,PF1,10,Pentatomomorpha,0.9876,0.9413,0.9639
41,Train,PF1,11,Plenitentoria,0.997,0.9955,0.9962
41,Train,PF1,12,Rhopalocera,0.9797,0.9741,0.9769
41,Train,PF1,13,lacewing,0.9775,0.9961,0.9867
41,Train,PF1,14,saw_fly,0.9676,0.9619,0.9647
41,Train,Leaf Class (Softmax),0,Ichneumonoidea,0.9655,0.9588,0.9622
41,Train,Leaf Class (Softmax),1,Muscoidea,0.8331,0.8044,0.8185
41,Train,Leaf Class (Softmax),2,ant,0.9866,0.9904,0.9885
41,Train,Leaf Class (Softmax),3,ant_beetle,0.9914,0.9903,0.9908
41,Train,Leaf Class (Softmax),4,bug,0.9722,0.9673,0.9697
41,Train,Leaf Class (Softmax),5,butterfly,0.9845,0.9757,0.9801
41,Train,Leaf Class (Softmax),6,caddisfly,0.9977,0.9955,0.9966
41,Train,Leaf Class (Softmax),7,dance_fly,0.9777,0.9699,0.9738
41,Train,Leaf Class (Softmax),8,earwig,0.9798,0.976,0.9779
41,Train,Leaf Class (Softmax),9,fever_fly,0.9925,0.9907,0.9916
41,Train,Leaf Class (Softmax),10,flesh_fly,0.9617,0.9609,0.9613
41,Train,Leaf Class (Softmax),11,fly,0.802,0.8294,0.8155
41,Train,Leaf Class (Softmax),12,fruit_fly,0.983,0.9858,0.9844
41,Train,Leaf Class (Softmax),13,hoverfly,0.9788,0.9817,0.9802
41,Train,Leaf Class (Softmax),14,ladybug,0.9898,0.9904,0.9901
41,Train,Leaf Class (Softmax),15,leaf_beetle,0.9926,0.994,0.9933
41,Train,Leaf Class (Softmax),16,midge,0.9941,0.9905,0.9923
41,Train,Leaf Class (Softmax),17,moth,0.9827,0.9819,0.9823
41,Train,Leaf Class (Softmax),18,robber_fly,0.9903,0.9895,0.9899
41,Train,Leaf Class (Softmax),19,spider,0.9797,0.9895,0.9846
41,Train,Leaf Class (Softmax),20,wasp,0.93,0.8995,0.9145
41,Train,Leaf Class (Softmax),21,weevil,0.9919,0.9922,0.992
41,Train,Leaf Class (Sigmoid),0,Ichneumonoidea,0.949,0.9674,0.9582
41,Train,Leaf Class (Sigmoid),1,Muscoidea,0.7447,0.8996,0.8148
41,Train,Leaf Class (Sigmoid),2,ant,0.9867,0.9881,0.9874
41,Train,Leaf Class (Sigmoid),3,ant_beetle,0.9918,0.991,0.9914
41,Train,Leaf Class (Sigmoid),4,bug,0.9848,0.947,0.9655
41,Train,Leaf Class (Sigmoid),5,butterfly,0.99,0.9604,0.9749
41,Train,Leaf Class (Sigmoid),6,caddisfly,0.9962,0.9947,0.9955
41,Train,Leaf Class (Sigmoid),7,dance_fly,0.9827,0.9505,0.9663
41,Train,Leaf Class (Sigmoid),8,earwig,0.9866,0.9667,0.9765
41,Train,Leaf Class (Sigmoid),9,fever_fly,0.9935,0.9879,0.9907
41,Train,Leaf Class (Sigmoid),10,flesh_fly,0.9514,0.9654,0.9584
41,Train,Leaf Class (Sigmoid),11,fly,0.873,0.6975,0.7754
41,Train,Leaf Class (Sigmoid),12,fruit_fly,0.9782,0.9879,0.983
41,Train,Leaf Class (Sigmoid),13,hoverfly,0.9806,0.9793,0.98
41,Train,Leaf Class (Sigmoid),14,ladybug,0.9825,0.9915,0.987
41,Train,Leaf Class (Sigmoid),15,leaf_beetle,0.9886,0.9939,0.9913
41,Train,Leaf Class (Sigmoid),16,midge,0.9979,0.9871,0.9924
41,Train,Leaf Class (Sigmoid),17,moth,0.9928,0.9657,0.9791
41,Train,Leaf Class (Sigmoid),18,robber_fly,0.987,0.9908,0.9889
41,Train,Leaf Class (Sigmoid),19,spider,0.9811,0.983,0.9821
41,Train,Leaf Class (Sigmoid),20,wasp,0.9324,0.8814,0.9061
41,Train,Leaf Class (Sigmoid),21,weevil,0.9938,0.9878,0.9908
41,Test,PF4,0,Arachnida,0.6075,0.8746,0.717
41,Test,PF4,1,Insecta,0.9971,0.9869,0.992
41,Test,PF3,0,Araneae,0.6222,0.868,0.7248
41,Test,PF3,1,Coleoptera,0.88,0.7981,0.837
41,Test,PF3,2,Dermaptera,0.7486,0.1277,0.2182
41,Test,PF3,3,Diptera,0.9316,0.9424,0.937
41,Test,PF3,4,Hemiptera,0.8329,0.7103,0.7667
41,Test,PF3,5,Hymenoptera,0.7674,0.806,0.7862
41,Test,PF3,6,Lepidoptera,0.7534,0.6693,0.7089
41,Test,PF3,7,Mecoptera,0.2074,0.1595,0.1804
41,Test,PF3,8,Neuroptera,0.9263,0.5231,0.6687
41,Test,PF3,9,Orthoptera,0.5971,0.961,0.7365
41,Test,PF3,10,Trichoptera,0.9952,0.9013,0.9459
41,Test,PF2,0,Apocrita,0.7996,0.821,0.8102
41,Test,PF2,1,Arneomorphae,0.6385,0.8686,0.736
41,Test,PF2,2,Brachycera,0.9167,0.937,0.9267
41,Test,PF2,3,Forficulina,0.7722,0.1355,0.2305
41,Test,PF2,4,Glossata,0.7544,0.6209,0.6812
41,Test,PF2,5,Hemerobiiformia,0.9365,0.5294,0.6764
41,Test,PF2,6,Heteroptera,0.8442,0.7057,0.7688
41,Test,PF2,7,Integripalpia,0.9956,0.8845,0.9368
41,Test,PF2,8,Nematocera,0.9422,0.966,0.9539
41,Test,PF2,9,Polyphaga,0.9162,0.796,0.8519
41,Test,PF2,10,Symphyta,0.7716,0.689,0.728
41,Test,PF2,11,grasshopper,0.5349,0.9745,0.6906
41,Test,PF2,12,scorpion_fly,0.07,0.0493,0.0578
41,Test,PF1,0,Aculeata,0.7852,0.8966,0.8372
41,Test,PF1,1,Araneomorphae,0.6289,0.8686,0.7296
41,Test,PF1,2,Asilomorpha,0.8794,0.7893,0.8319
41,Test,PF1,3,Bibionomorpha,0.9946,0.9052,0.9478
41,Test,PF1,4,Cucujiformia,0.8958,0.7939,0.8418
41,Test,PF1,5,Culicomorpha,0.9276,0.9898,0.9577
41,Test,PF1,6,Epidermaptera,0.8121,0.1179,0.206
41,Test,PF1,7,Heterocera,0.6761,0.511,0.5821
41,Test,PF1,8,Muscomorpha,0.85,0.9274,0.887
41,Test,PF1,9,Parasitica,0.817,0.5807,0.6789
41,Test,PF1,10,Pentatomomorpha,0.8014,0.7057,0.7505
41,Test,PF1,11,Plenitentoria,0.9878,0.975,0.9813
41,Test,PF1,12,Rhopalocera,0.7453,0.9399,0.8314
41,Test,PF1,13,lacewing,0.4909,0.5881,0.5351
41,Test,PF1,14,saw_fly,0.7775,0.6844,0.728
41,Test,Leaf Class (Softmax),0,Ichneumonoidea,0.6525,0.5852,0.617
41,Test,Leaf Class (Softmax),1,Muscoidea,0.3689,0.606,0.4586
41,Test,Leaf Class (Softmax),2,ant,0.7925,0.934,0.8575
41,Test,Leaf Class (Softmax),3,ant_beetle,0.8965,0.915,0.9056
41,Test,Leaf Class (Softmax),4,bug,0.8286,0.7227,0.772
41,Test,Leaf Class (Softmax),5,butterfly,0.7756,0.9163,0.8401
41,Test,Leaf Class (Softmax),6,caddisfly,0.9916,0.9685,0.9799
41,Test,Leaf Class (Softmax),7,dance_fly,0.8833,0.6522,0.7503
41,Test,Leaf Class (Softmax),8,earwig,0.8554,0.0692,0.128
41,Test,Leaf Class (Softmax),9,fever_fly,0.9953,0.8995,0.945
41,Test,Leaf Class (Softmax),10,flesh_fly,0.8238,0.7362,0.7776
41,Test,Leaf Class (Softmax),11,fly,0.4321,0.4768,0.4533
41,Test,Leaf Class (Softmax),12,fruit_fly,0.8166,0.621,0.7055
41,Test,Leaf Class (Softmax),13,hoverfly,0.8961,0.796,0.8431
41,Test,Leaf Class (Softmax),14,ladybug,0.8216,0.9588,0.8849
41,Test,Leaf Class (Softmax),15,leaf_beetle,0.0482,0.0123,0.0196
41,Test,Leaf Class (Softmax),16,midge,0.9517,0.9892,0.9701
41,Test,Leaf Class (Softmax),17,moth,0.7521,0.531,0.6225
41,Test,Leaf Class (Softmax),18,robber_fly,0.6622,0.8302,0.7368
41,Test,Leaf Class (Softmax),19,spider,0.6226,0.8692,0.7255
41,Test,Leaf Class (Softmax),20,wasp,0.8853,0.8363,0.8601
41,Test,Leaf Class (Softmax),21,weevil,0.876,0.7398,0.8021
41,Test,Leaf Class (Sigmoid),0,Ichneumonoidea,0.7471,0.583,0.6549
41,Test,Leaf Class (Sigmoid),1,Muscoidea,0.4116,0.5038,0.453
41,Test,Leaf Class (Sigmoid),2,ant,0.7477,0.9395,0.8327
41,Test,Leaf Class (Sigmoid),3,ant_beetle,0.9142,0.9209,0.9175
41,Test,Leaf Class (Sigmoid),4,bug,0.7611,0.7242,0.7422
41,Test,Leaf Class (Sigmoid),5,butterfly,0.7766,0.9281,0.8456
41,Test,Leaf Class (Sigmoid),6,caddisfly,0.996,0.972,0.9839
41,Test,Leaf Class (Sigmoid),7,dance_fly,0.839,0.672,0.7463
41,Test,Leaf Class (Sigmoid),8,earwig,0.789,0.0838,0.1515
41,Test,Leaf Class (Sigmoid),9,fever_fly,0.993,0.9073,0.9482
41,Test,Leaf Class (Sigmoid),10,flesh_fly,0.88,0.7298,0.7979
41,Test,Leaf Class (Sigmoid),11,fly,0.4146,0.5918,0.4876
41,Test,Leaf Class (Sigmoid),12,fruit_fly,0.8656,0.6052,0.7124
41,Test,Leaf Class (Sigmoid),13,hoverfly,0.8407,0.7968,0.8181
41,Test,Leaf Class (Sigmoid),14,ladybug,0.9448,0.9492,0.947
41,Test,Leaf Class (Sigmoid),15,leaf_beetle,0.0325,0.0069,0.0114
41,Test,Leaf Class (Sigmoid),16,midge,0.9395,0.9978,0.9677
41,Test,Leaf Class (Sigmoid),17,moth,0.7439,0.6812,0.7112
41,Test,Leaf Class (Sigmoid),18,robber_fly,0.7053,0.8252,0.7606
41,Test,Leaf Class (Sigmoid),19,spider,0.6191,0.8674,0.7225
41,Test,Leaf Class (Sigmoid),20,wasp,0.842,0.8303,0.8361
41,Test,Leaf Class (Sigmoid),21,weevil,0.8534,0.7585,0.8032
42,Train,PF4,0,Arachnida,0.9331,0.995,0.9631
42,Train,PF4,1,Insecta,1.0,0.9994,0.9997
42,Train,PF3,0,Araneae,0.9752,0.9815,0.9784
42,Train,PF3,1,Coleoptera,0.9887,0.9889,0.9888
42,Train,PF3,2,Dermaptera,0.9439,0.9659,0.9548
42,Train,PF3,3,Diptera,0.9908,0.9877,0.9892
42,Train,PF3,4,Hemiptera,0.9801,0.9436,0.9615
42,Train,PF3,5,Hymenoptera,0.9776,0.9758,0.9767
42,Train,PF3,6,Lepidoptera,0.9793,0.9519,0.9654
42,Train,PF3,7,Mecoptera,0.7744,0.2976,0.43
42,Train,PF3,8,Neuroptera,0.9772,0.9941,0.9856
42,Train,PF3,9,Orthoptera,0.8623,0.9916,0.9225
42,Train,PF3,10,Trichoptera,0.9962,0.9875,0.9918
42,Train,PF2,0,Apocrita,0.9871,0.9733,0.9802
42,Train,PF2,1,Arneomorphae,0.9861,0.9546,0.9701
42,Train,PF2,2,Brachycera,0.9892,0.9892,0.9892
42,Train,PF2,3,Forficulina,0.9569,0.9628,0.9598
42,Train,PF2,4,Glossata,0.9832,0.9301,0.9559
42,Train,PF2,5,Hemerobiiformia,0.9846,0.9919,0.9882
42,Train,PF2,6,Heteroptera,0.9824,0.9453,0.9635
42,Train,PF2,7,Integripalpia,0.9977,0.9833,0.9905
42,Train,PF2,8,Nematocera,0.9948,0.9792,0.9869
42,Train,PF2,9,Polyphaga,0.9921,0.9862,0.9891
42,Train,PF2,10,Symphyta,0.9531,0.9668,0.9599
42,Train,PF2,11,grasshopper,0.8019,0.995,0.8881
42,Train,PF2,12,scorpion_fly,0.5534,0.059,0.1067
42,Train,PF1,0,Aculeata,0.9847,0.9781,0.9814
42,Train,PF1,1,Araneomorphae,0.9826,0.9835,0.983
42,Train,PF1,2,Asilomorpha,0.9881,0.988,0.988
42,Train,PF1,3,Bibionomorpha,0.9893,0.9879,0.9886
42,Train,PF1,4,Cucujiformia,0.9934,0.9892,0.9913
42,Train,PF1,5,Culicomorpha,0.9964,0.9886,0.9925
42,Train,PF1,6,Epidermaptera,0.9624,0.9713,0.9668
42,Train,PF1,7,Heterocera,0.9908,0.9603,0.9753
42,Train,PF1,8,Muscomorpha,0.9851,0.9929,0.989
42,Train,PF1,9,Parasitica,0.9709,0.9501,0.9604
42,Train,PF1,10,Pentatomomorpha,0.9876,0.943,0.9648
42,Train,PF1,11,Plenitentoria,0.9958,0.9958,0.9958
42,Train,PF1,12,Rhopalocera,0.9806,0.9838,0.9822
42,Train,PF1,13,lacewing,0.9778,0.996,0.9868
42,Train,PF1,14,saw_fly,0.9725,0.967,0.9698
42,Train,Leaf Class (Softmax),0,Ichneumonoidea,0.9672,0.9592,0.9632
42,Train,Leaf Class (Softmax),1,Muscoidea,0.8331,0.8094,0.8211
42,Train,Leaf Class (Softmax),2,ant,0.9862,0.9904,0.9883
42,Train,Leaf Class (Softmax),3,ant_beetle,0.9944,0.9925,0.9934
42,Train,Leaf Class (Softmax),4,bug,0.9705,0.9633,0.9669
42,Train,Leaf Class (Softmax),5,butterfly,0.9878,0.9846,0.9862
42,Train,Leaf Class (Softmax),6,caddisfly,0.9981,0.997,0.9975
42,Train,Leaf Class (Softmax),7,dance_fly,0.9743,0.9639,0.969
42,Train,Leaf Class (Softmax),8,earwig,0.9781,0.9698,0.9739
42,Train,Leaf Class (Softmax),9,fever_fly,0.9889,0.9889,0.9889
42,Train,Leaf Class (Softmax),10,flesh_fly,0.9613,0.9623,0.9618
42,Train,Leaf Class (Softmax),11,fly,0.8085,0.8326,0.8203
42,Train,Leaf Class (Softmax),12,fruit_fly,0.9837,0.9856,0.9846
42,Train,Leaf Class (Softmax),13,hoverfly,0.9815,0.984,0.9827
42,Train,Leaf Class (Softmax),14,ladybug,0.9911,0.9903,0.9907
42,Train,Leaf Class (Softmax),15,leaf_beetle,0.9929,0.9942,0.9936
42,Train,Leaf Class (Softmax),16,midge,0.9939,0.9914,0.9927
42,Train,Leaf Class (Softmax),17,moth,0.983,0.982,0.9825
42,Train,Leaf Class (Softmax),18,robber_fly,0.9932,0.9905,0.9919
42,Train,Leaf Class (Softmax),19,spider,0.9827,0.9915,0.9871
42,Train,Leaf Class (Softmax),20,wasp,0.9294,0.9079,0.9185
42,Train,Leaf Class (Softmax),21,weevil,0.9923,0.9923,0.9923
42,Train,Leaf Class (Sigmoid),0,Ichneumonoidea,0.9575,0.9654,0.9614
42,Train,Leaf Class (Sigmoid),1,Muscoidea,0.7462,0.9011,0.8163
42,Train,Leaf Class (Sigmoid),2,ant,0.9874,0.9884,0.9879
42,Train,Leaf Class (Sigmoid),3,ant_beetle,0.9951,0.9914,0.9932
42,Train,Leaf Class (Sigmoid),4,bug,0.9842,0.9487,0.9661
42,Train,Leaf Class (Sigmoid),5,butterfly,0.9918,0.9749,0.9833
42,Train,Leaf Class (Sigmoid),6,caddisfly,0.9947,0.9951,0.9949
42,Train,Leaf Class (Sigmoid),7,dance_fly,0.982,0.9485,0.9649
42,Train,Leaf Class (Sigmoid),8,earwig,0.981,0.9612,0.971
42,Train,Leaf Class (Sigmoid),9,fever_fly,0.9899,0.9836,0.9868
42,Train,Leaf Class (Sigmoid),10,flesh_fly,0.9518,0.9668,0.9592
42,Train,Leaf Class (Sigmoid),11,fly,0.8776,0.7041,0.7813
42,Train,Leaf Class (Sigmoid),12,fruit_fly,0.9775,0.9881,0.9827
42,Train,Leaf Class (Sigmoid),13,hoverfly,0.9824,0.9824,0.9824
42,Train,Leaf Class (Sigmoid),14,ladybug,0.9849,0.9922,0.9885
42,Train,Leaf Class (Sigmoid),15,leaf_beetle,0.9866,0.994,0.9903
42,Train,Leaf Class (Sigmoid),16,midge,0.9979,0.9886,0.9932
42,Train,Leaf Class (Sigmoid),17,moth,0.9931,0.9647,0.9787
42,Train,Leaf Class (Sigmoid),18,robber_fly,0.9901,0.9907,0.9904
42,Train,Leaf Class (Sigmoid),19,spider,0.9797,0.9855,0.9826
42,Train,Leaf Class (Sigmoid),20,wasp,0.9456,0.8847,0.9141
42,Train,Leaf Class (Sigmoid),21,weevil,0.9948,0.9892,0.992
42,Test,PF4,0,Arachnida,0.6182,0.8758,0.7248
42,Test,PF4,1,Insecta,0.9971,0.9875,0.9923
42,Test,PF3,0,Araneae,0.6424,0.8728,0.7401
42,Test,PF3,1,Coleoptera,0.9312,0.7738,0.8452
42,Test,PF3,2,Dermaptera,0.821,0.1296,0.2239
42,Test,PF3,3,Diptera,0.9003,0.9376,0.9185
42,Test,PF3,4,Hemiptera,0.9523,0.708,0.8122
42,Test,PF3,5,Hymenoptera,0.7235,0.8473,0.7805
42,Test,PF3,6,Lepidoptera,0.6809,0.4908,0.5704
42,Test,PF3,7,Mecoptera,0.2343,0.1595,0.1898
42,Test,PF3,8,Neuroptera,0.6662,0.4899,0.5646
42,Test,PF3,9,Orthoptera,0.6017,0.9538,0.7379
42,Test,PF3,10,Trichoptera,1.0,0.8159,0.8986
42,Test,PF2,0,Apocrita,0.7371,0.8633,0.7952
42,Test,PF2,1,Arneomorphae,0.682,0.8728,0.7657
42,Test,PF2,2,Brachycera,0.8796,0.9343,0.9061
42,Test,PF2,3,Forficulina,0.8415,0.1501,0.2548
42,Test,PF2,4,Glossata,0.7012,0.4824,0.5715
42,Test,PF2,5,Hemerobiiformia,0.8388,0.4545,0.5895
42,Test,PF2,6,Heteroptera,0.9492,0.7049,0.809
42,Test,PF2,7,Integripalpia,1.0,0.8138,0.8973
42,Test,PF2,8,Nematocera,0.9562,0.9553,0.9557
42,Test,PF2,9,Polyphaga,0.949,0.7739,0.8525
42,Test,PF2,10,Symphyta,0.8273,0.7245,0.7725
42,Test,PF2,11,grasshopper,0.536,0.9762,0.692
42,Test,PF2,12,scorpion_fly,0.2525,0.0973,0.1404
42,Test,PF1,0,Aculeata,0.7331,0.899,0.8076
42,Test,PF1,1,Araneomorphae,0.6765,0.8728,0.7622
42,Test,PF1,2,Asilomorpha,0.8428,0.8134,0.8278
42,Test,PF1,3,Bibionomorpha,0.9959,0.8698,0.9286
42,Test,PF1,4,Cucujiformia,0.9441,0.7729,0.85
42,Test,PF1,5,Culicomorpha,0.8682,0.9928,0.9263
42,Test,PF1,6,Epidermaptera,0.868,0.1667,0.2796
42,Test,PF1,7,Heterocera,0.6106,0.3733,0.4633
42,Test,PF1,8,Muscomorpha,0.8199,0.9122,0.8636
42,Test,PF1,9,Parasitica,0.6171,0.6143,0.6157
42,Test,PF1,10,Pentatomomorpha,0.9551,0.7049,0.8112
42,Test,PF1,11,Plenitentoria,0.9958,0.8233,0.9014
42,Test,PF1,12,Rhopalocera,0.5156,0.9429,0.6667
42,Test,PF1,13,lacewing,0.5779,0.6079,0.5925
42,Test,PF1,14,saw_fly,0.8306,0.7159,0.769
42,Test,Leaf Class (Softmax),0,Ichneumonoidea,0.6058,0.6547,0.6293
42,Test,Leaf Class (Softmax),1,Muscoidea,0.3641,0.6502,0.4668
42,Test,Leaf Class (Softmax),2,ant,0.7545,0.9302,0.8332
42,Test,Leaf Class (Softmax),3,ant_beetle,0.9009,0.9276,0.9141
42,Test,Leaf Class (Softmax),4,bug,0.9582,0.7072,0.8138
42,Test,Leaf Class (Softmax),5,butterfly,0.469,0.9389,0.6255
42,Test,Leaf Class (Softmax),6,caddisfly,0.9963,0.8194,0.8992
42,Test,Leaf Class (Softmax),7,dance_fly,0.8784,0.656,0.7511
42,Test,Leaf Class (Softmax),8,earwig,0.9307,0.0916,0.1668
42,Test,Leaf Class (Softmax),9,fever_fly,0.9975,0.8386,0.9112
42,Test,Leaf Class (Softmax),10,flesh_fly,0.6983,0.816,0.7526
42,Test,Leaf Class (Softmax),11,fly,0.4552,0.4518,0.4535
42,Test,Leaf Class (Softmax),12,fruit_fly,0.8339,0.5925,0.6928
42,Test,Leaf Class (Softmax),13,hoverfly,0.7338,0.749,0.7413
42,Test,Leaf Class (Softmax),14,ladybug,0.9423,0.9425,0.9424
42,Test,Leaf Class (Softmax),15,leaf_beetle,0.125,0.0131,0.0237
42,Test,Leaf Class (Softmax),16,midge,0.8739,0.9925,0.9294
42,Test,Leaf Class (Softmax),17,moth,0.7776,0.4318,0.5552
42,Test,Leaf Class (Softmax),18,robber_fly,0.7752,0.808,0.7913
42,Test,Leaf Class (Softmax),19,spider,0.6639,0.8734,0.7544
42,Test,Leaf Class (Softmax),20,wasp,0.8125,0.823,0.8177
42,Test,Leaf Class (Softmax),21,weevil,0.932,0.7405,0.8253
42,Test,Leaf Class (Sigmoid),0,Ichneumonoidea,0.6659,0.6166,0.6403
42,Test,Leaf Class (Sigmoid),1,Muscoidea,0.3897,0.5915,0.4699
42,Test,Leaf Class (Sigmoid),2,ant,0.7155,0.9438,0.8139
42,Test,Leaf Class (Sigmoid),3,ant_beetle,0.9074,0.9276,0.9174
42,Test,Leaf Class (Sigmoid),4,bug,0.9221,0.7111,0.803
42,Test,Leaf Class (Sigmoid),5,butterfly,0.4919,0.9557,0.6495
42,Test,Leaf Class (Sigmoid),6,caddisfly,1.0,0.8203,0.9013
42,Test,Leaf Class (Sigmoid),7,dance_fly,0.8466,0.6735,0.7502
42,Test,Leaf Class (Sigmoid),8,earwig,0.8741,0.115,0.2033
42,Test,Leaf Class (Sigmoid),9,fever_fly,0.9951,0.8705,0.9287
42,Test,Leaf Class (Sigmoid),10,flesh_fly,0.7548,0.8118,0.7822
42,Test,Leaf Class (Sigmoid),11,fly,0.4351,0.5058,0.4678
42,Test,Leaf Class (Sigmoid),12,fruit_fly,0.9026,0.5795,0.7058
42,Test,Leaf Class (Sigmoid),13,hoverfly,0.7539,0.7328,0.7432
42,Test,Leaf Class (Sigmoid),14,ladybug,0.9583,0.9375,0.9478
42,Test,Leaf Class (Sigmoid),15,leaf_beetle,0.1,0.0061,0.0116
42,Test,Leaf Class (Sigmoid),16,midge,0.8704,0.997,0.9294
42,Test,Leaf Class (Sigmoid),17,moth,0.6827,0.503,0.5792
42,Test,Leaf Class (Sigmoid),18,robber_fly,0.7956,0.8185,0.8069
42,Test,Leaf Class (Sigmoid),19,spider,0.6571,0.8728,0.7497
42,Test,Leaf Class (Sigmoid),20,wasp,0.7767,0.8276,0.8013
42,Test,Leaf Class (Sigmoid),21,weevil,0.9115,0.757,0.8271
43,Train,PF4,0,Arachnida,0.9198,0.9905,0.9539
43,Train,PF4,1,Insecta,0.9999,0.9993,0.9996
43,Train,PF3,0,Araneae,0.9772,0.982,0.9796
43,Train,PF3,1,Coleoptera,0.989,0.9885,0.9887
43,Train,PF3,2,Dermaptera,0.9499,0.9698,0.9597
43,Train,PF3,3,Diptera,0.9908,0.9882,0.9895
43,Train,PF3,4,Hemiptera,0.9778,0.9425,0.9598
43,Train,PF3,5,Hymenoptera,0.9766,0.9778,0.9772
43,Train,PF3,6,Lepidoptera,0.9793,0.9504,0.9647
43,Train,PF3,7,Mecoptera,0.7863,0.2952,0.4292
43,Train,PF3,8,Neuroptera,0.9791,0.9947,0.9869
43,Train,PF3,9,Orthoptera,0.8644,0.9914,0.9236
43,Train,PF3,10,Trichoptera,0.9958,0.986,0.9909
43,Train,PF2,0,Apocrita,0.9875,0.9757,0.9816
43,Train,PF2,1,Arneomorphae,0.9851,0.9581,0.9714
43,Train,PF2,2,Brachycera,0.9891,0.9895,0.9893
43,Train,PF2,3,Forficulina,0.9533,0.9659,0.9596
43,Train,PF2,4,Glossata,0.9828,0.9319,0.9567
43,Train,PF2,5,Hemerobiiformia,0.9857,0.9926,0.9891
43,Train,PF2,6,Heteroptera,0.9796,0.9464,0.9627
43,Train,PF2,7,Integripalpia,0.9969,0.9841,0.9905
43,Train,PF2,8,Nematocera,0.9951,0.9829,0.9889
43,Train,PF2,9,Polyphaga,0.9926,0.9858,0.9892
43,Train,PF2,10,Symphyta,0.9547,0.9688,0.9617
43,Train,PF2,11,grasshopper,0.809,0.9952,0.8925
43,Train,PF2,12,scorpion_fly,0.6064,0.0696,0.1249
43,Train,PF1,0,Aculeata,0.9842,0.9795,0.9818
43,Train,PF1,1,Araneomorphae,0.982,0.9815,0.9818
43,Train,PF1,2,Asilomorpha,0.987,0.9885,0.9878
43,Train,PF1,3,Bibionomorpha,0.9914,0.9907,0.9911
43,Train,PF1,4,Cucujiformia,0.9939,0.9893,0.9916
43,Train,PF1,5,Culicomorpha,0.9977,0.9907,0.9942
43,Train,PF1,6,Epidermaptera,0.9674,0.9659,0.9666
43,Train,PF1,7,Heterocera,0.9891,0.961,0.9749
43,Train,PF1,8,Muscomorpha,0.9851,0.9928,0.989
43,Train,PF1,9,Parasitica,0.9751,0.9514,0.9631
43,Train,PF1,10,Pentatomomorpha,0.9899,0.943,0.9659
43,Train,PF1,11,Plenitentoria,0.9962,0.9951,0.9956
43,Train,PF1,12,Rhopalocera,0.9804,0.9733,0.9769
43,Train,PF1,13,lacewing,0.9813,0.9958,0.9885
43,Train,PF1,14,saw_fly,0.9698,0.967,0.9684
43,Train,Leaf Class (Softmax),0,Ichneumonoidea,0.9728,0.958,0.9653
43,Train,Leaf Class (Softmax),1,Muscoidea,0.8358,0.8121,0.8237
43,Train,Leaf Class (Softmax),2,ant,0.9858,0.9921,0.9889
43,Train,Leaf Class (Softmax),3,ant_beetle,0.9936,0.9948,0.9942
43,Train,Leaf Class (Softmax),4,bug,0.975,0.9695,0.9723
43,Train,Leaf Class (Softmax),5,butterfly,0.9822,0.9798,0.981
43,Train,Leaf Class (Softmax),6,caddisfly,0.9973,0.9947,0.996
43,Train,Leaf Class (Softmax),7,dance_fly,0.9666,0.9672,0.9669
43,Train,Leaf Class (Softmax),8,earwig,0.9789,0.9721,0.9755
43,Train,Leaf Class (Softmax),9,fever_fly,0.9918,0.9904,0.9911
43,Train,Leaf Class (Softmax),10,flesh_fly,0.9631,0.9606,0.9618
43,Train,Leaf Class (Softmax),11,fly,0.8077,0.834,0.8207
43,Train,Leaf Class (Softmax),12,fruit_fly,0.9869,0.9867,0.9868
43,Train,Leaf Class (Softmax),13,hoverfly,0.9808,0.9822,0.9815
43,Train,Leaf Class (Softmax),14,ladybug,0.9917,0.9918,0.9918
43,Train,Leaf Class (Softmax),15,leaf_beetle,0.9921,0.993,0.9925
43,Train,Leaf Class (Softmax),16,midge,0.9956,0.9926,0.9941
43,Train,Leaf Class (Softmax),17,moth,0.9815,0.9806,0.9811
43,Train,Leaf Class (Softmax),18,robber_fly,0.9916,0.9911,0.9913
43,Train,Leaf Class (Softmax),19,spider,0.9831,0.9865,0.9848
43,Train,Leaf Class (Softmax),20,wasp,0.9395,0.915,0.9271
43,Train,Leaf Class (Softmax),21,weevil,0.9948,0.9936,0.9942
43,Train,Leaf Class (Sigmoid),0,Ichneumonoidea,0.9579,0.9654,0.9616
43,Train,Leaf Class (Sigmoid),1,Muscoidea,0.7499,0.9042,0.8198
43,Train,Leaf Class (Sigmoid),2,ant,0.9866,0.9894,0.988
43,Train,Leaf Class (Sigmoid),3,ant_beetle,0.994,0.9929,0.9934
43,Train,Leaf Class (Sigmoid),4,bug,0.9882,0.9413,0.9642
43,Train,Leaf Class (Sigmoid),5,butterfly,0.9876,0.9628,0.975
43,Train,Leaf Class (Sigmoid),6,caddisfly,0.9951,0.9943,0.9947
43,Train,Leaf Class (Sigmoid),7,dance_fly,0.9807,0.9531,0.9667
43,Train,Leaf Class (Sigmoid),8,earwig,0.9834,0.9628,0.973
43,Train,Leaf Class (Sigmoid),9,fever_fly,0.9939,0.9882,0.9911
43,Train,Leaf Class (Sigmoid),10,flesh_fly,0.9544,0.9658,0.9601
43,Train,Leaf Class (Sigmoid),11,fly,0.8764,0.7066,0.7824
43,Train,Leaf Class (Sigmoid),12,fruit_fly,0.9809,0.988,0.9844
43,Train,Leaf Class (Sigmoid),13,hoverfly,0.9815,0.9816,0.9815
43,Train,Leaf Class (Sigmoid),14,ladybug,0.9859,0.9935,0.9897
43,Train,Leaf Class (Sigmoid),15,leaf_beetle,0.9878,0.994,0.9909
43,Train,Leaf Class (Sigmoid),16,midge,0.9988,0.9897,0.9943
43,Train,Leaf Class (Sigmoid),17,moth,0.9923,0.9652,0.9786
43,Train,Leaf Class (Sigmoid),18,robber_fly,0.9881,0.9918,0.99
43,Train,Leaf Class (Sigmoid),19,spider,0.983,0.9805,0.9818
43,Train,Leaf Class (Sigmoid),20,wasp,0.9422,0.8923,0.9166
43,Train,Leaf Class (Sigmoid),21,weevil,0.9959,0.9889,0.9924
43,Test,PF4,0,Arachnida,0.6119,0.8758,0.7205
43,Test,PF4,1,Insecta,0.9971,0.9871,0.9921
43,Test,PF3,0,Araneae,0.6395,0.8758,0.7393
43,Test,PF3,1,Coleoptera,0.862,0.7939,0.8265
43,Test,PF3,2,Dermaptera,0.8723,0.1199,0.2108
43,Test,PF3,3,Diptera,0.8971,0.934,0.9152
43,Test,PF3,4,Hemiptera,0.9489,0.7011,0.8064
43,Test,PF3,5,Hymenoptera,0.8137,0.7955,0.8045
43,Test,PF3,6,Lepidoptera,0.7671,0.5951,0.6702
43,Test,PF3,7,Mecoptera,0.2502,0.3528,0.2928
43,Test,PF3,8,Neuroptera,0.6056,0.4264,0.5005
43,Test,PF3,9,Orthoptera,0.6405,0.9828,0.7756
43,Test,PF3,10,Trichoptera,0.9995,0.8392,0.9124
43,Test,PF2,0,Apocrita,0.8151,0.8263,0.8207
43,Test,PF2,1,Arneomorphae,0.6698,0.8758,0.7591
43,Test,PF2,2,Brachycera,0.8803,0.9283,0.9037
43,Test,PF2,3,Forficulina,0.864,0.1053,0.1877
43,Test,PF2,4,Glossata,0.7936,0.6148,0.6928
43,Test,PF2,5,Hemerobiiformia,0.7188,0.3921,0.5074
43,Test,PF2,6,Heteroptera,0.9487,0.6988,0.8048
43,Test,PF2,7,Integripalpia,1.0,0.8263,0.9049
43,Test,PF2,8,Nematocera,0.9533,0.9656,0.9594
43,Test,PF2,9,Polyphaga,0.9046,0.7879,0.8422
43,Test,PF2,10,Symphyta,0.8788,0.685,0.7699
43,Test,PF2,11,grasshopper,0.5234,0.995,0.686
43,Test,PF2,12,scorpion_fly,0.2233,0.0869,0.1251
43,Test,PF1,0,Aculeata,0.8379,0.8745,0.8558
43,Test,PF1,1,Araneomorphae,0.6552,0.8758,0.7496
43,Test,PF1,2,Asilomorpha,0.8336,0.694,0.7574
43,Test,PF1,3,Bibionomorpha,0.9992,0.8839,0.938
43,Test,PF1,4,Cucujiformia,0.8944,0.7937,0.8411
43,Test,PF1,5,Culicomorpha,0.8912,0.993,0.9393
43,Test,PF1,6,Epidermaptera,0.8696,0.0975,0.1753
43,Test,PF1,7,Heterocera,0.7938,0.7295,0.7603
43,Test,PF1,8,Muscomorpha,0.8025,0.9249,0.8593
43,Test,PF1,9,Parasitica,0.6211,0.6211,0.6211
43,Test,PF1,10,Pentatomomorpha,0.9454,0.6934,0.8
43,Test,PF1,11,Plenitentoria,0.9951,0.8741,0.9307
43,Test,PF1,12,Rhopalocera,0.6972,0.9596,0.8076
43,Test,PF1,13,lacewing,0.5785,0.5096,0.5419
43,Test,PF1,14,saw_fly,0.8762,0.673,0.7613
43,Test,Leaf Class (Softmax),0,Ichneumonoidea,0.5119,0.6749,0.5822
43,Test,Leaf Class (Softmax),1,Muscoidea,0.362,0.6038,0.4526
43,Test,Leaf Class (Softmax),2,ant,0.8386,0.861,0.8496
43,Test,Leaf Class (Softmax),3,ant_beetle,0.8919,0.9084,0.9
43,Test,Leaf Class (Softmax),4,bug,0.955,0.7026,0.8096
43,Test,Leaf Class (Softmax),5,butterfly,0.7254,0.9498,0.8225
43,Test,Leaf Class (Softmax),6,caddisfly,0.9966,0.8918,0.9413
43,Test,Leaf Class (Softmax),7,dance_fly,0.7925,0.6323,0.7034
43,Test,Leaf Class (Softmax),8,earwig,0.7647,0.038,0.0724
43,Test,Leaf Class (Softmax),9,fever_fly,0.9984,0.8655,0.9272
43,Test,Leaf Class (Softmax),10,flesh_fly,0.7251,0.7875,0.755
43,Test,Leaf Class (Softmax),11,fly,0.4179,0.4635,0.4395
43,Test,Leaf Class (Softmax),12,fruit_fly,0.7608,0.6488,0.7003
43,Test,Leaf Class (Softmax),13,hoverfly,0.8212,0.7785,0.7993
43,Test,Leaf Class (Softmax),14,ladybug,0.9247,0.9332,0.929
43,Test,Leaf Class (Softmax),15,leaf_beetle,0.0479,0.0169,0.025
43,Test,Leaf Class (Softmax),16,midge,0.9029,0.993,0.9458
43,Test,Leaf Class (Softmax),17,moth,0.8389,0.8408,0.8398
43,Test,Leaf Class (Softmax),18,robber_fly,0.8473,0.673,0.7502
43,Test,Leaf Class (Softmax),19,spider,0.6473,0.8758,0.7444
43,Test,Leaf Class (Softmax),20,wasp,0.8996,0.834,0.8656
43,Test,Leaf Class (Softmax),21,weevil,0.8579,0.765,0.8088
43,Test,Leaf Class (Sigmoid),0,Ichneumonoidea,0.6079,0.657,0.6315
43,Test,Leaf Class (Sigmoid),1,Muscoidea,0.3969,0.4988,0.4421
43,Test,Leaf Class (Sigmoid),2,ant,0.8003,0.8758,0.8363
43,Test,Leaf Class (Sigmoid),3,ant_beetle,0.9165,0.9084,0.9124
43,Test,Leaf Class (Sigmoid),4,bug,0.892,0.7065,0.7885
43,Test,Leaf Class (Sigmoid),5,butterfly,0.6904,0.9665,0.8054
43,Test,Leaf Class (Sigmoid),6,caddisfly,1.0,0.831,0.9077
43,Test,Leaf Class (Sigmoid),7,dance_fly,0.7124,0.6728,0.692
43,Test,Leaf Class (Sigmoid),8,earwig,0.7843,0.039,0.0743
43,Test,Leaf Class (Sigmoid),9,fever_fly,0.9976,0.8931,0.9425
43,Test,Leaf Class (Sigmoid),10,flesh_fly,0.7549,0.7722,0.7635
43,Test,Leaf Class (Sigmoid),11,fly,0.4059,0.5843,0.479
43,Test,Leaf Class (Sigmoid),12,fruit_fly,0.8114,0.628,0.708
43,Test,Leaf Class (Sigmoid),13,hoverfly,0.8183,0.752,0.7837
43,Test,Leaf Class (Sigmoid),14,ladybug,0.9376,0.9315,0.9345
43,Test,Leaf Class (Sigmoid),15,leaf_beetle,0.048,0.0123,0.0196
43,Test,Leaf Class (Sigmoid),16,midge,0.862,0.9932,0.923
43,Test,Leaf Class (Sigmoid),17,moth,0.8084,0.8672,0.8368
43,Test,Leaf Class (Sigmoid),18,robber_fly,0.8753,0.674,0.7616
43,Test,Leaf Class (Sigmoid),19,spider,0.6424,0.8758,0.7412
43,Test,Leaf Class (Sigmoid),20,wasp,0.833,0.8529,0.8428
43,Test,Leaf Class (Sigmoid),21,weevil,0.8226,0.7742,0.7977
44,Train,PF4,0,Arachnida,0.9341,0.9895,0.961
44,Train,PF4,1,Insecta,0.9999,0.9994,0.9997
44,Train,PF3,0,Araneae,0.9771,0.978,0.9776
44,Train,PF3,1,Coleoptera,0.9881,0.9894,0.9888
44,Train,PF3,2,Dermaptera,0.9516,0.9744,0.9628
44,Train,PF3,3,Diptera,0.9917,0.9883,0.99
44,Train,PF3,4,Hemiptera,0.9824,0.9436,0.9626
44,Train,PF3,5,Hymenoptera,0.9767,0.9756,0.9761
44,Train,PF3,6,Lepidoptera,0.9788,0.9555,0.967
44,Train,PF3,7,Mecoptera,0.8106,0.3103,0.4488
44,Train,PF3,8,Neuroptera,0.9797,0.9932,0.9864
44,Train,PF3,9,Orthoptera,0.8643,0.991,0.9233
44,Train,PF3,10,Trichoptera,0.9966,0.9913,0.9939
44,Train,PF2,0,Apocrita,0.988,0.9738,0.9809
44,Train,PF2,1,Arneomorphae,0.984,0.9506,0.967
44,Train,PF2,2,Brachycera,0.9899,0.9896,0.9898
44,Train,PF2,3,Forficulina,0.9601,0.9705,0.9653
44,Train,PF2,4,Glossata,0.9828,0.9281,0.9547
44,Train,PF2,5,Hemerobiiformia,0.9863,0.9909,0.9886
44,Train,PF2,6,Heteroptera,0.9848,0.9475,0.9658
44,Train,PF2,7,Integripalpia,0.9969,0.9868,0.9918
44,Train,PF2,8,Nematocera,0.994,0.9824,0.9881
44,Train,PF2,9,Polyphaga,0.9925,0.9873,0.9899
44,Train,PF2,10,Symphyta,0.956,0.967,0.9615
44,Train,PF2,11,grasshopper,0.8038,0.9953,0.8894
44,Train,PF2,12,scorpion_fly,0.6049,0.081,0.1429
44,Train,PF1,0,Aculeata,0.9848,0.9788,0.9818
44,Train,PF1,1,Araneomorphae,0.983,0.9805,0.9818
44,Train,PF1,2,Asilomorpha,0.9882,0.9884,0.9883
44,Train,PF1,3,Bibionomorpha,0.9875,0.9889,0.9882
44,Train,PF1,4,Cucujiformia,0.994,0.9898,0.9919
44,Train,PF1,5,Culicomorpha,0.9973,0.9888,0.993
44,Train,PF1,6,Epidermaptera,0.9654,0.9721,0.9687
44,Train,PF1,7,Heterocera,0.9908,0.9638,0.9771
44,Train,PF1,8,Muscomorpha,0.9858,0.9932,0.9894
44,Train,PF1,9,Parasitica,0.9689,0.9505,0.9596
44,Train,PF1,10,Pentatomomorpha,0.9893,0.9425,0.9653
44,Train,PF1,11,Plenitentoria,0.9943,0.9951,0.9947
44,Train,PF1,12,Rhopalocera,0.9758,0.9798,0.9778
44,Train,PF1,13,lacewing,0.9792,0.9964,0.9877
44,Train,PF1,14,saw_fly,0.9729,0.9642,0.9685
44,Train,Leaf Class (Softmax),0,Ichneumonoidea,0.9691,0.958,0.9635
44,Train,Leaf Class (Softmax),1,Muscoidea,0.8441,0.8226,0.8332
44,Train,Leaf Class (Softmax),2,ant,0.9858,0.9911,0.9885
44,Train,Leaf Class (Softmax),3,ant_beetle,0.9944,0.9925,0.9934
44,Train,Leaf Class (Softmax),4,bug,0.9756,0.9695,0.9726
44,Train,Leaf Class (Softmax),5,butterfly,0.9821,0.9789,0.9805
44,Train,Leaf Class (Softmax),6,caddisfly,0.9962,0.9974,0.9968
44,Train,Leaf Class (Softmax),7,dance_fly,0.9777,0.9699,0.9738
44,Train,Leaf Class (Softmax),8,earwig,0.979,0.9736,0.9763
44,Train,Leaf Class (Softmax),9,fever_fly,0.9886,0.99,0.9893
44,Train,Leaf Class (Softmax),10,flesh_fly,0.9642,0.9625,0.9633
44,Train,Leaf Class (Softmax),11,fly,0.8145,0.8378,0.826
44,Train,Leaf Class (Softmax),12,fruit_fly,0.9844,0.986,0.9852
44,Train,Leaf Class (Softmax),13,hoverfly,0.9815,0.9843,0.9829
44,Train,Leaf Class (Softmax),14,ladybug,0.9913,0.9923,0.9918
44,Train,Leaf Class (Softmax),15,leaf_beetle,0.9938,0.9933,0.9936
44,Train,Leaf Class (Softmax),16,midge,0.9954,0.9928,0.9941
44,Train,Leaf Class (Softmax),17,moth,0.9847,0.9838,0.9842
44,Train,Leaf Class (Softmax),18,robber_fly,0.9927,0.9902,0.9915
44,Train,Leaf Class (Softmax),19,spider,0.9816,0.9855,0.9836
44,Train,Leaf Class (Softmax),20,wasp,0.9379,0.9028,0.92
44,Train,Leaf Class (Softmax),21,weevil,0.993,0.9939,0.9935
44,Train,Leaf Class (Sigmoid),0,Ichneumonoidea,0.9544,0.967,0.9607
44,Train,Leaf Class (Sigmoid),1,Muscoidea,0.7572,0.9082,0.8258
44,Train,Leaf Class (Sigmoid),2,ant,0.9872,0.9889,0.988
44,Train,Leaf Class (Sigmoid),3,ant_beetle,0.9907,0.9921,0.9914
44,Train,Leaf Class (Sigmoid),4,bug,0.9859,0.9447,0.9649
44,Train,Leaf Class (Sigmoid),5,butterfly,0.9883,0.9595,0.9737
44,Train,Leaf Class (Sigmoid),6,caddisfly,0.9966,0.9962,0.9964
44,Train,Leaf Class (Sigmoid),7,dance_fly,0.9834,0.9538,0.9684
44,Train,Leaf Class (Sigmoid),8,earwig,0.9881,0.9667,0.9773
44,Train,Leaf Class (Sigmoid),9,fever_fly,0.9907,0.9868,0.9887
44,Train,Leaf Class (Sigmoid),10,flesh_fly,0.9535,0.9684,0.9609
44,Train,Leaf Class (Sigmoid),11,fly,0.8818,0.7118,0.7877
44,Train,Leaf Class (Sigmoid),12,fruit_fly,0.9806,0.9874,0.984
44,Train,Leaf Class (Sigmoid),13,hoverfly,0.983,0.9822,0.9826
44,Train,Leaf Class (Sigmoid),14,ladybug,0.9858,0.9935,0.9896
44,Train,Leaf Class (Sigmoid),15,leaf_beetle,0.9889,0.9946,0.9918
44,Train,Leaf Class (Sigmoid),16,midge,0.9979,0.9899,0.9939
44,Train,Leaf Class (Sigmoid),17,moth,0.9926,0.9695,0.9809
44,Train,Leaf Class (Sigmoid),18,robber_fly,0.9902,0.9915,0.9908
44,Train,Leaf Class (Sigmoid),19,spider,0.982,0.9805,0.9813
44,Train,Leaf Class (Sigmoid),20,wasp,0.9332,0.8868,0.9094
44,Train,Leaf Class (Sigmoid),21,weevil,0.994,0.991,0.9925
44,Test,PF4,0,Arachnida,0.6144,0.8783,0.723
44,Test,PF4,1,Insecta,0.9972,0.9872,0.9922
44,Test,PF3,0,Araneae,0.6574,0.8776,0.7518
44,Test,PF3,1,Coleoptera,0.8823,0.7986,0.8384
44,Test,PF3,2,Dermaptera,0.9162,0.1706,0.2876
44,Test,PF3,3,Diptera,0.9051,0.9373,0.9209
44,Test,PF3,4,Hemiptera,0.882,0.6965,0.7783
44,Test,PF3,5,Hymenoptera,0.7983,0.7968,0.7976
44,Test,PF3,6,Lepidoptera,0.8362,0.6347,0.7216
44,Test,PF3,7,Mecoptera,0.2657,0.4617,0.3373
44,Test,PF3,8,Neuroptera,0.641,0.416,0.5046
44,Test,PF3,9,Orthoptera,0.6491,0.9738,0.7789
44,Test,PF3,10,Trichoptera,0.9954,0.9315,0.9624
44,Test,PF2,0,Apocrita,0.8331,0.7627,0.7963
44,Test,PF2,1,Arneomorphae,0.6825,0.8764,0.7674
44,Test,PF2,2,Brachycera,0.8834,0.9321,0.9071
44,Test,PF2,3,Forficulina,0.9086,0.155,0.2648
44,Test,PF2,4,Glossata,0.8609,0.6415,0.7351
44,Test,PF2,5,Hemerobiiformia,0.7691,0.4399,0.5597
44,Test,PF2,6,Heteroptera,0.8585,0.6918,0.7662
44,Test,PF2,7,Integripalpia,0.9976,0.8966,0.9444
44,Test,PF2,8,Nematocera,0.9539,0.968,0.9609
44,Test,PF2,9,Polyphaga,0.9081,0.7962,0.8485
44,Test,PF2,10,Symphyta,0.7738,0.764,0.7689
44,Test,PF2,11,grasshopper,0.5383,0.9922,0.698
44,Test,PF2,12,scorpion_fly,0.1691,0.1219,0.1417
44,Test,PF1,0,Aculeata,0.861,0.8215,0.8408
44,Test,PF1,1,Araneomorphae,0.6662,0.8776,0.7574
44,Test,PF1,2,Asilomorpha,0.8229,0.756,0.788
44,Test,PF1,3,Bibionomorpha,0.9977,0.903,0.948
44,Test,PF1,4,Cucujiformia,0.9067,0.7913,0.8451
44,Test,PF1,5,Culicomorpha,0.9388,0.9925,0.9649
44,Test,PF1,6,Epidermaptera,0.9367,0.1442,0.25
44,Test,PF1,7,Heterocera,0.8081,0.578,0.674
44,Test,PF1,8,Muscomorpha,0.8036,0.9177,0.8569
44,Test,PF1,9,Parasitica,0.5336,0.6054,0.5672
44,Test,PF1,10,Pentatomomorpha,0.8537,0.688,0.7619
44,Test,PF1,11,Plenitentoria,0.9938,0.9711,0.9823
44,Test,PF1,12,Rhopalocera,0.7705,0.9458,0.8492
44,Test,PF1,13,lacewing,0.4587,0.6121,0.5244
44,Test,PF1,14,saw_fly,0.7679,0.7503,0.759
44,Test,Leaf Class (Softmax),0,Ichneumonoidea,0.5763,0.6435,0.6081
44,Test,Leaf Class (Softmax),1,Muscoidea,0.3416,0.6232,0.4414
44,Test,Leaf Class (Softmax),2,ant,0.8521,0.8558,0.8539
44,Test,Leaf Class (Softmax),3,ant_beetle,0.8169,0.9298,0.8697
44,Test,Leaf Class (Softmax),4,bug,0.8515,0.7026,0.7699
44,Test,Leaf Class (Softmax),5,butterfly,0.7778,0.931,0.8475
44,Test,Leaf Class (Softmax),6,caddisfly,0.9951,0.9685,0.9817
44,Test,Leaf Class (Softmax),7,dance_fly,0.8776,0.6018,0.714
44,Test,Leaf Class (Softmax),8,earwig,0.9167,0.0536,0.1013
44,Test,Leaf Class (Softmax),9,fever_fly,0.9945,0.8896,0.9391
44,Test,Leaf Class (Softmax),10,flesh_fly,0.8029,0.7415,0.771
44,Test,Leaf Class (Softmax),11,fly,0.4081,0.457,0.4312
44,Test,Leaf Class (Softmax),12,fruit_fly,0.6494,0.66,0.6547
44,Test,Leaf Class (Softmax),13,hoverfly,0.8539,0.77,0.8098
44,Test,Leaf Class (Softmax),14,ladybug,0.8775,0.962,0.9178
44,Test,Leaf Class (Softmax),15,leaf_beetle,0.1263,0.0369,0.0571
44,Test,Leaf Class (Softmax),16,midge,0.9552,0.9915,0.973
44,Test,Leaf Class (Softmax),17,moth,0.8953,0.8335,0.8633
44,Test,Leaf Class (Softmax),18,robber_fly,0.7797,0.7752,0.7775
44,Test,Leaf Class (Softmax),19,spider,0.6558,0.8758,0.75
44,Test,Leaf Class (Softmax),20,wasp,0.9186,0.7962,0.8531
44,Test,Leaf Class (Softmax),21,weevil,0.9184,0.6052,0.7297
44,Test,Leaf Class (Sigmoid),0,Ichneumonoidea,0.6447,0.6143,0.6292
44,Test,Leaf Class (Sigmoid),1,Muscoidea,0.3555,0.6042,0.4476
44,Test,Leaf Class (Sigmoid),2,ant,0.8383,0.8682,0.853
44,Test,Leaf Class (Sigmoid),3,ant_beetle,0.8304,0.9446,0.8838
44,Test,Leaf Class (Sigmoid),4,bug,0.772,0.7096,0.7395
44,Test,Leaf Class (Sigmoid),5,butterfly,0.7858,0.9507,0.8605
44,Test,Leaf Class (Sigmoid),6,caddisfly,0.9987,0.9668,0.9825
44,Test,Leaf Class (Sigmoid),7,dance_fly,0.8534,0.6217,0.7193
44,Test,Leaf Class (Sigmoid),8,earwig,0.902,0.0897,0.1631
44,Test,Leaf Class (Sigmoid),9,fever_fly,0.9937,0.8967,0.9427
44,Test,Leaf Class (Sigmoid),10,flesh_fly,0.8382,0.738,0.7849
44,Test,Leaf Class (Sigmoid),11,fly,0.4094,0.4768,0.4405
44,Test,Leaf Class (Sigmoid),12,fruit_fly,0.7218,0.6455,0.6815
44,Test,Leaf Class (Sigmoid),13,hoverfly,0.8393,0.7705,0.8034
44,Test,Leaf Class (Sigmoid),14,ladybug,0.9011,0.9585,0.9289
44,Test,Leaf Class (Sigmoid),15,leaf_beetle,0.1343,0.0346,0.055
44,Test,Leaf Class (Sigmoid),16,midge,0.9444,0.9928,0.9679
44,Test,Leaf Class (Sigmoid),17,moth,0.8495,0.8705,0.8599
44,Test,Leaf Class (Sigmoid),18,robber_fly,0.8072,0.763,0.7845
44,Test,Leaf Class (Sigmoid),19,spider,0.6579,0.8758,0.7514
44,Test,Leaf Class (Sigmoid),20,wasp,0.8649,0.8147,0.839
44,Test,Leaf Class (Sigmoid),21,weevil,0.8837,0.6745,0.7651
45,Train,PF4,0,Arachnida,0.94,0.9935,0.966
45,Train,PF4,1,Insecta,0.9999,0.9995,0.9997
45,Train,PF3,0,Araneae,0.98,0.98,0.98
45,Train,PF3,1,Coleoptera,0.9889,0.9902,0.9895
45,Train,PF3,2,Dermaptera,0.9558,0.9729,0.9643
45,Train,PF3,3,Diptera,0.992,0.9891,0.9905
45,Train,PF3,4,Hemiptera,0.9841,0.943,0.9631
45,Train,PF3,5,Hymenoptera,0.9786,0.9784,0.9785
45,Train,PF3,6,Lepidoptera,0.9797,0.9562,0.9678
45,Train,PF3,7,Mecoptera,0.8295,0.3567,0.4989
45,Train,PF3,8,Neuroptera,0.9829,0.9953,0.9891
45,Train,PF3,9,Orthoptera,0.8728,0.991,0.9282
45,Train,PF3,10,Trichoptera,0.9981,0.9909,0.9945
45,Train,PF2,0,Apocrita,0.9877,0.9763,0.9819
45,Train,PF2,1,Arneomorphae,0.9906,0.9516,0.9707
45,Train,PF2,2,Brachycera,0.9908,0.9901,0.9905
45,Train,PF2,3,Forficulina,0.9543,0.9721,0.9631
45,Train,PF2,4,Glossata,0.9837,0.9341,0.9583
45,Train,PF2,5,Hemerobiiformia,0.9888,0.9941,0.9914
45,Train,PF2,6,Heteroptera,0.9819,0.9475,0.9644
45,Train,PF2,7,Integripalpia,0.9969,0.9886,0.9928
45,Train,PF2,8,Nematocera,0.9939,0.9855,0.9897
45,Train,PF2,9,Polyphaga,0.9924,0.9877,0.9901
45,Train,PF2,10,Symphyta,0.9548,0.9665,0.9606
45,Train,PF2,11,grasshopper,0.8137,0.9951,0.8953
45,Train,PF2,12,scorpion_fly,0.6699,0.1132,0.1937
45,Train,PF1,0,Aculeata,0.9848,0.9805,0.9826
45,Train,PF1,1,Araneomorphae,0.9874,0.9805,0.984
45,Train,PF1,2,Asilomorpha,0.9889,0.9891,0.989
45,Train,PF1,3,Bibionomorpha,0.9914,0.9921,0.9918
45,Train,PF1,4,Cucujiformia,0.9936,0.9901,0.9919
45,Train,PF1,5,Culicomorpha,0.9975,0.9897,0.9936
45,Train,PF1,6,Epidermaptera,0.9632,0.9744,0.9688
45,Train,PF1,7,Heterocera,0.9912,0.9656,0.9783
45,Train,PF1,8,Muscomorpha,0.9866,0.9932,0.9899
45,Train,PF1,9,Parasitica,0.9732,0.9563,0.9647
45,Train,PF1,10,Pentatomomorpha,0.9871,0.9487,0.9675
45,Train,PF1,11,Plenitentoria,0.9958,0.997,0.9964
45,Train,PF1,12,Rhopalocera,0.9846,0.9806,0.9826
45,Train,PF1,13,lacewing,0.982,0.9969,0.9894
45,Train,PF1,14,saw_fly,0.9717,0.9647,0.9682
45,Train,Leaf Class (Softmax),0,Ichneumonoidea,0.9717,0.9641,0.9679
45,Train,Leaf Class (Softmax),1,Muscoidea,0.8464,0.8161,0.831
45,Train,Leaf Class (Softmax),2,ant,0.9875,0.9916,0.9896
45,Train,Leaf Class (Softmax),3,ant_beetle,0.9933,0.994,0.9936
45,Train,Leaf Class (Softmax),4,bug,0.9783,0.9684,0.9734
45,Train,Leaf Class (Softmax),5,butterfly,0.9878,0.9798,0.9838
45,Train,Leaf Class (Softmax),6,caddisfly,0.9977,0.9974,0.9975
45,Train,Leaf Class (Softmax),7,dance_fly,0.9765,0.9732,0.9749
45,Train,Leaf Class (Softmax),8,earwig,0.9813,0.9783,0.9798
45,Train,Leaf Class (Softmax),9,fever_fly,0.9925,0.995,0.9938
45,Train,Leaf Class (Softmax),10,flesh_fly,0.9673,0.9638,0.9656
45,Train,Leaf Class (Softmax),11,fly,0.8122,0.8452,0.8284
45,Train,Leaf Class (Softmax),12,fruit_fly,0.9868,0.9875,0.9871
45,Train,Leaf Class (Softmax),13,hoverfly,0.9826,0.9833,0.9829
45,Train,Leaf Class (Softmax),14,ladybug,0.9914,0.9919,0.9917
45,Train,Leaf Class (Softmax),15,leaf_beetle,0.9937,0.9952,0.9944
45,Train,Leaf Class (Softmax),16,midge,0.995,0.9928,0.9939
45,Train,Leaf Class (Softmax),17,moth,0.9857,0.9842,0.9849
45,Train,Leaf Class (Softmax),18,robber_fly,0.992,0.9907,0.9913
45,Train,Leaf Class (Softmax),19,spider,0.9866,0.991,0.9888
45,Train,Leaf Class (Softmax),20,wasp,0.94,0.9167,0.9282
45,Train,Leaf Class (Softmax),21,weevil,0.9938,0.9939,0.9939
45,Train,Leaf Class (Sigmoid),0,Ichneumonoidea,0.96,0.9691,0.9645
45,Train,Leaf Class (Sigmoid),1,Muscoidea,0.7576,0.9028,0.8238
45,Train,Leaf Class (Sigmoid),2,ant,0.9878,0.9898,0.9888
45,Train,Leaf Class (Sigmoid),3,ant_beetle,0.9933,0.9929,0.9931
45,Train,Leaf Class (Sigmoid),4,bug,0.9853,0.9436,0.964
45,Train,Leaf Class (Sigmoid),5,butterfly,0.9942,0.9701,0.982
45,Train,Leaf Class (Sigmoid),6,caddisfly,0.9966,0.9966,0.9966
45,Train,Leaf Class (Sigmoid),7,dance_fly,0.9829,0.9605,0.9716
45,Train,Leaf Class (Sigmoid),8,earwig,0.9827,0.9705,0.9766
45,Train,Leaf Class (Sigmoid),9,fever_fly,0.9939,0.9918,0.9929
45,Train,Leaf Class (Sigmoid),10,flesh_fly,0.9575,0.9691,0.9633
45,Train,Leaf Class (Sigmoid),11,fly,0.8761,0.7161,0.788
45,Train,Leaf Class (Sigmoid),12,fruit_fly,0.9822,0.9886,0.9854
45,Train,Leaf Class (Sigmoid),13,hoverfly,0.9824,0.9828,0.9826
45,Train,Leaf Class (Sigmoid),14,ladybug,0.9842,0.9935,0.9888
45,Train,Leaf Class (Sigmoid),15,leaf_beetle,0.9921,0.9959,0.994
45,Train,Leaf Class (Sigmoid),16,midge,0.999,0.9892,0.9941
45,Train,Leaf Class (Sigmoid),17,moth,0.9922,0.9687,0.9803
45,Train,Leaf Class (Sigmoid),18,robber_fly,0.9892,0.9912,0.9902
45,Train,Leaf Class (Sigmoid),19,spider,0.9855,0.9855,0.9855
45,Train,Leaf Class (Sigmoid),20,wasp,0.949,0.8923,0.9198
45,Train,Leaf Class (Sigmoid),21,weevil,0.9952,0.9898,0.9925
45,Test,PF4,0,Arachnida,0.5758,0.8764,0.695
45,Test,PF4,1,Insecta,0.9971,0.9851,0.991
45,Test,PF3,0,Araneae,0.5977,0.8764,0.7107
45,Test,PF3,1,Coleoptera,0.9207,0.7451,0.8236
45,Test,PF3,2,Dermaptera,0.5909,0.0253,0.0486
45,Test,PF3,3,Diptera,0.9171,0.9404,0.9286
45,Test,PF3,4,Hemiptera,0.9295,0.7211,0.8121
45,Test,PF3,5,Hymenoptera,0.7748,0.8327,0.8027
45,Test,PF3,6,Lepidoptera,0.6693,0.6117,0.6392
45,Test,PF3,7,Mecoptera,0.2022,0.1699,0.1846
45,Test,PF3,8,Neuroptera,0.6467,0.5122,0.5717
45,Test,PF3,9,Orthoptera,0.6411,0.9745,0.7734
45,Test,PF3,10,Trichoptera,0.9943,0.9802,0.9872
45,Test,PF2,0,Apocrita,0.7595,0.8577,0.8056
45,Test,PF2,1,Arneomorphae,0.6374,0.8764,0.7381
45,Test,PF2,2,Brachycera,0.8914,0.937,0.9137
45,Test,PF2,3,Forficulina,0.5556,0.0244,0.0467
45,Test,PF2,4,Glossata,0.6775,0.6229,0.6491
45,Test,PF2,5,Hemerobiiformia,0.7602,0.4945,0.5992
45,Test,PF2,6,Heteroptera,0.9286,0.7219,0.8123
45,Test,PF2,7,Integripalpia,0.9939,0.9772,0.9854
45,Test,PF2,8,Nematocera,0.9685,0.9425,0.9553
45,Test,PF2,9,Polyphaga,0.9436,0.7395,0.8292
45,Test,PF2,10,Symphyta,0.902,0.6535,0.7579
45,Test,PF2,11,grasshopper,0.5752,0.9852,0.7264
45,Test,PF2,12,scorpion_fly,0.1968,0.0636,0.0961
45,Test,PF1,0,Aculeata,0.7724,0.8749,0.8205
45,Test,PF1,1,Araneomorphae,0.6268,0.8758,0.7307
45,Test,PF1,2,Asilomorpha,0.8763,0.7682,0.8187
45,Test,PF1,3,Bibionomorpha,0.9941,0.8365,0.9085
45,Test,PF1,4,Cucujiformia,0.9427,0.7463,0.8331
45,Test,PF1,5,Culicomorpha,0.9625,0.9822,0.9723
45,Test,PF1,6,Epidermaptera,0.5745,0.0263,0.0503
45,Test,PF1,7,Heterocera,0.6797,0.5645,0.6168
45,Test,PF1,8,Muscomorpha,0.8038,0.9347,0.8643
45,Test,PF1,9,Parasitica,0.5352,0.6143,0.572
45,Test,PF1,10,Pentatomomorpha,0.8985,0.7157,0.7967
45,Test,PF1,11,Plenitentoria,0.9782,0.9862,0.9822
45,Test,PF1,12,Rhopalocera,0.7085,0.9458,0.8101
45,Test,PF1,13,lacewing,0.5694,0.6292,0.5978
45,Test,PF1,14,saw_fly,0.8652,0.6397,0.7356
45,Test,Leaf Class (Softmax),0,Ichneumonoidea,0.4774,0.639,0.5465
45,Test,Leaf Class (Softmax),1,Muscoidea,0.3586,0.6238,0.4554
45,Test,Leaf Class (Softmax),2,ant,0.7714,0.897,0.8295
45,Test,Leaf Class (Softmax),3,ant_beetle,0.9364,0.9032,0.9195
45,Test,Leaf Class (Softmax),4,bug,0.9159,0.7211,0.8069
45,Test,Leaf Class (Softmax),5,butterfly,0.7233,0.9271,0.8126
45,Test,Leaf Class (Softmax),6,caddisfly,0.9765,0.9836,0.98
45,Test,Leaf Class (Softmax),7,dance_fly,0.8721,0.6346,0.7347
45,Test,Leaf Class (Softmax),8,earwig,0.619,0.0127,0.0248
45,Test,Leaf Class (Softmax),9,fever_fly,0.9949,0.8238,0.9013
45,Test,Leaf Class (Softmax),10,flesh_fly,0.7275,0.731,0.7293
45,Test,Leaf Class (Softmax),11,fly,0.4492,0.4825,0.4652
45,Test,Leaf Class (Softmax),12,fruit_fly,0.8269,0.633,0.7171
45,Test,Leaf Class (Softmax),13,hoverfly,0.8471,0.8252,0.836
45,Test,Leaf Class (Softmax),14,ladybug,0.8519,0.9408,0.8941
45,Test,Leaf Class (Softmax),15,leaf_beetle,0.0379,0.0077,0.0128
45,Test,Leaf Class (Softmax),16,midge,0.9681,0.9802,0.9742
45,Test,Leaf Class (Softmax),17,moth,0.7991,0.7228,0.759
45,Test,Leaf Class (Softmax),18,robber_fly,0.7809,0.7808,0.7808
45,Test,Leaf Class (Softmax),19,spider,0.6153,0.8758,0.7228
45,Test,Leaf Class (Softmax),20,wasp,0.8302,0.834,0.8321
45,Test,Leaf Class (Softmax),21,weevil,0.9718,0.689,0.8063
45,Test,Leaf Class (Sigmoid),0,Ichneumonoidea,0.5428,0.6256,0.5812
45,Test,Leaf Class (Sigmoid),1,Muscoidea,0.4032,0.4695,0.4338
45,Test,Leaf Class (Sigmoid),2,ant,0.7486,0.9142,0.8232
45,Test,Leaf Class (Sigmoid),3,ant_beetle,0.9501,0.915,0.9322
45,Test,Leaf Class (Sigmoid),4,bug,0.8366,0.7257,0.7772
45,Test,Leaf Class (Sigmoid),5,butterfly,0.7236,0.9468,0.8203
45,Test,Leaf Class (Sigmoid),6,caddisfly,0.9866,0.9858,0.9862
45,Test,Leaf Class (Sigmoid),7,dance_fly,0.8603,0.6438,0.7365
45,Test,Leaf Class (Sigmoid),8,earwig,0.6364,0.0136,0.0267
45,Test,Leaf Class (Sigmoid),9,fever_fly,0.9949,0.8217,0.9
45,Test,Leaf Class (Sigmoid),10,flesh_fly,0.7666,0.7562,0.7614
45,Test,Leaf Class (Sigmoid),11,fly,0.4197,0.6448,0.5084
45,Test,Leaf Class (Sigmoid),12,fruit_fly,0.8959,0.6198,0.7327
45,Test,Leaf Class (Sigmoid),13,hoverfly,0.8399,0.809,0.8241
45,Test,Leaf Class (Sigmoid),14,ladybug,0.9547,0.9268,0.9405
45,Test,Leaf Class (Sigmoid),15,leaf_beetle,0.0226,0.0031,0.0054
45,Test,Leaf Class (Sigmoid),16,midge,0.9625,0.9875,0.9748
45,Test,Leaf Class (Sigmoid),17,moth,0.7726,0.909,0.8353
45,Test,Leaf Class (Sigmoid),18,robber_fly,0.8457,0.7782,0.8106
45,Test,Leaf Class (Sigmoid),19,spider,0.6092,0.8752,0.7184
45,Test,Leaf Class (Sigmoid),20,wasp,0.7707,0.84,0.8039
45,Test,Leaf Class (Sigmoid),21,weevil,0.962,0.7222,0.8251
46,Train,PF4,0,Arachnida,0.9233,0.9905,0.9557
46,Train,PF4,1,Insecta,0.9999,0.9993,0.9996
46,Train,PF3,0,Araneae,0.9755,0.9755,0.9755
46,Train,PF3,1,Coleoptera,0.9896,0.9893,0.9895
46,Train,PF3,2,Dermaptera,0.9481,0.9628,0.9554
46,Train,PF3,3,Diptera,0.9912,0.989,0.9901
46,Train,PF3,4,Hemiptera,0.9829,0.9402,0.9611
46,Train,PF3,5,Hymenoptera,0.9783,0.9773,0.9778
46,Train,PF3,6,Lepidoptera,0.9799,0.9541,0.9668
46,Train,PF3,7,Mecoptera,0.7949,0.2919,0.427
46,Train,PF3,8,Neuroptera,0.9833,0.9958,0.9895
46,Train,PF3,9,Orthoptera,0.863,0.9914,0.9228
46,Train,PF3,10,Trichoptera,0.997,0.9898,0.9934
46,Train,PF2,0,Apocrita,0.9884,0.975,0.9816
46,Train,PF2,1,Arneomorphae,0.985,0.9496,0.967
46,Train,PF2,2,Brachycera,0.9898,0.9901,0.9899
46,Train,PF2,3,Forficulina,0.9569,0.9636,0.9602
46,Train,PF2,4,Glossata,0.9833,0.9308,0.9563
46,Train,PF2,5,Hemerobiiformia,0.987,0.9939,0.9904
46,Train,PF2,6,Heteroptera,0.9842,0.9464,0.9649
46,Train,PF2,7,Integripalpia,0.9973,0.9871,0.9922
46,Train,PF2,8,Nematocera,0.996,0.9845,0.9902
46,Train,PF2,9,Polyphaga,0.9929,0.9878,0.9903
46,Train,PF2,10,Symphyta,0.9576,0.9696,0.9635
46,Train,PF2,11,grasshopper,0.8104,0.9954,0.8934
46,Train,PF2,12,scorpion_fly,0.6246,0.0847,0.1492
46,Train,PF1,0,Aculeata,0.9863,0.9806,0.9834
46,Train,PF1,1,Araneomorphae,0.9791,0.983,0.9811
46,Train,PF1,2,Asilomorpha,0.989,0.9892,0.9891
46,Train,PF1,3,Bibionomorpha,0.9939,0.9904,0.9921
46,Train,PF1,4,Cucujiformia,0.994,0.9904,0.9922
46,Train,PF1,5,Culicomorpha,0.9977,0.9892,0.9934
46,Train,PF1,6,Epidermaptera,0.9674,0.9651,0.9662
46,Train,PF1,7,Heterocera,0.9899,0.9628,0.9761
46,Train,PF1,8,Muscomorpha,0.9861,0.9936,0.9898
46,Train,PF1,9,Parasitica,0.9768,0.9526,0.9645
46,Train,PF1,10,Pentatomomorpha,0.9894,0.9498,0.9692
46,Train,PF1,11,Plenitentoria,0.994,0.9966,0.9953
46,Train,PF1,12,Rhopalocera,0.9821,0.9782,0.9801
46,Train,PF1,13,lacewing,0.9828,0.9972,0.99
46,Train,PF1,14,saw_fly,0.9733,0.9691,0.9712
46,Train,Leaf Class (Softmax),0,Ichneumonoidea,0.9774,0.9633,0.9703
46,Train,Leaf Class (Softmax),1,Muscoidea,0.8455,0.8202,0.8327
46,Train,Leaf Class (Softmax),2,ant,0.9871,0.9916,0.9893
46,Train,Leaf Class (Softmax),3,ant_beetle,0.9933,0.9918,0.9925
46,Train,Leaf Class (Softmax),4,bug,0.9779,0.9712,0.9745
46,Train,Leaf Class (Softmax),5,butterfly,0.9862,0.9806,0.9834
46,Train,Leaf Class (Softmax),6,caddisfly,0.9962,0.9966,0.9964
46,Train,Leaf Class (Softmax),7,dance_fly,0.9784,0.9719,0.9752
46,Train,Leaf Class (Softmax),8,earwig,0.9803,0.9636,0.9719
46,Train,Leaf Class (Softmax),9,fever_fly,0.9921,0.9911,0.9916
46,Train,Leaf Class (Softmax),10,flesh_fly,0.9671,0.968,0.9676
46,Train,Leaf Class (Softmax),11,fly,0.8168,0.843,0.8297
46,Train,Leaf Class (Softmax),12,fruit_fly,0.9856,0.9868,0.9862
46,Train,Leaf Class (Softmax),13,hoverfly,0.9825,0.9844,0.9835
46,Train,Leaf Class (Softmax),14,ladybug,0.9914,0.9916,0.9915
46,Train,Leaf Class (Softmax),15,leaf_beetle,0.9924,0.9935,0.9929
46,Train,Leaf Class (Softmax),16,midge,0.9954,0.9926,0.994
46,Train,Leaf Class (Softmax),17,moth,0.9835,0.983,0.9833
46,Train,Leaf Class (Softmax),18,robber_fly,0.9926,0.991,0.9918
46,Train,Leaf Class (Softmax),19,spider,0.9787,0.986,0.9824
46,Train,Leaf Class (Softmax),20,wasp,0.9368,0.9108,0.9236
46,Train,Leaf Class (Softmax),21,weevil,0.995,0.9957,0.9954
46,Train,Leaf Class (Sigmoid),0,Ichneumonoidea,0.9619,0.9678,0.9649
46,Train,Leaf Class (Sigmoid),1,Muscoidea,0.7628,0.9041,0.8274
46,Train,Leaf Class (Sigmoid),2,ant,0.9888,0.9897,0.9892
46,Train,Leaf Class (Sigmoid),3,ant_beetle,0.9891,0.9895,0.9893
46,Train,Leaf Class (Sigmoid),4,bug,0.9871,0.9492,0.9678
46,Train,Leaf Class (Sigmoid),5,butterfly,0.9926,0.9725,0.9824
46,Train,Leaf Class (Sigmoid),6,caddisfly,0.9951,0.9966,0.9958
46,Train,Leaf Class (Sigmoid),7,dance_fly,0.9855,0.9565,0.9708
46,Train,Leaf Class (Sigmoid),8,earwig,0.9794,0.9566,0.9678
46,Train,Leaf Class (Sigmoid),9,fever_fly,0.9925,0.9872,0.9898
46,Train,Leaf Class (Sigmoid),10,flesh_fly,0.9571,0.9706,0.9638
46,Train,Leaf Class (Sigmoid),11,fly,0.8795,0.7247,0.7946
46,Train,Leaf Class (Sigmoid),12,fruit_fly,0.9803,0.9879,0.9841
46,Train,Leaf Class (Sigmoid),13,hoverfly,0.9829,0.9821,0.9825
46,Train,Leaf Class (Sigmoid),14,ladybug,0.9853,0.9924,0.9889
46,Train,Leaf Class (Sigmoid),15,leaf_beetle,0.9886,0.9944,0.9915
46,Train,Leaf Class (Sigmoid),16,midge,0.9985,0.989,0.9937
46,Train,Leaf Class (Sigmoid),17,moth,0.9924,0.9667,0.9794
46,Train,Leaf Class (Sigmoid),18,robber_fly,0.9887,0.9919,0.9903
46,Train,Leaf Class (Sigmoid),19,spider,0.9796,0.9815,0.9806
46,Train,Leaf Class (Sigmoid),20,wasp,0.9428,0.8952,0.9184
46,Train,Leaf Class (Sigmoid),21,weevil,0.9961,0.9919,0.994
46,Test,PF4,0,Arachnida,0.5591,0.8795,0.6836
46,Test,PF4,1,Insecta,0.9972,0.984,0.9905
46,Test,PF3,0,Araneae,0.6181,0.8783,0.7255
46,Test,PF3,1,Coleoptera,0.9154,0.8013,0.8546
46,Test,PF3,2,Dermaptera,0.8317,0.0819,0.1491
46,Test,PF3,3,Diptera,0.9205,0.9507,0.9353
46,Test,PF3,4,Hemiptera,0.9479,0.7142,0.8146
46,Test,PF3,5,Hymenoptera,0.8196,0.8283,0.8239
46,Test,PF3,6,Lepidoptera,0.6811,0.6081,0.6425
46,Test,PF3,7,Mecoptera,0.1703,0.2438,0.2005
46,Test,PF3,8,Neuroptera,0.7378,0.5809,0.65
46,Test,PF3,9,Orthoptera,0.6627,0.9545,0.7823
46,Test,PF3,10,Trichoptera,0.9995,0.819,0.9003
46,Test,PF2,0,Apocrita,0.8313,0.8334,0.8323
46,Test,PF2,1,Arneomorphae,0.6416,0.8783,0.7415
46,Test,PF2,2,Brachycera,0.8995,0.9444,0.9214
46,Test,PF2,3,Forficulina,0.798,0.077,0.1404
46,Test,PF2,4,Glossata,0.6724,0.5809,0.6233
46,Test,PF2,5,Hemerobiiformia,0.8629,0.5663,0.6838
46,Test,PF2,6,Heteroptera,0.943,0.7134,0.8123
46,Test,PF2,7,Integripalpia,0.9995,0.8185,0.9
46,Test,PF2,8,Nematocera,0.9606,0.954,0.9573
46,Test,PF2,9,Polyphaga,0.9382,0.7986,0.8628
46,Test,PF2,10,Symphyta,0.8242,0.768,0.7951
46,Test,PF2,11,grasshopper,0.55,0.9768,0.7037
46,Test,PF2,12,scorpion_fly,0.1614,0.0661,0.0938
46,Test,PF1,0,Aculeata,0.8404,0.8569,0.8485
46,Test,PF1,1,Araneomorphae,0.6343,0.877,0.7361
46,Test,PF1,2,Asilomorpha,0.799,0.7829,0.7909
46,Test,PF1,3,Bibionomorpha,0.9967,0.857,0.9216
46,Test,PF1,4,Cucujiformia,0.9278,0.7993,0.8588
46,Test,PF1,5,Culicomorpha,0.8921,0.9918,0.9393
46,Test,PF1,6,Epidermaptera,0.7922,0.0595,0.1106
46,Test,PF1,7,Heterocera,0.662,0.4838,0.559
46,Test,PF1,8,Muscomorpha,0.823,0.9234,0.8703
46,Test,PF1,9,Parasitica,0.4301,0.648,0.517
46,Test,PF1,10,Pentatomomorpha,0.9296,0.7119,0.8063
46,Test,PF1,11,Plenitentoria,0.997,0.8513,0.9184
46,Test,PF1,12,Rhopalocera,0.6828,0.9478,0.7937
46,Test,PF1,13,lacewing,0.5305,0.611,0.5679
46,Test,PF1,14,saw_fly,0.8118,0.7509,0.7801
46,Test,Leaf Class (Softmax),0,Ichneumonoidea,0.4114,0.7287,0.5259
46,Test,Leaf Class (Softmax),1,Muscoidea,0.3722,0.613,0.4632
46,Test,Leaf Class (Softmax),2,ant,0.8474,0.8595,0.8534
46,Test,Leaf Class (Softmax),3,ant_beetle,0.866,0.9409,0.9019
46,Test,Leaf Class (Softmax),4,bug,0.9442,0.7173,0.8152
46,Test,Leaf Class (Softmax),5,butterfly,0.7012,0.9458,0.8054
46,Test,Leaf Class (Softmax),6,caddisfly,0.999,0.8573,0.9228
46,Test,Leaf Class (Softmax),7,dance_fly,0.8838,0.6613,0.7565
46,Test,Leaf Class (Softmax),8,earwig,0.8649,0.0312,0.0602
46,Test,Leaf Class (Softmax),9,fever_fly,0.9975,0.8408,0.9124
46,Test,Leaf Class (Softmax),10,flesh_fly,0.7919,0.7352,0.7625
46,Test,Leaf Class (Softmax),11,fly,0.3987,0.4435,0.4199
46,Test,Leaf Class (Softmax),12,fruit_fly,0.8609,0.6218,0.722
46,Test,Leaf Class (Softmax),13,hoverfly,0.834,0.8128,0.8232
46,Test,Leaf Class (Softmax),14,ladybug,0.9164,0.9512,0.9335
46,Test,Leaf Class (Softmax),15,leaf_beetle,0.0755,0.0246,0.0371
46,Test,Leaf Class (Softmax),16,midge,0.9103,0.9925,0.9496
46,Test,Leaf Class (Softmax),17,moth,0.7893,0.604,0.6843
46,Test,Leaf Class (Softmax),18,robber_fly,0.5988,0.8148,0.6902
46,Test,Leaf Class (Softmax),19,spider,0.6227,0.8758,0.7279
46,Test,Leaf Class (Softmax),20,wasp,0.926,0.8073,0.8626
46,Test,Leaf Class (Softmax),21,weevil,0.9114,0.7378,0.8154
46,Test,Leaf Class (Sigmoid),0,Ichneumonoidea,0.4483,0.6906,0.5437
46,Test,Leaf Class (Sigmoid),1,Muscoidea,0.411,0.5335,0.4643
46,Test,Leaf Class (Sigmoid),2,ant,0.84,0.8752,0.8572
46,Test,Leaf Class (Sigmoid),3,ant_beetle,0.8789,0.949,0.9126
46,Test,Leaf Class (Sigmoid),4,bug,0.8752,0.7188,0.7893
46,Test,Leaf Class (Sigmoid),5,butterfly,0.6957,0.9596,0.8066
46,Test,Leaf Class (Sigmoid),6,caddisfly,0.9995,0.8246,0.9036
46,Test,Leaf Class (Sigmoid),7,dance_fly,0.8631,0.6735,0.7566
46,Test,Leaf Class (Sigmoid),8,earwig,0.7333,0.0322,0.0616
46,Test,Leaf Class (Sigmoid),9,fever_fly,0.9992,0.8585,0.9235
46,Test,Leaf Class (Sigmoid),10,flesh_fly,0.8141,0.752,0.7818
46,Test,Leaf Class (Sigmoid),11,fly,0.3826,0.531,0.4447
46,Test,Leaf Class (Sigmoid),12,fruit_fly,0.8847,0.614,0.7249
46,Test,Leaf Class (Sigmoid),13,hoverfly,0.8324,0.8218,0.827
46,Test,Leaf Class (Sigmoid),14,ladybug,0.9322,0.948,0.94
46,Test,Leaf Class (Sigmoid),15,leaf_beetle,0.0637,0.0123,0.0206
46,Test,Leaf Class (Sigmoid),16,midge,0.8854,0.9932,0.9363
46,Test,Leaf Class (Sigmoid),17,moth,0.7719,0.7978,0.7846
46,Test,Leaf Class (Sigmoid),18,robber_fly,0.7201,0.811,0.7628
46,Test,Leaf Class (Sigmoid),19,spider,0.6182,0.8758,0.7248
46,Test,Leaf Class (Sigmoid),20,wasp,0.884,0.8045,0.8424
46,Test,Leaf Class (Sigmoid),21,weevil,0.8751,0.7445,0.8045
47,Train,PF4,0,Arachnida,0.9401,0.9955,0.967
47,Train,PF4,1,Insecta,1.0,0.9995,0.9997
47,Train,PF3,0,Araneae,0.9801,0.9825,0.9813
47,Train,PF3,1,Coleoptera,0.9896,0.9901,0.9898
47,Train,PF3,2,Dermaptera,0.9549,0.9682,0.9615
47,Train,PF3,3,Diptera,0.9919,0.9889,0.9904
47,Train,PF3,4,Hemiptera,0.9865,0.9464,0.966
47,Train,PF3,5,Hymenoptera,0.9787,0.9775,0.9781
47,Train,PF3,6,Lepidoptera,0.981,0.9593,0.9701
47,Train,PF3,7,Mecoptera,0.7972,0.3282,0.465
47,Train,PF3,8,Neuroptera,0.9819,0.9956,0.9887
47,Train,PF3,9,Orthoptera,0.8697,0.9921,0.9269
47,Train,PF3,10,Trichoptera,0.9966,0.9883,0.9924
47,Train,PF2,0,Apocrita,0.9891,0.9758,0.9824
47,Train,PF2,1,Arneomorphae,0.9928,0.9591,0.9756
47,Train,PF2,2,Brachycera,0.9904,0.9904,0.9904
47,Train,PF2,3,Forficulina,0.9644,0.9667,0.9655
47,Train,PF2,4,Glossata,0.9846,0.941,0.9623
47,Train,PF2,5,Hemerobiiformia,0.9872,0.9941,0.9906
47,Train,PF2,6,Heteroptera,0.9888,0.9464,0.9671
47,Train,PF2,7,Integripalpia,0.9973,0.9849,0.991
47,Train,PF2,8,Nematocera,0.9951,0.9835,0.9893
47,Train,PF2,9,Polyphaga,0.9932,0.9883,0.9908
47,Train,PF2,10,Symphyta,0.957,0.967,0.962
47,Train,PF2,11,grasshopper,0.8154,0.9961,0.8967
47,Train,PF2,12,scorpion_fly,0.5918,0.0879,0.1531
47,Train,PF1,0,Aculeata,0.9863,0.98,0.9831
47,Train,PF1,1,Araneomorphae,0.9865,0.983,0.9847
47,Train,PF1,2,Asilomorpha,0.9889,0.9887,0.9888
47,Train,PF1,3,Bibionomorpha,0.9925,0.9914,0.992
47,Train,PF1,4,Cucujiformia,0.994,0.9909,0.9925
47,Train,PF1,5,Culicomorpha,0.9975,0.9899,0.9937
47,Train,PF1,6,Epidermaptera,0.9728,0.9698,0.9713
47,Train,PF1,7,Heterocera,0.992,0.9677,0.9797
47,Train,PF1,8,Muscomorpha,0.9863,0.9933,0.9898
47,Train,PF1,9,Parasitica,0.9719,0.9563,0.9641
47,Train,PF1,10,Pentatomomorpha,0.9905,0.9447,0.9671
47,Train,PF1,11,Plenitentoria,0.9947,0.9943,0.9945
47,Train,PF1,12,Rhopalocera,0.983,0.9846,0.9838
47,Train,PF1,13,lacewing,0.9828,0.9976,0.9901
47,Train,PF1,14,saw_fly,0.97,0.9665,0.9682
47,Train,Leaf Class (Softmax),0,Ichneumonoidea,0.968,0.9608,0.9644
47,Train,Leaf Class (Softmax),1,Muscoidea,0.8483,0.8222,0.8351
47,Train,Leaf Class (Softmax),2,ant,0.9883,0.9919,0.9901
47,Train,Leaf Class (Softmax),3,ant_beetle,0.9936,0.9944,0.994
47,Train,Leaf Class (Softmax),4,bug,0.979,0.9707,0.9748
47,Train,Leaf Class (Softmax),5,butterfly,0.9887,0.9871,0.9879
47,Train,Leaf Class (Softmax),6,caddisfly,0.9955,0.9962,0.9958
47,Train,Leaf Class (Softmax),7,dance_fly,0.979,0.9692,0.9741
47,Train,Leaf Class (Softmax),8,earwig,0.9836,0.9744,0.979
47,Train,Leaf Class (Softmax),9,fever_fly,0.9936,0.9932,0.9934
47,Train,Leaf Class (Softmax),10,flesh_fly,0.9659,0.9644,0.9652
47,Train,Leaf Class (Softmax),11,fly,0.8181,0.846,0.8318
47,Train,Leaf Class (Softmax),12,fruit_fly,0.9873,0.9876,0.9874
47,Train,Leaf Class (Softmax),13,hoverfly,0.983,0.9844,0.9837
47,Train,Leaf Class (Softmax),14,ladybug,0.9918,0.9919,0.9918
47,Train,Leaf Class (Softmax),15,leaf_beetle,0.9936,0.9953,0.9944
47,Train,Leaf Class (Softmax),16,midge,0.9943,0.992,0.9931
47,Train,Leaf Class (Softmax),17,moth,0.9857,0.9843,0.985
47,Train,Leaf Class (Softmax),18,robber_fly,0.9921,0.9908,0.9914
47,Train,Leaf Class (Softmax),19,spider,0.9826,0.9895,0.9861
47,Train,Leaf Class (Softmax),20,wasp,0.9377,0.9175,0.9275
47,Train,Leaf Class (Softmax),21,weevil,0.9945,0.9948,0.9946
47,Train,Leaf Class (Sigmoid),0,Ichneumonoidea,0.9574,0.9728,0.965
47,Train,Leaf Class (Sigmoid),1,Muscoidea,0.7628,0.9077,0.829
47,Train,Leaf Class (Sigmoid),2,ant,0.9887,0.9902,0.9895
47,Train,Leaf Class (Sigmoid),3,ant_beetle,0.9918,0.994,0.9929
47,Train,Leaf Class (Sigmoid),4,bug,0.9866,0.9554,0.9708
47,Train,Leaf Class (Sigmoid),5,butterfly,0.9909,0.9701,0.9804
47,Train,Leaf Class (Sigmoid),6,caddisfly,0.9943,0.9951,0.9947
47,Train,Leaf Class (Sigmoid),7,dance_fly,0.9896,0.9598,0.9745
47,Train,Leaf Class (Sigmoid),8,earwig,0.9873,0.9674,0.9773
47,Train,Leaf Class (Sigmoid),9,fever_fly,0.9943,0.9907,0.9925
47,Train,Leaf Class (Sigmoid),10,flesh_fly,0.9579,0.9679,0.9629
47,Train,Leaf Class (Sigmoid),11,fly,0.8834,0.7238,0.7957
47,Train,Leaf Class (Sigmoid),12,fruit_fly,0.9832,0.9893,0.9863
47,Train,Leaf Class (Sigmoid),13,hoverfly,0.9833,0.9834,0.9833
47,Train,Leaf Class (Sigmoid),14,ladybug,0.9862,0.9934,0.9898
47,Train,Leaf Class (Sigmoid),15,leaf_beetle,0.9882,0.9954,0.9918
47,Train,Leaf Class (Sigmoid),16,midge,0.9988,0.988,0.9934
47,Train,Leaf Class (Sigmoid),17,moth,0.9931,0.9709,0.9819
47,Train,Leaf Class (Sigmoid),18,robber_fly,0.9893,0.9915,0.9904
47,Train,Leaf Class (Sigmoid),19,spider,0.982,0.9825,0.9823
47,Train,Leaf Class (Sigmoid),20,wasp,0.9467,0.8894,0.9171
47,Train,Leaf Class (Sigmoid),21,weevil,0.9958,0.9912,0.9935
47,Test,PF4,0,Arachnida,0.6491,0.8752,0.7454
47,Test,PF4,1,Insecta,0.9971,0.9891,0.9931
47,Test,PF3,0,Araneae,0.6606,0.8758,0.7531
47,Test,PF3,1,Coleoptera,0.9253,0.7753,0.8437
47,Test,PF3,2,Dermaptera,0.8951,0.1413,0.2441
47,Test,PF3,3,Diptera,0.901,0.9482,0.924
47,Test,PF3,4,Hemiptera,0.9635,0.6718,0.7916
47,Test,PF3,5,Hymenoptera,0.8178,0.8432,0.8303
47,Test,PF3,6,Lepidoptera,0.7053,0.5136,0.5944
47,Test,PF3,7,Mecoptera,0.1807,0.1582,0.1687
47,Test,PF3,8,Neuroptera,0.7113,0.5855,0.6423
47,Test,PF3,9,Orthoptera,0.6086,0.9915,0.7542
47,Test,PF3,10,Trichoptera,0.9986,0.9379,0.9673
47,Test,PF2,0,Apocrita,0.7991,0.8562,0.8267
47,Test,PF2,1,Arneomorphae,0.6818,0.8746,0.7663
47,Test,PF2,2,Brachycera,0.8916,0.9386,0.9145
47,Test,PF2,3,Forficulina,0.8571,0.0877,0.1592
47,Test,PF2,4,Glossata,0.7064,0.5182,0.5979
47,Test,PF2,5,Hemerobiiformia,0.8273,0.5382,0.6522
47,Test,PF2,6,Heteroptera,0.9678,0.6718,0.7931
47,Test,PF2,7,Integripalpia,0.999,0.8556,0.9218
47,Test,PF2,8,Nematocera,0.9009,0.9741,0.9361
47,Test,PF2,9,Polyphaga,0.9519,0.7735,0.8535
47,Test,PF2,10,Symphyta,0.8924,0.7646,0.8236
47,Test,PF2,11,grasshopper,0.5326,0.9978,0.6944
47,Test,PF2,12,scorpion_fly,0.2041,0.0649,0.0984
47,Test,PF1,0,Aculeata,0.7768,0.8909,0.83
47,Test,PF1,1,Araneomorphae,0.6679,0.8758,0.7579
47,Test,PF1,2,Asilomorpha,0.8172,0.7607,0.7879
47,Test,PF1,3,Bibionomorpha,0.9521,0.9278,0.9398
47,Test,PF1,4,Cucujiformia,0.9416,0.7719,0.8484
47,Test,PF1,5,Culicomorpha,0.8856,0.9932,0.9364
47,Test,PF1,6,Epidermaptera,0.7815,0.0906,0.1624
47,Test,PF1,7,Heterocera,0.7543,0.416,0.5363
47,Test,PF1,8,Muscomorpha,0.8186,0.9182,0.8656
47,Test,PF1,9,Parasitica,0.6045,0.6614,0.6317
47,Test,PF1,10,Pentatomomorpha,0.9591,0.6687,0.788
47,Test,PF1,11,Plenitentoria,0.9985,0.8621,0.9253
47,Test,PF1,12,Rhopalocera,0.5667,0.9704,0.7156
47,Test,PF1,13,lacewing,0.4805,0.6932,0.5676
47,Test,PF1,14,saw_fly,0.8853,0.76,0.8179
47,Test,Leaf Class (Softmax),0,Ichneumonoidea,0.5136,0.7197,0.5994
47,Test,Leaf Class (Softmax),1,Muscoidea,0.3867,0.6318,0.4798
47,Test,Leaf Class (Softmax),2,ant,0.7743,0.8902,0.8282
47,Test,Leaf Class (Softmax),3,ant_beetle,0.8972,0.9224,0.9096
47,Test,Leaf Class (Softmax),4,bug,0.9788,0.6757,0.7995
47,Test,Leaf Class (Softmax),5,butterfly,0.607,0.9586,0.7433
47,Test,Leaf Class (Softmax),6,caddisfly,0.9966,0.8724,0.9304
47,Test,Leaf Class (Softmax),7,dance_fly,0.9062,0.5751,0.7037
47,Test,Leaf Class (Softmax),8,earwig,0.7761,0.0507,0.0952
47,Test,Leaf Class (Softmax),9,fever_fly,0.9901,0.9229,0.9553
47,Test,Leaf Class (Softmax),10,flesh_fly,0.7864,0.7372,0.761
47,Test,Leaf Class (Softmax),11,fly,0.4188,0.4608,0.4388
47,Test,Leaf Class (Softmax),12,fruit_fly,0.8149,0.6338,0.713
47,Test,Leaf Class (Softmax),13,hoverfly,0.7574,0.804,0.78
47,Test,Leaf Class (Softmax),14,ladybug,0.9613,0.9195,0.9399
47,Test,Leaf Class (Softmax),15,leaf_beetle,0.042,0.0077,0.013
47,Test,Leaf Class (Softmax),16,midge,0.893,0.993,0.9403
47,Test,Leaf Class (Softmax),17,moth,0.8655,0.55,0.6726
47,Test,Leaf Class (Softmax),18,robber_fly,0.6147,0.7857,0.6898
47,Test,Leaf Class (Softmax),19,spider,0.6615,0.8722,0.7524
47,Test,Leaf Class (Softmax),20,wasp,0.8405,0.8428,0.8416
47,Test,Leaf Class (Softmax),21,weevil,0.9027,0.763,0.827
47,Test,Leaf Class (Sigmoid),0,Ichneumonoidea,0.5487,0.6951,0.6133
47,Test,Leaf Class (Sigmoid),1,Muscoidea,0.4176,0.5312,0.4676
47,Test,Leaf Class (Sigmoid),2,ant,0.7744,0.9,0.8325
47,Test,Leaf Class (Sigmoid),3,ant_beetle,0.9164,0.932,0.9241
47,Test,Leaf Class (Sigmoid),4,bug,0.9651,0.6818,0.7991
47,Test,Leaf Class (Sigmoid),5,butterfly,0.5808,0.9704,0.7267
47,Test,Leaf Class (Sigmoid),6,caddisfly,0.9984,0.8276,0.905
47,Test,Leaf Class (Sigmoid),7,dance_fly,0.8314,0.5866,0.6878
47,Test,Leaf Class (Sigmoid),8,earwig,0.8352,0.0741,0.1361
47,Test,Leaf Class (Sigmoid),9,fever_fly,0.9641,0.9306,0.9471
47,Test,Leaf Class (Sigmoid),10,flesh_fly,0.8271,0.7345,0.7781
47,Test,Leaf Class (Sigmoid),11,fly,0.4154,0.5863,0.4863
47,Test,Leaf Class (Sigmoid),12,fruit_fly,0.8571,0.6135,0.7151
47,Test,Leaf Class (Sigmoid),13,hoverfly,0.7312,0.8155,0.7711
47,Test,Leaf Class (Sigmoid),14,ladybug,0.968,0.923,0.945
47,Test,Leaf Class (Sigmoid),15,leaf_beetle,0.0389,0.0054,0.0095
47,Test,Leaf Class (Sigmoid),16,midge,0.8589,0.9935,0.9213
47,Test,Leaf Class (Sigmoid),17,moth,0.8515,0.7882,0.8186
47,Test,Leaf Class (Sigmoid),18,robber_fly,0.7983,0.7837,0.791
47,Test,Leaf Class (Sigmoid),19,spider,0.6472,0.8734,0.7435
47,Test,Leaf Class (Sigmoid),20,wasp,0.8311,0.8437,0.8373
47,Test,Leaf Class (Sigmoid),21,weevil,0.8791,0.7705,0.8212
48,Train,PF4,0,Arachnida,0.9381,0.9915,0.9641
48,Train,PF4,1,Insecta,0.9999,0.9994,0.9997
48,Train,PF3,0,Araneae,0.9786,0.9805,0.9796
48,Train,PF3,1,Coleoptera,0.9896,0.9901,0.9899
48,Train,PF3,2,Dermaptera,0.9523,0.976,0.964
48,Train,PF3,3,Diptera,0.9916,0.9894,0.9905
48,Train,PF3,4,Hemiptera,0.9859,0.9487,0.9669
48,Train,PF3,5,Hymenoptera,0.9796,0.9767,0.9781
48,Train,PF3,6,Lepidoptera,0.9804,0.9567,0.9684
48,Train,PF3,7,Mecoptera,0.8006,0.3075,0.4444
48,Train,PF3,8,Neuroptera,0.9828,0.9957,0.9892
48,Train,PF3,9,Orthoptera,0.8688,0.9926,0.9266
48,Train,PF3,10,Trichoptera,0.9977,0.9909,0.9943
48,Train,PF2,0,Apocrita,0.9883,0.9746,0.9814
48,Train,PF2,1,Arneomorphae,0.9892,0.9586,0.9736
48,Train,PF2,2,Brachycera,0.9904,0.9905,0.9904
48,Train,PF2,3,Forficulina,0.9611,0.9767,0.9689
48,Train,PF2,4,Glossata,0.9841,0.9372,0.9601
48,Train,PF2,5,Hemerobiiformia,0.9876,0.9942,0.9909
48,Train,PF2,6,Heteroptera,0.9866,0.9554,0.9708
48,Train,PF2,7,Integripalpia,0.9973,0.986,0.9916
48,Train,PF2,8,Nematocera,0.9969,0.9875,0.9921
48,Train,PF2,9,Polyphaga,0.9928,0.9881,0.9904
48,Train,PF2,10,Symphyta,0.9584,0.9721,0.9652
48,Train,PF2,11,grasshopper,0.8147,0.9964,0.8964
48,Train,PF2,12,scorpion_fly,0.6311,0.0794,0.1411
48,Train,PF1,0,Aculeata,0.9864,0.9797,0.983
48,Train,PF1,1,Araneomorphae,0.9865,0.9855,0.986
48,Train,PF1,2,Asilomorpha,0.9883,0.9893,0.9888
48,Train,PF1,3,Bibionomorpha,0.9964,0.9957,0.9961
48,Train,PF1,4,Cucujiformia,0.9943,0.9905,0.9924
48,Train,PF1,5,Culicomorpha,0.9981,0.9905,0.9943
48,Train,PF1,6,Epidermaptera,0.9692,0.9744,0.9718
48,Train,PF1,7,Heterocera,0.9916,0.9658,0.9785
48,Train,PF1,8,Muscomorpha,0.9867,0.9936,0.9901
48,Train,PF1,9,Parasitica,0.9731,0.9559,0.9644
48,Train,PF1,10,Pentatomomorpha,0.9906,0.9543,0.9721
48,Train,PF1,11,Plenitentoria,0.9966,0.9974,0.997
48,Train,PF1,12,Rhopalocera,0.9758,0.979,0.9774
48,Train,PF1,13,lacewing,0.983,0.9972,0.9901
48,Train,PF1,14,saw_fly,0.9743,0.9701,0.9722
48,Train,Leaf Class (Softmax),0,Ichneumonoidea,0.9718,0.965,0.9684
48,Train,Leaf Class (Softmax),1,Muscoidea,0.852,0.8224,0.8369
48,Train,Leaf Class (Softmax),2,ant,0.9874,0.9919,0.9896
48,Train,Leaf Class (Softmax),3,ant_beetle,0.9921,0.9925,0.9923
48,Train,Leaf Class (Softmax),4,bug,0.9796,0.9763,0.978
48,Train,Leaf Class (Softmax),5,butterfly,0.9829,0.9773,0.9801
48,Train,Leaf Class (Softmax),6,caddisfly,0.9977,0.997,0.9973
48,Train,Leaf Class (Softmax),7,dance_fly,0.9744,0.9699,0.9722
48,Train,Leaf Class (Softmax),8,earwig,0.9844,0.976,0.9801
48,Train,Leaf Class (Softmax),9,fever_fly,0.9968,0.9964,0.9966
48,Train,Leaf Class (Softmax),10,flesh_fly,0.9691,0.968,0.9686
48,Train,Leaf Class (Softmax),11,fly,0.818,0.8512,0.8342
48,Train,Leaf Class (Softmax),12,fruit_fly,0.9886,0.9885,0.9886
48,Train,Leaf Class (Softmax),13,hoverfly,0.9836,0.9846,0.9841
48,Train,Leaf Class (Softmax),14,ladybug,0.991,0.9913,0.9912
48,Train,Leaf Class (Softmax),15,leaf_beetle,0.9946,0.9953,0.9949
48,Train,Leaf Class (Softmax),16,midge,0.9958,0.9928,0.9943
48,Train,Leaf Class (Softmax),17,moth,0.9862,0.9834,0.9848
48,Train,Leaf Class (Softmax),18,robber_fly,0.9921,0.9907,0.9914
48,Train,Leaf Class (Softmax),19,spider,0.9837,0.9915,0.9876
48,Train,Leaf Class (Softmax),20,wasp,0.9388,0.9095,0.9239
48,Train,Leaf Class (Softmax),21,weevil,0.9937,0.9937,0.9937
48,Train,Leaf Class (Sigmoid),0,Ichneumonoidea,0.96,0.9687,0.9643
48,Train,Leaf Class (Sigmoid),1,Muscoidea,0.7705,0.9065,0.833
48,Train,Leaf Class (Sigmoid),2,ant,0.9881,0.9897,0.9889
48,Train,Leaf Class (Sigmoid),3,ant_beetle,0.9914,0.9906,0.991
48,Train,Leaf Class (Sigmoid),4,bug,0.9896,0.9622,0.9757
48,Train,Leaf Class (Sigmoid),5,butterfly,0.9884,0.9676,0.9779
48,Train,Leaf Class (Sigmoid),6,caddisfly,0.9973,0.997,0.9972
48,Train,Leaf Class (Sigmoid),7,dance_fly,0.9815,0.9592,0.9702
48,Train,Leaf Class (Sigmoid),8,earwig,0.9781,0.969,0.9735
48,Train,Leaf Class (Sigmoid),9,fever_fly,0.9979,0.9943,0.9961
48,Train,Leaf Class (Sigmoid),10,flesh_fly,0.9596,0.972,0.9658
48,Train,Leaf Class (Sigmoid),11,fly,0.882,0.735,0.8018
48,Train,Leaf Class (Sigmoid),12,fruit_fly,0.9844,0.9894,0.9869
48,Train,Leaf Class (Sigmoid),13,hoverfly,0.9846,0.9832,0.9839
48,Train,Leaf Class (Sigmoid),14,ladybug,0.9857,0.9941,0.9899
48,Train,Leaf Class (Sigmoid),15,leaf_beetle,0.9908,0.9957,0.9932
48,Train,Leaf Class (Sigmoid),16,midge,0.9992,0.9895,0.9944
48,Train,Leaf Class (Sigmoid),17,moth,0.9943,0.9703,0.9821
48,Train,Leaf Class (Sigmoid),18,robber_fly,0.9893,0.9917,0.9905
48,Train,Leaf Class (Sigmoid),19,spider,0.9835,0.9825,0.983
48,Train,Leaf Class (Sigmoid),20,wasp,0.9442,0.8906,0.9166
48,Train,Leaf Class (Sigmoid),21,weevil,0.995,0.9909,0.9929
48,Test,PF4,0,Arachnida,0.6055,0.8758,0.716
48,Test,PF4,1,Insecta,0.9971,0.9868,0.9919
48,Test,PF3,0,Araneae,0.635,0.8746,0.7358
48,Test,PF3,1,Coleoptera,0.9017,0.7859,0.8398
48,Test,PF3,2,Dermaptera,0.8519,0.0448,0.0852
48,Test,PF3,3,Diptera,0.9077,0.9474,0.9271
48,Test,PF3,4,Hemiptera,0.8784,0.7126,0.7869
48,Test,PF3,5,Hymenoptera,0.8566,0.8,0.8273
48,Test,PF3,6,Lepidoptera,0.7535,0.534,0.6251
48,Test,PF3,7,Mecoptera,0.1359,0.1051,0.1185
48,Test,PF3,8,Neuroptera,0.4972,0.5569,0.5254
48,Test,PF3,9,Orthoptera,0.5557,0.974,0.7077
48,Test,PF3,10,Trichoptera,0.9979,0.8328,0.9079
48,Test,PF2,0,Apocrita,0.849,0.826,0.8373
48,Test,PF2,1,Arneomorphae,0.6902,0.8746,0.7716
48,Test,PF2,2,Brachycera,0.8901,0.943,0.9158
48,Test,PF2,3,Forficulina,0.8382,0.0556,0.1042
48,Test,PF2,4,Glossata,0.7834,0.5394,0.6389
48,Test,PF2,5,Hemerobiiformia,0.5974,0.507,0.5485
48,Test,PF2,6,Heteroptera,0.8825,0.7057,0.7842
48,Test,PF2,7,Integripalpia,0.9984,0.8267,0.9045
48,Test,PF2,8,Nematocera,0.9467,0.9717,0.9591
48,Test,PF2,9,Polyphaga,0.9145,0.7831,0.8437
48,Test,PF2,10,Symphyta,0.9053,0.6352,0.7465
48,Test,PF2,11,grasshopper,0.504,0.987,0.6673
48,Test,PF2,12,scorpion_fly,0.1333,0.0519,0.0747
48,Test,PF1,0,Aculeata,0.832,0.874,0.8525
48,Test,PF1,1,Araneomorphae,0.6709,0.874,0.7591
48,Test,PF1,2,Asilomorpha,0.8548,0.7682,0.8092
48,Test,PF1,3,Bibionomorpha,0.9916,0.9222,0.9556
48,Test,PF1,4,Cucujiformia,0.9001,0.7895,0.8412
48,Test,PF1,5,Culicomorpha,0.9219,0.992,0.9557
48,Test,PF1,6,Epidermaptera,0.7541,0.0448,0.0846
48,Test,PF1,7,Heterocera,0.6811,0.3545,0.4663
48,Test,PF1,8,Muscomorpha,0.813,0.934,0.8693
48,Test,PF1,9,Parasitica,0.5901,0.639,0.6136
48,Test,PF1,10,Pentatomomorpha,0.878,0.7042,0.7815
48,Test,PF1,11,Plenitentoria,0.9968,0.9509,0.9733
48,Test,PF1,12,Rhopalocera,0.796,0.934,0.8595
48,Test,PF1,13,lacewing,0.3948,0.6745,0.4981
48,Test,PF1,14,saw_fly,0.8885,0.63,0.7373
48,Test,Leaf Class (Softmax),0,Ichneumonoidea,0.5157,0.7018,0.5945
48,Test,Leaf Class (Softmax),1,Muscoidea,0.3588,0.6352,0.4586
48,Test,Leaf Class (Softmax),2,ant,0.7919,0.8925,0.8392
48,Test,Leaf Class (Softmax),3,ant_beetle,0.8738,0.9157,0.8943
48,Test,Leaf Class (Softmax),4,bug,0.9189,0.7072,0.7993
48,Test,Leaf Class (Softmax),5,butterfly,0.8275,0.936,0.8784
48,Test,Leaf Class (Softmax),6,caddisfly,0.9973,0.9724,0.9847
48,Test,Leaf Class (Softmax),7,dance_fly,0.8218,0.6789,0.7435
48,Test,Leaf Class (Softmax),8,earwig,0.6667,0.0214,0.0415
48,Test,Leaf Class (Softmax),9,fever_fly,0.9946,0.9137,0.9524
48,Test,Leaf Class (Softmax),10,flesh_fly,0.7477,0.7075,0.727
48,Test,Leaf Class (Softmax),11,fly,0.4032,0.4648,0.4318
48,Test,Leaf Class (Softmax),12,fruit_fly,0.824,0.6038,0.6969
48,Test,Leaf Class (Softmax),13,hoverfly,0.8725,0.8158,0.8432
48,Test,Leaf Class (Softmax),14,ladybug,0.8933,0.9268,0.9097
48,Test,Leaf Class (Softmax),15,leaf_beetle,0.0775,0.0223,0.0346
48,Test,Leaf Class (Softmax),16,midge,0.9314,0.9918,0.9606
48,Test,Leaf Class (Softmax),17,moth,0.8798,0.8348,0.8567
48,Test,Leaf Class (Softmax),18,robber_fly,0.8227,0.805,0.8137
48,Test,Leaf Class (Softmax),19,spider,0.6836,0.874,0.7671
48,Test,Leaf Class (Softmax),20,wasp,0.921,0.7958,0.8538
48,Test,Leaf Class (Softmax),21,weevil,0.9199,0.7638,0.8346
48,Test,Leaf Class (Sigmoid),0,Ichneumonoidea,0.572,0.6771,0.6201
48,Test,Leaf Class (Sigmoid),1,Muscoidea,0.3785,0.5642,0.4531
48,Test,Leaf Class (Sigmoid),2,ant,0.7935,0.8935,0.8405
48,Test,Leaf Class (Sigmoid),3,ant_beetle,0.8887,0.9268,0.9074
48,Test,Leaf Class (Sigmoid),4,bug,0.8583,0.7096,0.7769
48,Test,Leaf Class (Sigmoid),5,butterfly,0.8071,0.9438,0.8701
48,Test,Leaf Class (Sigmoid),6,caddisfly,0.9991,0.9703,0.9845
48,Test,Leaf Class (Sigmoid),7,dance_fly,0.7569,0.6934,0.7237
48,Test,Leaf Class (Sigmoid),8,earwig,0.7632,0.0283,0.0545
48,Test,Leaf Class (Sigmoid),9,fever_fly,0.9916,0.9229,0.956
48,Test,Leaf Class (Sigmoid),10,flesh_fly,0.8118,0.6925,0.7474
48,Test,Leaf Class (Sigmoid),11,fly,0.3935,0.55,0.4588
48,Test,Leaf Class (Sigmoid),12,fruit_fly,0.8671,0.587,0.7001
48,Test,Leaf Class (Sigmoid),13,hoverfly,0.8667,0.8208,0.8431
48,Test,Leaf Class (Sigmoid),14,ladybug,0.9371,0.923,0.93
48,Test,Leaf Class (Sigmoid),15,leaf_beetle,0.0744,0.0177,0.0286
48,Test,Leaf Class (Sigmoid),16,midge,0.922,0.9928,0.9561
48,Test,Leaf Class (Sigmoid),17,moth,0.7975,0.8735,0.8338
48,Test,Leaf Class (Sigmoid),18,robber_fly,0.863,0.8015,0.8311
48,Test,Leaf Class (Sigmoid),19,spider,0.6459,0.874,0.7429
48,Test,Leaf Class (Sigmoid),20,wasp,0.9083,0.8128,0.8579
48,Test,Leaf Class (Sigmoid),21,weevil,0.8827,0.7732,0.8244
49,Train,PF4,0,Arachnida,0.9448,0.9905,0.9671
49,Train,PF4,1,Insecta,0.9999,0.9995,0.9997
49,Train,PF3,0,Araneae,0.9796,0.9805,0.98
49,Train,PF3,1,Coleoptera,0.9903,0.9912,0.9907
49,Train,PF3,2,Dermaptera,0.9693,0.9791,0.9742
49,Train,PF3,3,Diptera,0.9923,0.9899,0.9911
49,Train,PF3,4,Hemiptera,0.9836,0.9459,0.9643
49,Train,PF3,5,Hymenoptera,0.9802,0.9797,0.98
49,Train,PF3,6,Lepidoptera,0.9783,0.9586,0.9683
49,Train,PF3,7,Mecoptera,0.8131,0.294,0.4318
49,Train,PF3,8,Neuroptera,0.9845,0.9965,0.9905
49,Train,PF3,9,Orthoptera,0.8689,0.9918,0.9263
49,Train,PF3,10,Trichoptera,0.9973,0.9921,0.9947
49,Train,PF2,0,Apocrita,0.9892,0.9766,0.9828
49,Train,PF2,1,Arneomorphae,0.9862,0.9621,0.974
49,Train,PF2,2,Brachycera,0.9911,0.991,0.9911
49,Train,PF2,3,Forficulina,0.9729,0.9752,0.9741
49,Train,PF2,4,Glossata,0.9829,0.9416,0.9618
49,Train,PF2,5,Hemerobiiformia,0.9891,0.9948,0.992
49,Train,PF2,6,Heteroptera,0.9842,0.9504,0.967
49,Train,PF2,7,Integripalpia,0.9981,0.9868,0.9924
49,Train,PF2,8,Nematocera,0.9954,0.9836,0.9895
49,Train,PF2,9,Polyphaga,0.9938,0.989,0.9914
49,Train,PF2,10,Symphyta,0.9583,0.9755,0.9668
49,Train,PF2,11,grasshopper,0.8152,0.9959,0.8966
49,Train,PF2,12,scorpion_fly,0.6429,0.0733,0.1316
49,Train,PF1,0,Aculeata,0.9863,0.9824,0.9844
49,Train,PF1,1,Araneomorphae,0.983,0.982,0.9825
49,Train,PF1,2,Asilomorpha,0.9889,0.989,0.989
49,Train,PF1,3,Bibionomorpha,0.9939,0.9932,0.9936
49,Train,PF1,4,Cucujiformia,0.9945,0.9912,0.9929
49,Train,PF1,5,Culicomorpha,0.9969,0.9903,0.9936
49,Train,PF1,6,Epidermaptera,0.9775,0.9783,0.9779
49,Train,PF1,7,Heterocera,0.9907,0.968,0.9792
49,Train,PF1,8,Muscomorpha,0.9875,0.9935,0.9905
49,Train,PF1,9,Parasitica,0.974,0.9567,0.9653
49,Train,PF1,10,Pentatomomorpha,0.9882,0.947,0.9672
49,Train,PF1,11,Plenitentoria,0.9973,0.9966,0.997
49,Train,PF1,12,Rhopalocera,0.9821,0.9765,0.9793
49,Train,PF1,13,lacewing,0.9846,0.9976,0.9911
49,Train,PF1,14,saw_fly,0.9725,0.9749,0.9737
49,Train,Leaf Class (Softmax),0,Ichneumonoidea,0.975,0.9646,0.9697
49,Train,Leaf Class (Softmax),1,Muscoidea,0.8563,0.8246,0.8401
49,Train,Leaf Class (Softmax),2,ant,0.9882,0.9929,0.9905
49,Train,Leaf Class (Softmax),3,ant_beetle,0.9959,0.9933,0.9946
49,Train,Leaf Class (Softmax),4,bug,0.9796,0.9735,0.9765
49,Train,Leaf Class (Softmax),5,butterfly,0.9854,0.9806,0.983
49,Train,Leaf Class (Softmax),6,caddisfly,0.9992,0.9977,0.9985
49,Train,Leaf Class (Softmax),7,dance_fly,0.9765,0.9746,0.9755
49,Train,Leaf Class (Softmax),8,earwig,0.9867,0.9806,0.9837
49,Train,Leaf Class (Softmax),9,fever_fly,0.9957,0.9946,0.9952
49,Train,Leaf Class (Softmax),10,flesh_fly,0.9682,0.9688,0.9685
49,Train,Leaf Class (Softmax),11,fly,0.8222,0.8551,0.8383
49,Train,Leaf Class (Softmax),12,fruit_fly,0.9876,0.9876,0.9876
49,Train,Leaf Class (Softmax),13,hoverfly,0.9831,0.9851,0.9841
49,Train,Leaf Class (Softmax),14,ladybug,0.9926,0.9924,0.9925
49,Train,Leaf Class (Softmax),15,leaf_beetle,0.9945,0.9959,0.9952
49,Train,Leaf Class (Softmax),16,midge,0.9945,0.9918,0.9931
49,Train,Leaf Class (Softmax),17,moth,0.9855,0.9844,0.985
49,Train,Leaf Class (Softmax),18,robber_fly,0.9921,0.9906,0.9913
49,Train,Leaf Class (Softmax),19,spider,0.9836,0.987,0.9853
49,Train,Leaf Class (Softmax),20,wasp,0.9427,0.9205,0.9315
49,Train,Leaf Class (Softmax),21,weevil,0.9947,0.9938,0.9942
49,Train,Leaf Class (Sigmoid),0,Ichneumonoidea,0.9598,0.9736,0.9666
49,Train,Leaf Class (Sigmoid),1,Muscoidea,0.7687,0.9077,0.8324
49,Train,Leaf Class (Sigmoid),2,ant,0.9895,0.9912,0.9903
49,Train,Leaf Class (Sigmoid),3,ant_beetle,0.9959,0.994,0.9949
49,Train,Leaf Class (Sigmoid),4,bug,0.9848,0.9526,0.9685
49,Train,Leaf Class (Sigmoid),5,butterfly,0.9942,0.9684,0.9811
49,Train,Leaf Class (Sigmoid),6,caddisfly,0.9989,0.997,0.9979
49,Train,Leaf Class (Sigmoid),7,dance_fly,0.9862,0.9572,0.9715
49,Train,Leaf Class (Sigmoid),8,earwig,0.9905,0.9729,0.9816
49,Train,Leaf Class (Sigmoid),9,fever_fly,0.9968,0.99,0.9934
49,Train,Leaf Class (Sigmoid),10,flesh_fly,0.961,0.9723,0.9666
49,Train,Leaf Class (Sigmoid),11,fly,0.8844,0.7339,0.8021
49,Train,Leaf Class (Sigmoid),12,fruit_fly,0.9836,0.9891,0.9863
49,Train,Leaf Class (Sigmoid),13,hoverfly,0.9836,0.9837,0.9837
49,Train,Leaf Class (Sigmoid),14,ladybug,0.9867,0.9941,0.9904
49,Train,Leaf Class (Sigmoid),15,leaf_beetle,0.9917,0.9968,0.9942
49,Train,Leaf Class (Sigmoid),16,midge,0.9977,0.9886,0.9931
49,Train,Leaf Class (Sigmoid),17,moth,0.9923,0.9699,0.981
49,Train,Leaf Class (Sigmoid),18,robber_fly,0.9898,0.9922,0.991
49,Train,Leaf Class (Sigmoid),19,spider,0.9767,0.983,0.9799
49,Train,Leaf Class (Sigmoid),20,wasp,0.9488,0.8894,0.9181
49,Train,Leaf Class (Sigmoid),21,weevil,0.9955,0.9908,0.9931
49,Test,PF4,0,Arachnida,0.6688,0.8746,0.758
49,Test,PF4,1,Insecta,0.9971,0.99,0.9935
49,Test,PF3,0,Araneae,0.7226,0.871,0.7899
49,Test,PF3,1,Coleoptera,0.8957,0.7972,0.8436
49,Test,PF3,2,Dermaptera,0.5294,0.0175,0.034
49,Test,PF3,3,Diptera,0.9047,0.9464,0.9251
49,Test,PF3,4,Hemiptera,0.9034,0.7065,0.7929
49,Test,PF3,5,Hymenoptera,0.851,0.8147,0.8325
49,Test,PF3,6,Lepidoptera,0.7404,0.5903,0.6569
49,Test,PF3,7,Mecoptera,0.1476,0.144,0.1458
49,Test,PF3,8,Neuroptera,0.6362,0.6183,0.6271
49,Test,PF3,9,Orthoptera,0.6342,0.9782,0.7695
49,Test,PF3,10,Trichoptera,0.9969,0.9716,0.9841
49,Test,PF2,0,Apocrita,0.8531,0.8006,0.826
49,Test,PF2,1,Arneomorphae,0.7661,0.8649,0.8125
49,Test,PF2,2,Brachycera,0.8867,0.9441,0.9145
49,Test,PF2,3,Forficulina,0.4242,0.0136,0.0264
49,Test,PF2,4,Glossata,0.755,0.6146,0.6776
49,Test,PF2,5,Hemerobiiformia,0.744,0.6256,0.6797
49,Test,PF2,6,Heteroptera,0.8809,0.7065,0.7841
49,Test,PF2,7,Integripalpia,0.9973,0.9698,0.9834
49,Test,PF2,8,Nematocera,0.9562,0.9564,0.9563
49,Test,PF2,9,Polyphaga,0.9317,0.7922,0.8563
49,Test,PF2,10,Symphyta,0.8773,0.807,0.8407
49,Test,PF2,11,grasshopper,0.5682,0.993,0.7228
49,Test,PF2,12,scorpion_fly,0.1676,0.0765,0.1051
49,Test,PF1,0,Aculeata,0.8327,0.8611,0.8467
49,Test,PF1,1,Araneomorphae,0.7399,0.8667,0.7983
49,Test,PF1,2,Asilomorpha,0.8538,0.7629,0.8058
49,Test,PF1,3,Bibionomorpha,0.9959,0.8684,0.9278
49,Test,PF1,4,Cucujiformia,0.9119,0.7905,0.8469
49,Test,PF1,5,Culicomorpha,0.9416,0.9918,0.966
49,Test,PF1,6,Epidermaptera,0.7308,0.037,0.0705
49,Test,PF1,7,Heterocera,0.7665,0.5202,0.6198
49,Test,PF1,8,Muscomorpha,0.8196,0.9389,0.8752
49,Test,PF1,9,Parasitica,0.7419,0.6188,0.6748
49,Test,PF1,10,Pentatomomorpha,0.9017,0.6995,0.7879
49,Test,PF1,11,Plenitentoria,0.996,0.9724,0.9841
49,Test,PF1,12,Rhopalocera,0.7327,0.9478,0.8265
49,Test,PF1,13,lacewing,0.4389,0.6833,0.5345
49,Test,PF1,14,saw_fly,0.8804,0.7927,0.8342
49,Test,Leaf Class (Softmax),0,Ichneumonoidea,0.6703,0.6839,0.677
49,Test,Leaf Class (Softmax),1,Muscoidea,0.3577,0.5938,0.4465
49,Test,Leaf Class (Softmax),2,ant,0.8499,0.9,0.8742
49,Test,Leaf Class (Softmax),3,ant_beetle,0.8702,0.9165,0.8927
49,Test,Leaf Class (Softmax),4,bug,0.9536,0.7119,0.8152
49,Test,Leaf Class (Softmax),5,butterfly,0.7562,0.9379,0.8373
49,Test,Leaf Class (Softmax),6,caddisfly,0.9965,0.9685,0.9823
49,Test,Leaf Class (Softmax),7,dance_fly,0.9044,0.5919,0.7155
49,Test,Leaf Class (Softmax),8,earwig,0.3684,0.0068,0.0134
49,Test,Leaf Class (Softmax),9,fever_fly,0.9967,0.8613,0.9241
49,Test,Leaf Class (Softmax),10,flesh_fly,0.7695,0.757,0.7632
49,Test,Leaf Class (Softmax),11,fly,0.4013,0.5038,0.4467
49,Test,Leaf Class (Softmax),12,fruit_fly,0.7538,0.6522,0.6994
49,Test,Leaf Class (Softmax),13,hoverfly,0.8206,0.8338,0.8271
49,Test,Leaf Class (Softmax),14,ladybug,0.8927,0.9418,0.9165
49,Test,Leaf Class (Softmax),15,leaf_beetle,0.0329,0.0085,0.0135
49,Test,Leaf Class (Softmax),16,midge,0.9438,0.9908,0.9667
49,Test,Leaf Class (Softmax),17,moth,0.8753,0.8405,0.8575
49,Test,Leaf Class (Softmax),18,robber_fly,0.8198,0.7938,0.8066
49,Test,Leaf Class (Softmax),19,spider,0.7478,0.8692,0.8039
49,Test,Leaf Class (Softmax),20,wasp,0.9197,0.781,0.8447
49,Test,Leaf Class (Softmax),21,weevil,0.8781,0.7153,0.7884
49,Test,Leaf Class (Sigmoid),0,Ichneumonoidea,0.7012,0.6368,0.6675
49,Test,Leaf Class (Sigmoid),1,Muscoidea,0.3798,0.4768,0.4228
49,Test,Leaf Class (Sigmoid),2,ant,0.833,0.8918,0.8614
49,Test,Leaf Class (Sigmoid),3,ant_beetle,0.8782,0.9327,0.9047
49,Test,Leaf Class (Sigmoid),4,bug,0.9044,0.7142,0.7981
49,Test,Leaf Class (Sigmoid),5,butterfly,0.7317,0.9429,0.8239
49,Test,Leaf Class (Sigmoid),6,caddisfly,0.9987,0.9659,0.982
49,Test,Leaf Class (Sigmoid),7,dance_fly,0.8916,0.6087,0.7235
49,Test,Leaf Class (Sigmoid),8,earwig,0.4444,0.0078,0.0153
49,Test,Leaf Class (Sigmoid),9,fever_fly,0.9968,0.8762,0.9326
49,Test,Leaf Class (Sigmoid),10,flesh_fly,0.8275,0.704,0.7608
49,Test,Leaf Class (Sigmoid),11,fly,0.3744,0.6245,0.4681
49,Test,Leaf Class (Sigmoid),12,fruit_fly,0.8178,0.635,0.7149
49,Test,Leaf Class (Sigmoid),13,hoverfly,0.8168,0.838,0.8272
49,Test,Leaf Class (Sigmoid),14,ladybug,0.9382,0.9372,0.9377
49,Test,Leaf Class (Sigmoid),15,leaf_beetle,0.0488,0.0092,0.0155
49,Test,Leaf Class (Sigmoid),16,midge,0.9328,0.9965,0.9636
49,Test,Leaf Class (Sigmoid),17,moth,0.8016,0.8675,0.8332
49,Test,Leaf Class (Sigmoid),18,robber_fly,0.8237,0.7975,0.8104
49,Test,Leaf Class (Sigmoid),19,spider,0.7292,0.871,0.7938
49,Test,Leaf Class (Sigmoid),20,wasp,0.896,0.7948,0.8424
49,Test,Leaf Class (Sigmoid),21,weevil,0.8469,0.747,0.7938
50,Train,PF4,0,Arachnida,0.936,0.993,0.9637
50,Train,PF4,1,Insecta,0.9999,0.9994,0.9997
50,Train,PF3,0,Araneae,0.9811,0.9835,0.9823
50,Train,PF3,1,Coleoptera,0.9911,0.9911,0.9911
50,Train,PF3,2,Dermaptera,0.9523,0.9744,0.9632
50,Train,PF3,3,Diptera,0.9924,0.9898,0.9911
50,Train,PF3,4,Hemiptera,0.9848,0.9481,0.9661
50,Train,PF3,5,Hymenoptera,0.9804,0.9794,0.9799
50,Train,PF3,6,Lepidoptera,0.9821,0.9606,0.9713
50,Train,PF3,7,Mecoptera,0.8019,0.3017,0.4385
50,Train,PF3,8,Neuroptera,0.9832,0.9962,0.9897
50,Train,PF3,9,Orthoptera,0.8679,0.9922,0.9259
50,Train,PF3,10,Trichoptera,0.997,0.9924,0.9947
50,Train,PF2,0,Apocrita,0.9906,0.9775,0.984
50,Train,PF2,1,Arneomorphae,0.9902,0.9626,0.9762
50,Train,PF2,2,Brachycera,0.9911,0.9909,0.991
50,Train,PF2,3,Forficulina,0.963,0.9698,0.9664
50,Train,PF2,4,Glossata,0.985,0.9414,0.9627
50,Train,PF2,5,Hemerobiiformia,0.989,0.9943,0.9916
50,Train,PF2,6,Heteroptera,0.9854,0.9538,0.9693
50,Train,PF2,7,Integripalpia,0.9981,0.986,0.992
50,Train,PF2,8,Nematocera,0.9957,0.9861,0.9909
50,Train,PF2,9,Polyphaga,0.9941,0.9894,0.9917
50,Train,PF2,10,Symphyta,0.9549,0.9739,0.9643
50,Train,PF2,11,grasshopper,0.8126,0.9964,0.8952
50,Train,PF2,12,scorpion_fly,0.6295,0.0643,0.1167
50,Train,PF1,0,Aculeata,0.9871,0.9835,0.9853
50,Train,PF1,1,Araneomorphae,0.986,0.9815,0.9837
50,Train,PF1,2,Asilomorpha,0.9898,0.9891,0.9895
50,Train,PF1,3,Bibionomorpha,0.9914,0.9921,0.9918
50,Train,PF1,4,Cucujiformia,0.9953,0.9916,0.9934
50,Train,PF1,5,Culicomorpha,0.9981,0.9909,0.9945
50,Train,PF1,6,Epidermaptera,0.9697,0.9682,0.969
50,Train,PF1,7,Heterocera,0.9927,0.9676,0.98
50,Train,PF1,8,Muscomorpha,0.9875,0.9943,0.9909
50,Train,PF1,9,Parasitica,0.978,0.9551,0.9664
50,Train,PF1,10,Pentatomomorpha,0.9906,0.956,0.973
50,Train,PF1,11,Plenitentoria,0.9966,0.9981,0.9974
50,Train,PF1,12,Rhopalocera,0.9846,0.9806,0.9826
50,Train,PF1,13,lacewing,0.9839,0.9977,0.9908
50,Train,PF1,14,saw_fly,0.9711,0.9698,0.9705
50,Train,Leaf Class (Softmax),0,Ichneumonoidea,0.9775,0.965,0.9712
50,Train,Leaf Class (Softmax),1,Muscoidea,0.8508,0.8271,0.8388
50,Train,Leaf Class (Softmax),2,ant,0.9881,0.9933,0.9907
50,Train,Leaf Class (Softmax),3,ant_beetle,0.9962,0.9929,0.9946
50,Train,Leaf Class (Softmax),4,bug,0.9796,0.9735,0.9765
50,Train,Leaf Class (Softmax),5,butterfly,0.9886,0.9814,0.985
50,Train,Leaf Class (Softmax),6,caddisfly,0.9981,0.9974,0.9977
50,Train,Leaf Class (Softmax),7,dance_fly,0.9771,0.9719,0.9745
50,Train,Leaf Class (Softmax),8,earwig,0.9797,0.9736,0.9767
50,Train,Leaf Class (Softmax),9,fever_fly,0.9918,0.9939,0.9929
50,Train,Leaf Class (Softmax),10,flesh_fly,0.969,0.9687,0.9689
50,Train,Leaf Class (Softmax),11,fly,0.8247,0.8501,0.8372
50,Train,Leaf Class (Softmax),12,fruit_fly,0.9871,0.9883,0.9877
50,Train,Leaf Class (Softmax),13,hoverfly,0.9835,0.9854,0.9845
50,Train,Leaf Class (Softmax),14,ladybug,0.9931,0.9926,0.9929
50,Train,Leaf Class (Softmax),15,leaf_beetle,0.9937,0.9959,0.9948
50,Train,Leaf Class (Softmax),16,midge,0.9969,0.9924,0.9947
50,Train,Leaf Class (Softmax),17,moth,0.9857,0.9859,0.9858
50,Train,Leaf Class (Softmax),18,robber_fly,0.9935,0.9917,0.9926
50,Train,Leaf Class (Softmax),19,spider,0.9856,0.9905,0.9881
50,Train,Leaf Class (Softmax),20,wasp,0.9496,0.9192,0.9342
50,Train,Leaf Class (Softmax),21,weevil,0.995,0.9948,0.9949
50,Train,Leaf Class (Sigmoid),0,Ichneumonoidea,0.9679,0.9687,0.9683
50,Train,Leaf Class (Sigmoid),1,Muscoidea,0.7715,0.9074,0.834
50,Train,Leaf Class (Sigmoid),2,ant,0.988,0.9921,0.9901
50,Train,Leaf Class (Sigmoid),3,ant_beetle,0.9951,0.9925,0.9938
50,Train,Leaf Class (Sigmoid),4,bug,0.9878,0.9554,0.9713
50,Train,Leaf Class (Sigmoid),5,butterfly,0.9901,0.9701,0.98
50,Train,Leaf Class (Sigmoid),6,caddisfly,0.9958,0.9977,0.9968
50,Train,Leaf Class (Sigmoid),7,dance_fly,0.9855,0.9552,0.9701
50,Train,Leaf Class (Sigmoid),8,earwig,0.9796,0.969,0.9743
50,Train,Leaf Class (Sigmoid),9,fever_fly,0.9943,0.9893,0.9918
50,Train,Leaf Class (Sigmoid),10,flesh_fly,0.9633,0.971,0.9671
50,Train,Leaf Class (Sigmoid),11,fly,0.8861,0.7405,0.8068
50,Train,Leaf Class (Sigmoid),12,fruit_fly,0.9831,0.9904,0.9867
50,Train,Leaf Class (Sigmoid),13,hoverfly,0.9846,0.9834,0.984
50,Train,Leaf Class (Sigmoid),14,ladybug,0.9886,0.9935,0.991
50,Train,Leaf Class (Sigmoid),15,leaf_beetle,0.9901,0.9962,0.9931
50,Train,Leaf Class (Sigmoid),16,midge,0.999,0.9897,0.9944
50,Train,Leaf Class (Sigmoid),17,moth,0.994,0.9721,0.9829
50,Train,Leaf Class (Sigmoid),18,robber_fly,0.9905,0.9922,0.9913
50,Train,Leaf Class (Sigmoid),19,spider,0.9845,0.9845,0.9845
50,Train,Leaf Class (Sigmoid),20,wasp,0.9521,0.9037,0.9273
50,Train,Leaf Class (Sigmoid),21,weevil,0.9959,0.9917,0.9938
50,Test,PF4,0,Arachnida,0.6848,0.8752,0.7684
50,Test,PF4,1,Insecta,0.9971,0.9907,0.9939
50,Test,PF3,0,Araneae,0.7056,0.868,0.7784
50,Test,PF3,1,Coleoptera,0.8925,0.8049,0.8464
50,Test,PF3,2,Dermaptera,0.9025,0.2437,0.3837
50,Test,PF3,3,Diptera,0.881,0.9479,0.9132
50,Test,PF3,4,Hemiptera,0.7713,0.7119,0.7404
50,Test,PF3,5,Hymenoptera,0.8375,0.8162,0.8267
50,Test,PF3,6,Lepidoptera,0.8043,0.5546,0.6565
50,Test,PF3,7,Mecoptera,0.1711,0.1349,0.1508
50,Test,PF3,8,Neuroptera,0.8957,0.4108,0.5633
50,Test,PF3,9,Orthoptera,0.6293,0.9635,0.7614
50,Test,PF3,10,Trichoptera,0.993,0.978,0.9855
50,Test,PF2,0,Apocrita,0.849,0.8228,0.8357
50,Test,PF2,1,Arneomorphae,0.7534,0.8661,0.8059
50,Test,PF2,2,Brachycera,0.8694,0.9472,0.9066
50,Test,PF2,3,Forficulina,0.8725,0.2135,0.343
50,Test,PF2,4,Glossata,0.8097,0.5268,0.6383
50,Test,PF2,5,Hemerobiiformia,0.9097,0.3983,0.5541
50,Test,PF2,6,Heteroptera,0.7983,0.7165,0.7552
50,Test,PF2,7,Integripalpia,0.9965,0.9759,0.9861
50,Test,PF2,8,Nematocera,0.9308,0.9566,0.9435
50,Test,PF2,9,Polyphaga,0.9107,0.7981,0.8507
50,Test,PF2,10,Symphyta,0.8278,0.7514,0.7878
50,Test,PF2,11,grasshopper,0.5755,0.983,0.726
50,Test,PF2,12,scorpion_fly,0.1378,0.0661,0.0894
50,Test,PF1,0,Aculeata,0.8495,0.8792,0.8641
50,Test,PF1,1,Araneomorphae,0.7465,0.8667,0.8021
50,Test,PF1,2,Asilomorpha,0.7914,0.7588,0.7748
50,Test,PF1,3,Bibionomorpha,0.9596,0.857,0.9054
50,Test,PF1,4,Cucujiformia,0.9006,0.7982,0.8463
50,Test,PF1,5,Culicomorpha,0.9113,0.9918,0.9498
50,Test,PF1,6,Epidermaptera,0.8865,0.2437,0.3823
50,Test,PF1,7,Heterocera,0.85,0.6828,0.7572
50,Test,PF1,8,Muscomorpha,0.8045,0.931,0.8632
50,Test,PF1,9,Parasitica,0.6535,0.5919,0.6212
50,Test,PF1,10,Pentatomomorpha,0.8111,0.7111,0.7578
50,Test,PF1,11,Plenitentoria,0.9891,0.9776,0.9833
50,Test,PF1,12,Rhopalocera,0.7771,0.9478,0.854
50,Test,PF1,13,lacewing,0.8398,0.5315,0.651
50,Test,PF1,14,saw_fly,0.8356,0.7451,0.7878
50,Test,Leaf Class (Softmax),0,Ichneumonoidea,0.6302,0.6457,0.6379
50,Test,Leaf Class (Softmax),1,Muscoidea,0.3747,0.632,0.4705
50,Test,Leaf Class (Softmax),2,ant,0.8834,0.8842,0.8838
50,Test,Leaf Class (Softmax),3,ant_beetle,0.8743,0.8788,0.8765
50,Test,Leaf Class (Softmax),4,bug,0.8207,0.7157,0.7646
50,Test,Leaf Class (Softmax),5,butterfly,0.8187,0.9478,0.8785
50,Test,Leaf Class (Softmax),6,caddisfly,0.9912,0.9728,0.9819
50,Test,Leaf Class (Softmax),7,dance_fly,0.874,0.5767,0.6949
50,Test,Leaf Class (Softmax),8,earwig,0.879,0.1062,0.1896
50,Test,Leaf Class (Softmax),9,fever_fly,0.9975,0.8365,0.9099
50,Test,Leaf Class (Softmax),10,flesh_fly,0.7148,0.832,0.7689
50,Test,Leaf Class (Softmax),11,fly,0.4104,0.4582,0.433
50,Test,Leaf Class (Softmax),12,fruit_fly,0.8028,0.6352,0.7093
50,Test,Leaf Class (Softmax),13,hoverfly,0.8493,0.772,0.8088
50,Test,Leaf Class (Softmax),14,ladybug,0.8259,0.945,0.8814
50,Test,Leaf Class (Softmax),15,leaf_beetle,0.0172,0.0038,0.0063
50,Test,Leaf Class (Softmax),16,midge,0.9452,0.9918,0.9679
50,Test,Leaf Class (Softmax),17,moth,0.8871,0.6205,0.7302
50,Test,Leaf Class (Softmax),18,robber_fly,0.702,0.798,0.7469
50,Test,Leaf Class (Softmax),19,spider,0.7386,0.8661,0.7973
50,Test,Leaf Class (Softmax),20,wasp,0.8476,0.8409,0.8442
50,Test,Leaf Class (Softmax),21,weevil,0.8494,0.7555,0.7997
50,Test,Leaf Class (Sigmoid),0,Ichneumonoidea,0.6982,0.6121,0.6523
50,Test,Leaf Class (Sigmoid),1,Muscoidea,0.4177,0.4895,0.4507
50,Test,Leaf Class (Sigmoid),2,ant,0.8773,0.89,0.8836
50,Test,Leaf Class (Sigmoid),3,ant_beetle,0.8825,0.9106,0.8963
50,Test,Leaf Class (Sigmoid),4,bug,0.7385,0.7157,0.7269
50,Test,Leaf Class (Sigmoid),5,butterfly,0.809,0.9596,0.8779
50,Test,Leaf Class (Sigmoid),6,caddisfly,0.996,0.9741,0.985
50,Test,Leaf Class (Sigmoid),7,dance_fly,0.8366,0.6171,0.7103
50,Test,Leaf Class (Sigmoid),8,earwig,0.9015,0.1784,0.2978
50,Test,Leaf Class (Sigmoid),9,fever_fly,0.9932,0.8301,0.9044
50,Test,Leaf Class (Sigmoid),10,flesh_fly,0.7664,0.8308,0.7973
50,Test,Leaf Class (Sigmoid),11,fly,0.3978,0.623,0.4856
50,Test,Leaf Class (Sigmoid),12,fruit_fly,0.859,0.6168,0.718
50,Test,Leaf Class (Sigmoid),13,hoverfly,0.8323,0.779,0.8048
50,Test,Leaf Class (Sigmoid),14,ladybug,0.9568,0.9405,0.9486
50,Test,Leaf Class (Sigmoid),15,leaf_beetle,0.018,0.0031,0.0053
50,Test,Leaf Class (Sigmoid),16,midge,0.93,0.9928,0.9603
50,Test,Leaf Class (Sigmoid),17,moth,0.8563,0.8162,0.8358
50,Test,Leaf Class (Sigmoid),18,robber_fly,0.7734,0.7988,0.7859
50,Test,Leaf Class (Sigmoid),19,spider,0.7187,0.8649,0.785
50,Test,Leaf Class (Sigmoid),20,wasp,0.8053,0.8488,0.8265
50,Test,Leaf Class (Sigmoid),21,weevil,0.8149,0.7805,0.7973
51,Train,PF4,0,Arachnida,0.9379,0.994,0.9651
51,Train,PF4,1,Insecta,0.9999,0.9994,0.9997
51,Train,PF3,0,Araneae,0.983,0.9835,0.9833
51,Train,PF3,1,Coleoptera,0.9904,0.9911,0.9908
51,Train,PF3,2,Dermaptera,0.956,0.9767,0.9663
51,Train,PF3,3,Diptera,0.9924,0.9904,0.9914
51,Train,PF3,4,Hemiptera,0.9837,0.9532,0.9682
51,Train,PF3,5,Hymenoptera,0.9825,0.98,0.9812
51,Train,PF3,6,Lepidoptera,0.9805,0.9589,0.9696
51,Train,PF3,7,Mecoptera,0.8081,0.3172,0.4556
51,Train,PF3,8,Neuroptera,0.9845,0.9956,0.99
51,Train,PF3,9,Orthoptera,0.8732,0.9929,0.9292
51,Train,PF3,10,Trichoptera,0.997,0.9917,0.9943
51,Train,PF2,0,Apocrita,0.9907,0.9779,0.9843
51,Train,PF2,1,Arneomorphae,0.9913,0.9646,0.9777
51,Train,PF2,2,Brachycera,0.9916,0.9917,0.9916
51,Train,PF2,3,Forficulina,0.9579,0.9705,0.9642
51,Train,PF2,4,Glossata,0.9832,0.9446,0.9636
51,Train,PF2,5,Hemerobiiformia,0.988,0.9944,0.9912
51,Train,PF2,6,Heteroptera,0.9889,0.9566,0.9725
51,Train,PF2,7,Integripalpia,0.9973,0.9883,0.9928
51,Train,PF2,8,Nematocera,0.9946,0.9842,0.9894
51,Train,PF2,9,Polyphaga,0.9936,0.9897,0.9916
51,Train,PF2,10,Symphyta,0.9648,0.9729,0.9688
51,Train,PF2,11,grasshopper,0.821,0.9959,0.9001
51,Train,PF2,12,scorpion_fly,0.6646,0.0863,0.1528
51,Train,PF1,0,Aculeata,0.988,0.9827,0.9853
51,Train,PF1,1,Araneomorphae,0.987,0.987,0.987
51,Train,PF1,2,Asilomorpha,0.9908,0.9905,0.9906
51,Train,PF1,3,Bibionomorpha,0.9914,0.9921,0.9918
51,Train,PF1,4,Cucujiformia,0.9946,0.992,0.9933
51,Train,PF1,5,Culicomorpha,0.9975,0.9886,0.993
51,Train,PF1,6,Epidermaptera,0.9714,0.9744,0.9729
51,Train,PF1,7,Heterocera,0.9923,0.9674,0.9797
51,Train,PF1,8,Muscomorpha,0.9884,0.9946,0.9915
51,Train,PF1,9,Parasitica,0.9742,0.9646,0.9693
51,Train,PF1,10,Pentatomomorpha,0.9918,0.96,0.9756
51,Train,PF1,11,Plenitentoria,0.9958,0.9977,0.9968
51,Train,PF1,12,Rhopalocera,0.9886,0.9846,0.9866
51,Train,PF1,13,lacewing,0.984,0.9969,0.9904
51,Train,PF1,14,saw_fly,0.9774,0.9729,0.9751
51,Train,Leaf Class (Softmax),0,Ichneumonoidea,0.9763,0.9687,0.9725
51,Train,Leaf Class (Softmax),1,Muscoidea,0.8529,0.8287,0.8406
51,Train,Leaf Class (Softmax),2,ant,0.9892,0.9929,0.991
51,Train,Leaf Class (Softmax),3,ant_beetle,0.9951,0.9933,0.9942
51,Train,Leaf Class (Softmax),4,bug,0.9824,0.978,0.9802
51,Train,Leaf Class (Softmax),5,butterfly,0.9935,0.9887,0.9911
51,Train,Leaf Class (Softmax),6,caddisfly,0.9977,0.997,0.9973
51,Train,Leaf Class (Softmax),7,dance_fly,0.9844,0.9739,0.9791
51,Train,Leaf Class (Softmax),8,earwig,0.9821,0.9767,0.9794
51,Train,Leaf Class (Softmax),9,fever_fly,0.9922,0.9932,0.9927
51,Train,Leaf Class (Softmax),10,flesh_fly,0.97,0.9692,0.9696
51,Train,Leaf Class (Softmax),11,fly,0.8254,0.8511,0.838
51,Train,Leaf Class (Softmax),12,fruit_fly,0.9881,0.989,0.9886
51,Train,Leaf Class (Softmax),13,hoverfly,0.9841,0.9856,0.9849
51,Train,Leaf Class (Softmax),14,ladybug,0.9923,0.9929,0.9926
51,Train,Leaf Class (Softmax),15,leaf_beetle,0.9943,0.9961,0.9952
51,Train,Leaf Class (Softmax),16,midge,0.9939,0.992,0.993
51,Train,Leaf Class (Softmax),17,moth,0.9867,0.9844,0.9856
51,Train,Leaf Class (Softmax),18,robber_fly,0.9935,0.9927,0.9931
51,Train,Leaf Class (Softmax),19,spider,0.9866,0.9885,0.9875
51,Train,Leaf Class (Softmax),20,wasp,0.9449,0.9234,0.934
51,Train,Leaf Class (Softmax),21,weevil,0.9952,0.9953,0.9952
51,Train,Leaf Class (Sigmoid),0,Ichneumonoidea,0.9641,0.9736,0.9688
51,Train,Leaf Class (Sigmoid),1,Muscoidea,0.7752,0.9135,0.8387
51,Train,Leaf Class (Sigmoid),2,ant,0.9893,0.9906,0.9899
51,Train,Leaf Class (Sigmoid),3,ant_beetle,0.9947,0.991,0.9929
51,Train,Leaf Class (Sigmoid),4,bug,0.9919,0.9645,0.978
51,Train,Leaf Class (Sigmoid),5,butterfly,0.9959,0.979,0.9874
51,Train,Leaf Class (Sigmoid),6,caddisfly,0.9962,0.9962,0.9962
51,Train,Leaf Class (Sigmoid),7,dance_fly,0.9883,0.9618,0.9749
51,Train,Leaf Class (Sigmoid),8,earwig,0.9857,0.9651,0.9753
51,Train,Leaf Class (Sigmoid),9,fever_fly,0.9932,0.9889,0.9911
51,Train,Leaf Class (Sigmoid),10,flesh_fly,0.9609,0.9726,0.9667
51,Train,Leaf Class (Sigmoid),11,fly,0.891,0.7404,0.8087
51,Train,Leaf Class (Sigmoid),12,fruit_fly,0.9845,0.9904,0.9874
51,Train,Leaf Class (Sigmoid),13,hoverfly,0.9844,0.9849,0.9847
51,Train,Leaf Class (Sigmoid),14,ladybug,0.9879,0.9946,0.9912
51,Train,Leaf Class (Sigmoid),15,leaf_beetle,0.9902,0.9962,0.9932
51,Train,Leaf Class (Sigmoid),16,midge,0.9985,0.9893,0.9939
51,Train,Leaf Class (Sigmoid),17,moth,0.9949,0.9687,0.9816
51,Train,Leaf Class (Sigmoid),18,robber_fly,0.9907,0.9933,0.992
51,Train,Leaf Class (Sigmoid),19,spider,0.9855,0.986,0.9858
51,Train,Leaf Class (Sigmoid),20,wasp,0.9437,0.8957,0.9191
51,Train,Leaf Class (Sigmoid),21,weevil,0.9955,0.9927,0.9941
51,Test,PF4,0,Arachnida,0.6068,0.8758,0.7169
51,Test,PF4,1,Insecta,0.9971,0.9869,0.992
51,Test,PF3,0,Araneae,0.6404,0.8758,0.7398
51,Test,PF3,1,Coleoptera,0.9136,0.7808,0.842
51,Test,PF3,2,Dermaptera,0.9248,0.1199,0.2123
51,Test,PF3,3,Diptera,0.9029,0.944,0.923
51,Test,PF3,4,Hemiptera,0.8432,0.7126,0.7724
51,Test,PF3,5,Hymenoptera,0.8241,0.8595,0.8414
51,Test,PF3,6,Lepidoptera,0.7411,0.6438,0.689
51,Test,PF3,7,Mecoptera,0.3453,0.1375,0.1967
51,Test,PF3,8,Neuroptera,0.7956,0.4836,0.6016
51,Test,PF3,9,Orthoptera,0.6268,0.973,0.7625
51,Test,PF3,10,Trichoptera,0.9982,0.9379,0.9671
51,Test,PF2,0,Apocrita,0.8275,0.8659,0.8463
51,Test,PF2,1,Arneomorphae,0.6615,0.8758,0.7537
51,Test,PF2,2,Brachycera,0.8958,0.9368,0.9158
51,Test,PF2,3,Forficulina,0.8737,0.0809,0.1481
51,Test,PF2,4,Glossata,0.7694,0.6608,0.711
51,Test,PF2,5,Hemerobiiformia,0.9269,0.4815,0.6338
51,Test,PF2,6,Heteroptera,0.835,0.7134,0.7694
51,Test,PF2,7,Integripalpia,0.9987,0.9591,0.9785
51,Test,PF2,8,Nematocera,0.9374,0.9684,0.9527
51,Test,PF2,9,Polyphaga,0.9351,0.7811,0.8512
51,Test,PF2,10,Symphyta,0.8221,0.8047,0.8133
51,Test,PF2,11,grasshopper,0.5733,0.982,0.7239
51,Test,PF2,12,scorpion_fly,0.2333,0.0545,0.0883
51,Test,PF1,0,Aculeata,0.8115,0.8627,0.8363
51,Test,PF1,1,Araneomorphae,0.641,0.8758,0.7402
51,Test,PF1,2,Asilomorpha,0.8313,0.7377,0.7817
51,Test,PF1,3,Bibionomorpha,0.9814,0.8967,0.9371
51,Test,PF1,4,Cucujiformia,0.9191,0.7832,0.8457
51,Test,PF1,5,Culicomorpha,0.9287,0.9925,0.9595
51,Test,PF1,6,Epidermaptera,0.875,0.0819,0.1497
51,Test,PF1,7,Heterocera,0.6704,0.4765,0.5571
51,Test,PF1,8,Muscomorpha,0.8276,0.9311,0.8763
51,Test,PF1,9,Parasitica,0.3694,0.7422,0.4933
51,Test,PF1,10,Pentatomomorpha,0.8348,0.7126,0.7689
51,Test,PF1,11,Plenitentoria,0.9964,0.9651,0.9805
51,Test,PF1,12,Rhopalocera,0.7706,0.9498,0.8508
51,Test,PF1,13,lacewing,0.47,0.5263,0.4966
51,Test,PF1,14,saw_fly,0.8211,0.7887,0.8046
51,Test,Leaf Class (Softmax),0,Ichneumonoidea,0.4337,0.7623,0.5528
51,Test,Leaf Class (Softmax),1,Muscoidea,0.3667,0.6335,0.4645
51,Test,Leaf Class (Softmax),2,ant,0.8061,0.8572,0.8309
51,Test,Leaf Class (Softmax),3,ant_beetle,0.9417,0.9194,0.9304
51,Test,Leaf Class (Softmax),4,bug,0.8549,0.7126,0.7773
51,Test,Leaf Class (Softmax),5,butterfly,0.7165,0.9488,0.8164
51,Test,Leaf Class (Softmax),6,caddisfly,0.9978,0.9664,0.9818
51,Test,Leaf Class (Softmax),7,dance_fly,0.797,0.6438,0.7122
51,Test,Leaf Class (Softmax),8,earwig,0.8438,0.0263,0.051
51,Test,Leaf Class (Softmax),9,fever_fly,0.988,0.8769,0.9291
51,Test,Leaf Class (Softmax),10,flesh_fly,0.7932,0.7852,0.7892
51,Test,Leaf Class (Softmax),11,fly,0.3813,0.447,0.4116
51,Test,Leaf Class (Softmax),12,fruit_fly,0.8587,0.617,0.7181
51,Test,Leaf Class (Softmax),13,hoverfly,0.9103,0.7917,0.8469
51,Test,Leaf Class (Softmax),14,ladybug,0.9219,0.9325,0.9272
51,Test,Leaf Class (Softmax),15,leaf_beetle,0.0847,0.0307,0.0451
51,Test,Leaf Class (Softmax),16,midge,0.9392,0.9925,0.9651
51,Test,Leaf Class (Softmax),17,moth,0.8298,0.792,0.8104
51,Test,Leaf Class (Softmax),18,robber_fly,0.8047,0.7622,0.7829
51,Test,Leaf Class (Softmax),19,spider,0.6609,0.8758,0.7533
51,Test,Leaf Class (Softmax),20,wasp,0.8879,0.8363,0.8613
51,Test,Leaf Class (Softmax),21,weevil,0.8691,0.7452,0.8024
51,Test,Leaf Class (Sigmoid),0,Ichneumonoidea,0.4314,0.7758,0.5545
51,Test,Leaf Class (Sigmoid),1,Muscoidea,0.4017,0.522,0.454
51,Test,Leaf Class (Sigmoid),2,ant,0.8066,0.874,0.839
51,Test,Leaf Class (Sigmoid),3,ant_beetle,0.959,0.9172,0.9377
51,Test,Leaf Class (Sigmoid),4,bug,0.7831,0.7149,0.7475
51,Test,Leaf Class (Sigmoid),5,butterfly,0.7835,0.9517,0.8594
51,Test,Leaf Class (Sigmoid),6,caddisfly,0.9991,0.9319,0.9643
51,Test,Leaf Class (Sigmoid),7,dance_fly,0.7442,0.6659,0.7029
51,Test,Leaf Class (Sigmoid),8,earwig,0.8679,0.0448,0.0853
51,Test,Leaf Class (Sigmoid),9,fever_fly,0.9843,0.8875,0.9334
51,Test,Leaf Class (Sigmoid),10,flesh_fly,0.8346,0.7698,0.8009
51,Test,Leaf Class (Sigmoid),11,fly,0.3823,0.582,0.4614
51,Test,Leaf Class (Sigmoid),12,fruit_fly,0.9004,0.5968,0.7178
51,Test,Leaf Class (Sigmoid),13,hoverfly,0.8949,0.7917,0.8402
51,Test,Leaf Class (Sigmoid),14,ladybug,0.9462,0.928,0.937
51,Test,Leaf Class (Sigmoid),15,leaf_beetle,0.1137,0.0261,0.0425
51,Test,Leaf Class (Sigmoid),16,midge,0.919,0.993,0.9546
51,Test,Leaf Class (Sigmoid),17,moth,0.78,0.8862,0.8297
51,Test,Leaf Class (Sigmoid),18,robber_fly,0.8566,0.7588,0.8047
51,Test,Leaf Class (Sigmoid),19,spider,0.6378,0.8758,0.7381
51,Test,Leaf Class (Sigmoid),20,wasp,0.8581,0.8502,0.8541
51,Test,Leaf Class (Sigmoid),21,weevil,0.8507,0.7605,0.8031
52,Train,PF4,0,Arachnida,0.9458,0.9935,0.9691
52,Train,PF4,1,Insecta,0.9999,0.9995,0.9997
52,Train,PF3,0,Araneae,0.9807,0.9875,0.9841
52,Train,PF3,1,Coleoptera,0.9905,0.9917,0.9911
52,Train,PF3,2,Dermaptera,0.9608,0.9698,0.9653
52,Train,PF3,3,Diptera,0.9925,0.9902,0.9914
52,Train,PF3,4,Hemiptera,0.9854,0.9549,0.9699
52,Train,PF3,5,Hymenoptera,0.9822,0.9797,0.9809
52,Train,PF3,6,Lepidoptera,0.9814,0.9644,0.9728
52,Train,PF3,7,Mecoptera,0.824,0.2516,0.3855
52,Train,PF3,8,Neuroptera,0.9845,0.9952,0.9898
52,Train,PF3,9,Orthoptera,0.8644,0.9929,0.9242
52,Train,PF3,10,Trichoptera,0.9989,0.9905,0.9947
52,Train,PF2,0,Apocrita,0.9906,0.9779,0.9842
52,Train,PF2,1,Arneomorphae,0.9902,0.9626,0.9762
52,Train,PF2,2,Brachycera,0.9914,0.9918,0.9916
52,Train,PF2,3,Forficulina,0.9646,0.9713,0.9679
52,Train,PF2,4,Glossata,0.9847,0.947,0.9655
52,Train,PF2,5,Hemerobiiformia,0.9896,0.9936,0.9916
52,Train,PF2,6,Heteroptera,0.9838,0.9588,0.9712
52,Train,PF2,7,Integripalpia,0.9981,0.9868,0.9924
52,Train,PF2,8,Nematocera,0.996,0.9859,0.9909
52,Train,PF2,9,Polyphaga,0.9937,0.9897,0.9917
52,Train,PF2,10,Symphyta,0.9637,0.9765,0.97
52,Train,PF2,11,grasshopper,0.8178,0.9963,0.8983
52,Train,PF2,12,scorpion_fly,0.6368,0.055,0.1012
52,Train,PF1,0,Aculeata,0.9869,0.9823,0.9846
52,Train,PF1,1,Araneomorphae,0.9865,0.986,0.9863
52,Train,PF1,2,Asilomorpha,0.9898,0.9907,0.9903
52,Train,PF1,3,Bibionomorpha,0.9929,0.9936,0.9932
52,Train,PF1,4,Cucujiformia,0.9947,0.9923,0.9935
52,Train,PF1,5,Culicomorpha,0.9983,0.9914,0.9948
52,Train,PF1,6,Epidermaptera,0.9774,0.9705,0.9739
52,Train,PF1,7,Heterocera,0.9926,0.9677,0.98
52,Train,PF1,8,Muscomorpha,0.988,0.9938,0.9909
52,Train,PF1,9,Parasitica,0.9749,0.9588,0.9667
52,Train,PF1,10,Pentatomomorpha,0.9895,0.9577,0.9733
52,Train,PF1,11,Plenitentoria,0.9955,0.9966,0.996
52,Train,PF1,12,Rhopalocera,0.9815,0.9879,0.9847
52,Train,PF1,13,lacewing,0.9847,0.9964,0.9905
52,Train,PF1,14,saw_fly,0.9759,0.9726,0.9743
52,Train,Leaf Class (Softmax),0,Ichneumonoidea,0.975,0.9658,0.9704
52,Train,Leaf Class (Softmax),1,Muscoidea,0.8602,0.8359,0.8479
52,Train,Leaf Class (Softmax),2,ant,0.9893,0.9929,0.9911
52,Train,Leaf Class (Softmax),3,ant_beetle,0.9925,0.9925,0.9925
52,Train,Leaf Class (Softmax),4,bug,0.9824,0.9786,0.9805
52,Train,Leaf Class (Softmax),5,butterfly,0.9886,0.983,0.9858
52,Train,Leaf Class (Softmax),6,caddisfly,0.9973,0.9958,0.9966
52,Train,Leaf Class (Softmax),7,dance_fly,0.9832,0.9806,0.9819
52,Train,Leaf Class (Softmax),8,earwig,0.982,0.9705,0.9762
52,Train,Leaf Class (Softmax),9,fever_fly,0.9936,0.9932,0.9934
52,Train,Leaf Class (Softmax),10,flesh_fly,0.9702,0.9701,0.9701
52,Train,Leaf Class (Softmax),11,fly,0.8317,0.8585,0.8449
52,Train,Leaf Class (Softmax),12,fruit_fly,0.9873,0.9878,0.9875
52,Train,Leaf Class (Softmax),13,hoverfly,0.9841,0.9838,0.9839
52,Train,Leaf Class (Softmax),14,ladybug,0.9923,0.9928,0.9925
52,Train,Leaf Class (Softmax),15,leaf_beetle,0.9953,0.9948,0.995
52,Train,Leaf Class (Softmax),16,midge,0.9966,0.9947,0.9956
52,Train,Leaf Class (Softmax),17,moth,0.9864,0.9856,0.986
52,Train,Leaf Class (Softmax),18,robber_fly,0.993,0.9919,0.9924
52,Train,Leaf Class (Softmax),19,spider,0.9841,0.991,0.9876
52,Train,Leaf Class (Softmax),20,wasp,0.9351,0.9209,0.9279
52,Train,Leaf Class (Softmax),21,weevil,0.9959,0.9948,0.9954
52,Train,Leaf Class (Sigmoid),0,Ichneumonoidea,0.9644,0.9728,0.9686
52,Train,Leaf Class (Sigmoid),1,Muscoidea,0.7822,0.9139,0.843
52,Train,Leaf Class (Sigmoid),2,ant,0.9891,0.9912,0.9901
52,Train,Leaf Class (Sigmoid),3,ant_beetle,0.9914,0.9925,0.992
52,Train,Leaf Class (Sigmoid),4,bug,0.9906,0.9532,0.9715
52,Train,Leaf Class (Sigmoid),5,butterfly,0.9917,0.9717,0.9816
52,Train,Leaf Class (Sigmoid),6,caddisfly,0.9966,0.9947,0.9956
52,Train,Leaf Class (Sigmoid),7,dance_fly,0.9904,0.9659,0.978
52,Train,Leaf Class (Sigmoid),8,earwig,0.981,0.9612,0.971
52,Train,Leaf Class (Sigmoid),9,fever_fly,0.9943,0.9911,0.9927
52,Train,Leaf Class (Sigmoid),10,flesh_fly,0.9615,0.976,0.9687
52,Train,Leaf Class (Sigmoid),11,fly,0.8942,0.7516,0.8167
52,Train,Leaf Class (Sigmoid),12,fruit_fly,0.9844,0.9891,0.9867
52,Train,Leaf Class (Sigmoid),13,hoverfly,0.9844,0.9829,0.9836
52,Train,Leaf Class (Sigmoid),14,ladybug,0.9884,0.9948,0.9916
52,Train,Leaf Class (Sigmoid),15,leaf_beetle,0.9929,0.9948,0.9939
52,Train,Leaf Class (Sigmoid),16,midge,0.9985,0.9914,0.9949
52,Train,Leaf Class (Sigmoid),17,moth,0.9954,0.9721,0.9836
52,Train,Leaf Class (Sigmoid),18,robber_fly,0.9899,0.9931,0.9915
52,Train,Leaf Class (Sigmoid),19,spider,0.9826,0.9865,0.9846
52,Train,Leaf Class (Sigmoid),20,wasp,0.9391,0.9024,0.9204
52,Train,Leaf Class (Sigmoid),21,weevil,0.9973,0.9927,0.995
52,Test,PF4,0,Arachnida,0.5938,0.8758,0.7078
52,Test,PF4,1,Insecta,0.9971,0.9861,0.9916
52,Test,PF3,0,Araneae,0.6106,0.8758,0.7196
52,Test,PF3,1,Coleoptera,0.9122,0.7862,0.8445
52,Test,PF3,2,Dermaptera,0.4576,0.0263,0.0498
52,Test,PF3,3,Diptera,0.9214,0.9433,0.9322
52,Test,PF3,4,Hemiptera,0.8529,0.7103,0.7751
52,Test,PF3,5,Hymenoptera,0.7769,0.8326,0.8038
52,Test,PF3,6,Lepidoptera,0.7243,0.6444,0.682
52,Test,PF3,7,Mecoptera,0.3166,0.2374,0.2713
52,Test,PF3,8,Neuroptera,0.7575,0.4046,0.5275
52,Test,PF3,9,Orthoptera,0.5844,0.9695,0.7292
52,Test,PF3,10,Trichoptera,0.9995,0.8297,0.9067
52,Test,PF2,0,Apocrita,0.7802,0.8606,0.8184
52,Test,PF2,1,Arneomorphae,0.6301,0.8758,0.7329
52,Test,PF2,2,Brachycera,0.9084,0.9416,0.9247
52,Test,PF2,3,Forficulina,0.5068,0.0361,0.0673
52,Test,PF2,4,Glossata,0.7477,0.6405,0.6899
52,Test,PF2,5,Hemerobiiformia,0.8084,0.3422,0.4808
52,Test,PF2,6,Heteroptera,0.8644,0.7119,0.7807
52,Test,PF2,7,Integripalpia,1.0,0.8263,0.9049
52,Test,PF2,8,Nematocera,0.9628,0.9612,0.962
52,Test,PF2,9,Polyphaga,0.9433,0.7834,0.8559
52,Test,PF2,10,Symphyta,0.8516,0.7297,0.7859
52,Test,PF2,11,grasshopper,0.5176,0.983,0.6781
52,Test,PF2,12,scorpion_fly,0.17,0.0545,0.0825
52,Test,PF1,0,Aculeata,0.7675,0.9089,0.8322
52,Test,PF1,1,Araneomorphae,0.6225,0.8758,0.7277
52,Test,PF1,2,Asilomorpha,0.8535,0.7492,0.798
52,Test,PF1,3,Bibionomorpha,0.9586,0.8854,0.9205
52,Test,PF1,4,Cucujiformia,0.9344,0.7792,0.8498
52,Test,PF1,5,Culicomorpha,0.9311,0.993,0.961
52,Test,PF1,6,Epidermaptera,0.5714,0.0351,0.0661
52,Test,PF1,7,Heterocera,0.7652,0.845,0.8031
52,Test,PF1,8,Muscomorpha,0.8546,0.9317,0.8915
52,Test,PF1,9,Parasitica,0.6332,0.6076,0.6201
52,Test,PF1,10,Pentatomomorpha,0.838,0.7096,0.7685
52,Test,PF1,11,Plenitentoria,0.9986,0.9341,0.9653
52,Test,PF1,12,Rhopalocera,0.6836,0.9429,0.7925
52,Test,PF1,13,lacewing,0.8003,0.5543,0.655
52,Test,PF1,14,saw_fly,0.848,0.7251,0.7817
52,Test,Leaf Class (Softmax),0,Ichneumonoidea,0.6017,0.63,0.6156
52,Test,Leaf Class (Softmax),1,Muscoidea,0.3658,0.6142,0.4585
52,Test,Leaf Class (Softmax),2,ant,0.791,0.9395,0.8589
52,Test,Leaf Class (Softmax),3,ant_beetle,0.9068,0.9209,0.9138
52,Test,Leaf Class (Softmax),4,bug,0.8446,0.7119,0.7726
52,Test,Leaf Class (Softmax),5,butterfly,0.728,0.9281,0.8159
52,Test,Leaf Class (Softmax),6,caddisfly,0.9986,0.9513,0.9744
52,Test,Leaf Class (Softmax),7,dance_fly,0.8999,0.5553,0.6868
52,Test,Leaf Class (Softmax),8,earwig,0.6216,0.0224,0.0433
52,Test,Leaf Class (Softmax),9,fever_fly,0.9927,0.8712,0.928
52,Test,Leaf Class (Softmax),10,flesh_fly,0.7774,0.749,0.7629
52,Test,Leaf Class (Softmax),11,fly,0.4216,0.476,0.4472
52,Test,Leaf Class (Softmax),12,fruit_fly,0.8709,0.609,0.7168
52,Test,Leaf Class (Softmax),13,hoverfly,0.834,0.809,0.8213
52,Test,Leaf Class (Softmax),14,ladybug,0.9338,0.931,0.9324
52,Test,Leaf Class (Softmax),15,leaf_beetle,0.0744,0.0138,0.0233
52,Test,Leaf Class (Softmax),16,midge,0.9394,0.9925,0.9652
52,Test,Leaf Class (Softmax),17,moth,0.8224,0.8658,0.8435
52,Test,Leaf Class (Softmax),18,robber_fly,0.8304,0.7822,0.8056
52,Test,Leaf Class (Softmax),19,spider,0.6323,0.8758,0.7344
52,Test,Leaf Class (Softmax),20,wasp,0.8191,0.8474,0.833
52,Test,Leaf Class (Softmax),21,weevil,0.9233,0.761,0.8343
52,Test,Leaf Class (Sigmoid),0,Ichneumonoidea,0.7062,0.6143,0.6571
52,Test,Leaf Class (Sigmoid),1,Muscoidea,0.4037,0.5198,0.4544
52,Test,Leaf Class (Sigmoid),2,ant,0.7626,0.945,0.844
52,Test,Leaf Class (Sigmoid),3,ant_beetle,0.9125,0.9246,0.9185
52,Test,Leaf Class (Sigmoid),4,bug,0.7864,0.7149,0.749
52,Test,Leaf Class (Sigmoid),5,butterfly,0.7378,0.9399,0.8267
52,Test,Leaf Class (Sigmoid),6,caddisfly,0.999,0.8845,0.9383
52,Test,Leaf Class (Sigmoid),7,dance_fly,0.8527,0.5652,0.6798
52,Test,Leaf Class (Sigmoid),8,earwig,0.5102,0.0244,0.0465
52,Test,Leaf Class (Sigmoid),9,fever_fly,0.9595,0.8726,0.914
52,Test,Leaf Class (Sigmoid),10,flesh_fly,0.8157,0.7448,0.7786
52,Test,Leaf Class (Sigmoid),11,fly,0.4196,0.5995,0.4937
52,Test,Leaf Class (Sigmoid),12,fruit_fly,0.9031,0.5845,0.7097
52,Test,Leaf Class (Sigmoid),13,hoverfly,0.8156,0.8052,0.8104
52,Test,Leaf Class (Sigmoid),14,ladybug,0.9584,0.922,0.9399
52,Test,Leaf Class (Sigmoid),15,leaf_beetle,0.0844,0.01,0.0179
52,Test,Leaf Class (Sigmoid),16,midge,0.9056,0.9928,0.9472
52,Test,Leaf Class (Sigmoid),17,moth,0.771,0.9008,0.8309
52,Test,Leaf Class (Sigmoid),18,robber_fly,0.8855,0.775,0.8266
52,Test,Leaf Class (Sigmoid),19,spider,0.6166,0.8758,0.7237
52,Test,Leaf Class (Sigmoid),20,wasp,0.7733,0.8557,0.8124
52,Test,Leaf Class (Sigmoid),21,weevil,0.8824,0.7712,0.8231
53,Train,PF4,0,Arachnida,0.9313,0.994,0.9616
53,Train,PF4,1,Insecta,0.9999,0.9994,0.9997
53,Train,PF3,0,Araneae,0.9772,0.9825,0.9798
53,Train,PF3,1,Coleoptera,0.9906,0.9915,0.991
53,Train,PF3,2,Dermaptera,0.9661,0.9729,0.9695
53,Train,PF3,3,Diptera,0.9929,0.9904,0.9917
53,Train,PF3,4,Hemiptera,0.9849,0.9577,0.9711
53,Train,PF3,5,Hymenoptera,0.9817,0.9812,0.9815
53,Train,PF3,6,Lepidoptera,0.9817,0.9653,0.9734
53,Train,PF3,7,Mecoptera,0.8369,0.299,0.4406
53,Train,PF3,8,Neuroptera,0.9844,0.996,0.9902
53,Train,PF3,9,Orthoptera,0.8736,0.9931,0.9295
53,Train,PF3,10,Trichoptera,0.9973,0.9932,0.9953
53,Train,PF2,0,Apocrita,0.9907,0.9795,0.9851
53,Train,PF2,1,Arneomorphae,0.9861,0.9571,0.9714
53,Train,PF2,2,Brachycera,0.9917,0.9916,0.9916
53,Train,PF2,3,Forficulina,0.9639,0.9721,0.968
53,Train,PF2,4,Glossata,0.9849,0.9508,0.9675
53,Train,PF2,5,Hemerobiiformia,0.9889,0.994,0.9915
53,Train,PF2,6,Heteroptera,0.9867,0.9616,0.974
53,Train,PF2,7,Integripalpia,0.9966,0.9886,0.9926
53,Train,PF2,8,Nematocera,0.9945,0.9855,0.99
53,Train,PF2,9,Polyphaga,0.9938,0.9896,0.9917
53,Train,PF2,10,Symphyta,0.9587,0.9721,0.9654
53,Train,PF2,11,grasshopper,0.8256,0.9961,0.9029
53,Train,PF2,12,scorpion_fly,0.6476,0.0876,0.1543
53,Train,PF1,0,Aculeata,0.9886,0.9826,0.9856
53,Train,PF1,1,Araneomorphae,0.9821,0.984,0.9831
53,Train,PF1,2,Asilomorpha,0.9901,0.9901,0.9901
53,Train,PF1,3,Bibionomorpha,0.9936,0.9918,0.9927
53,Train,PF1,4,Cucujiformia,0.9955,0.9923,0.9939
53,Train,PF1,5,Culicomorpha,0.9977,0.9901,0.9939
53,Train,PF1,6,Epidermaptera,0.9774,0.9729,0.9751
53,Train,PF1,7,Heterocera,0.9938,0.9695,0.9815
53,Train,PF1,8,Muscomorpha,0.988,0.9944,0.9912
53,Train,PF1,9,Parasitica,0.9746,0.9654,0.97
53,Train,PF1,10,Pentatomomorpha,0.9901,0.9577,0.9736
53,Train,PF1,11,Plenitentoria,0.9951,0.9985,0.9968
53,Train,PF1,12,Rhopalocera,0.9862,0.9854,0.9858
53,Train,PF1,13,lacewing,0.9852,0.9973,0.9912
53,Train,PF1,14,saw_fly,0.9708,0.9696,0.9702
53,Train,Leaf Class (Softmax),0,Ichneumonoidea,0.9768,0.9703,0.9735
53,Train,Leaf Class (Softmax),1,Muscoidea,0.8619,0.8358,0.8486
53,Train,Leaf Class (Softmax),2,ant,0.9899,0.9936,0.9917
53,Train,Leaf Class (Softmax),3,ant_beetle,0.9963,0.9966,0.9964
53,Train,Leaf Class (Softmax),4,bug,0.9814,0.9797,0.9805
53,Train,Leaf Class (Softmax),5,butterfly,0.991,0.9838,0.9874
53,Train,Leaf Class (Softmax),6,caddisfly,0.9981,0.997,0.9975
53,Train,Leaf Class (Softmax),7,dance_fly,0.9791,0.9719,0.9755
53,Train,Leaf Class (Softmax),8,earwig,0.9859,0.9736,0.9797
53,Train,Leaf Class (Softmax),9,fever_fly,0.9925,0.9939,0.9932
53,Train,Leaf Class (Softmax),10,flesh_fly,0.9722,0.9743,0.9733
53,Train,Leaf Class (Softmax),11,fly,0.833,0.8574,0.8451
53,Train,Leaf Class (Softmax),12,fruit_fly,0.9893,0.9896,0.9894
53,Train,Leaf Class (Softmax),13,hoverfly,0.9856,0.9872,0.9864
53,Train,Leaf Class (Softmax),14,ladybug,0.9924,0.9935,0.9929
53,Train,Leaf Class (Softmax),15,leaf_beetle,0.9945,0.9955,0.995
53,Train,Leaf Class (Softmax),16,midge,0.995,0.993,0.994
53,Train,Leaf Class (Softmax),17,moth,0.9878,0.9872,0.9875
53,Train,Leaf Class (Softmax),18,robber_fly,0.9937,0.9919,0.9928
53,Train,Leaf Class (Softmax),19,spider,0.9798,0.991,0.9854
53,Train,Leaf Class (Softmax),20,wasp,0.9448,0.9285,0.9366
53,Train,Leaf Class (Softmax),21,weevil,0.9964,0.9955,0.9959
53,Train,Leaf Class (Sigmoid),0,Ichneumonoidea,0.9611,0.9769,0.9689
53,Train,Leaf Class (Sigmoid),1,Muscoidea,0.7825,0.913,0.8427
53,Train,Leaf Class (Sigmoid),2,ant,0.9916,0.9917,0.9916
53,Train,Leaf Class (Sigmoid),3,ant_beetle,0.9962,0.9944,0.9953
53,Train,Leaf Class (Sigmoid),4,bug,0.9895,0.9588,0.9739
53,Train,Leaf Class (Sigmoid),5,butterfly,0.9909,0.9725,0.9816
53,Train,Leaf Class (Sigmoid),6,caddisfly,0.9958,0.9966,0.9962
53,Train,Leaf Class (Sigmoid),7,dance_fly,0.9857,0.9659,0.9757
53,Train,Leaf Class (Sigmoid),8,earwig,0.9874,0.9713,0.9793
53,Train,Leaf Class (Sigmoid),9,fever_fly,0.9943,0.9889,0.9916
53,Train,Leaf Class (Sigmoid),10,flesh_fly,0.9661,0.9755,0.9708
53,Train,Leaf Class (Sigmoid),11,fly,0.8904,0.7506,0.8145
53,Train,Leaf Class (Sigmoid),12,fruit_fly,0.986,0.9916,0.9888
53,Train,Leaf Class (Sigmoid),13,hoverfly,0.9856,0.986,0.9858
53,Train,Leaf Class (Sigmoid),14,ladybug,0.9875,0.995,0.9913
53,Train,Leaf Class (Sigmoid),15,leaf_beetle,0.9919,0.9953,0.9936
53,Train,Leaf Class (Sigmoid),16,midge,0.9985,0.989,0.9937
53,Train,Leaf Class (Sigmoid),17,moth,0.9951,0.973,0.9839
53,Train,Leaf Class (Sigmoid),18,robber_fly,0.9911,0.9926,0.9919
53,Train,Leaf Class (Sigmoid),19,spider,0.9796,0.983,0.9813
53,Train,Leaf Class (Sigmoid),20,wasp,0.9486,0.9091,0.9285
53,Train,Leaf Class (Sigmoid),21,weevil,0.9974,0.9924,0.9949
53,Test,PF4,0,Arachnida,0.6511,0.8758,0.7469
53,Test,PF4,1,Insecta,0.9971,0.9891,0.9931
53,Test,PF3,0,Araneae,0.6925,0.8758,0.7735
53,Test,PF3,1,Coleoptera,0.8527,0.793,0.8218
53,Test,PF3,2,Dermaptera,0.9172,0.1404,0.2434
53,Test,PF3,3,Diptera,0.9299,0.9356,0.9327
53,Test,PF3,4,Hemiptera,0.9441,0.6772,0.7887
53,Test,PF3,5,Hymenoptera,0.808,0.7931,0.8005
53,Test,PF3,6,Lepidoptera,0.6685,0.6954,0.6817
53,Test,PF3,7,Mecoptera,0.2537,0.3372,0.2895
53,Test,PF3,8,Neuroptera,0.8004,0.5694,0.6655
53,Test,PF3,9,Orthoptera,0.6605,0.933,0.7735
53,Test,PF3,10,Trichoptera,0.9955,0.953,0.9738
53,Test,PF2,0,Apocrita,0.7806,0.8206,0.8001
53,Test,PF2,1,Arneomorphae,0.7289,0.8746,0.7952
53,Test,PF2,2,Brachycera,0.9134,0.9283,0.9208
53,Test,PF2,3,Forficulina,0.8879,0.1004,0.1804
53,Test,PF2,4,Glossata,0.69,0.7133,0.7014
53,Test,PF2,5,Hemerobiiformia,0.8963,0.5439,0.677
53,Test,PF2,6,Heteroptera,0.9479,0.6733,0.7874
53,Test,PF2,7,Integripalpia,0.9955,0.9457,0.9699
53,Test,PF2,8,Nematocera,0.9666,0.961,0.9638
53,Test,PF2,9,Polyphaga,0.8846,0.792,0.8357
53,Test,PF2,10,Symphyta,0.8948,0.638,0.7449
53,Test,PF2,11,grasshopper,0.5789,0.9525,0.7202
53,Test,PF2,12,scorpion_fly,0.1834,0.1608,0.1714
53,Test,PF1,0,Aculeata,0.8127,0.858,0.8347
53,Test,PF1,1,Araneomorphae,0.7131,0.8746,0.7856
53,Test,PF1,2,Asilomorpha,0.8396,0.7618,0.7988
53,Test,PF1,3,Bibionomorpha,0.9676,0.8875,0.9258
53,Test,PF1,4,Cucujiformia,0.8649,0.7921,0.8269
53,Test,PF1,5,Culicomorpha,0.9576,0.9888,0.9729
53,Test,PF1,6,Epidermaptera,0.9151,0.0945,0.1714
53,Test,PF1,7,Heterocera,0.7476,0.7857,0.7662
53,Test,PF1,8,Muscomorpha,0.8598,0.9233,0.8904
53,Test,PF1,9,Parasitica,0.6204,0.6009,0.6105
53,Test,PF1,10,Pentatomomorpha,0.9486,0.6687,0.7845
53,Test,PF1,11,Plenitentoria,0.9939,0.9823,0.9881
53,Test,PF1,12,Rhopalocera,0.5715,0.9645,0.7177
53,Test,PF1,13,lacewing,0.6069,0.6391,0.6226
53,Test,PF1,14,saw_fly,0.8823,0.6312,0.7359
53,Test,Leaf Class (Softmax),0,Ichneumonoidea,0.5346,0.6233,0.5756
53,Test,Leaf Class (Softmax),1,Muscoidea,0.3827,0.6042,0.4686
53,Test,Leaf Class (Softmax),2,ant,0.7696,0.8668,0.8153
53,Test,Leaf Class (Softmax),3,ant_beetle,0.9078,0.9313,0.9194
53,Test,Leaf Class (Softmax),4,bug,0.9497,0.6834,0.7948
53,Test,Leaf Class (Softmax),5,butterfly,0.6181,0.9537,0.7501
53,Test,Leaf Class (Softmax),6,caddisfly,0.9939,0.9763,0.985
53,Test,Leaf Class (Softmax),7,dance_fly,0.9209,0.5683,0.7028
53,Test,Leaf Class (Softmax),8,earwig,0.9057,0.0468,0.089
53,Test,Leaf Class (Softmax),9,fever_fly,0.9563,0.8677,0.9098
53,Test,Leaf Class (Softmax),10,flesh_fly,0.823,0.7488,0.7841
53,Test,Leaf Class (Softmax),11,fly,0.3893,0.4648,0.4237
53,Test,Leaf Class (Softmax),12,fruit_fly,0.8445,0.6312,0.7225
53,Test,Leaf Class (Softmax),13,hoverfly,0.8271,0.8062,0.8166
53,Test,Leaf Class (Softmax),14,ladybug,0.9243,0.9312,0.9278
53,Test,Leaf Class (Softmax),15,leaf_beetle,0.1161,0.0538,0.0735
53,Test,Leaf Class (Softmax),16,midge,0.9577,0.9845,0.9709
53,Test,Leaf Class (Softmax),17,moth,0.8201,0.8182,0.8192
53,Test,Leaf Class (Softmax),18,robber_fly,0.7399,0.8138,0.7751
53,Test,Leaf Class (Softmax),19,spider,0.7314,0.8758,0.7971
53,Test,Leaf Class (Softmax),20,wasp,0.8875,0.8073,0.8455
53,Test,Leaf Class (Softmax),21,weevil,0.9255,0.755,0.8316
53,Test,Leaf Class (Sigmoid),0,Ichneumonoidea,0.5793,0.6143,0.5963
53,Test,Leaf Class (Sigmoid),1,Muscoidea,0.4191,0.5122,0.461
53,Test,Leaf Class (Sigmoid),2,ant,0.7645,0.875,0.816
53,Test,Leaf Class (Sigmoid),3,ant_beetle,0.9121,0.9357,0.9238
53,Test,Leaf Class (Sigmoid),4,bug,0.9156,0.6857,0.7841
53,Test,Leaf Class (Sigmoid),5,butterfly,0.611,0.9655,0.7484
53,Test,Leaf Class (Sigmoid),6,caddisfly,0.9943,0.9784,0.9863
53,Test,Leaf Class (Sigmoid),7,dance_fly,0.903,0.5965,0.7184
53,Test,Leaf Class (Sigmoid),8,earwig,0.8814,0.0507,0.0959
53,Test,Leaf Class (Sigmoid),9,fever_fly,0.9466,0.879,0.9116
53,Test,Leaf Class (Sigmoid),10,flesh_fly,0.8685,0.725,0.7903
53,Test,Leaf Class (Sigmoid),11,fly,0.3841,0.5798,0.4621
53,Test,Leaf Class (Sigmoid),12,fruit_fly,0.8845,0.6165,0.7266
53,Test,Leaf Class (Sigmoid),13,hoverfly,0.8401,0.7962,0.8176
53,Test,Leaf Class (Sigmoid),14,ladybug,0.9517,0.9258,0.9385
53,Test,Leaf Class (Sigmoid),15,leaf_beetle,0.1285,0.0453,0.067
53,Test,Leaf Class (Sigmoid),16,midge,0.9474,0.9902,0.9683
53,Test,Leaf Class (Sigmoid),17,moth,0.7893,0.946,0.8606
53,Test,Leaf Class (Sigmoid),18,robber_fly,0.8048,0.8165,0.8106
53,Test,Leaf Class (Sigmoid),19,spider,0.7016,0.8758,0.7791
53,Test,Leaf Class (Sigmoid),20,wasp,0.8554,0.8045,0.8292
53,Test,Leaf Class (Sigmoid),21,weevil,0.8922,0.7672,0.825
54,Train,PF4,0,Arachnida,0.9463,0.9945,0.9698
54,Train,PF4,1,Insecta,1.0,0.9995,0.9997
54,Train,PF3,0,Araneae,0.9807,0.987,0.9838
54,Train,PF3,1,Coleoptera,0.9901,0.9913,0.9907
54,Train,PF3,2,Dermaptera,0.9686,0.9798,0.9742
54,Train,PF3,3,Diptera,0.9926,0.9907,0.9916
54,Train,PF3,4,Hemiptera,0.9854,0.9532,0.969
54,Train,PF3,5,Hymenoptera,0.9822,0.9801,0.9812
54,Train,PF3,6,Lepidoptera,0.9821,0.963,0.9724
54,Train,PF3,7,Mecoptera,0.8115,0.2928,0.4303
54,Train,PF3,8,Neuroptera,0.9859,0.9966,0.9912
54,Train,PF3,9,Orthoptera,0.872,0.9919,0.9281
54,Train,PF3,10,Trichoptera,0.9981,0.9939,0.996
54,Train,PF2,0,Apocrita,0.9899,0.9788,0.9843
54,Train,PF2,1,Arneomorphae,0.9877,0.9631,0.9752
54,Train,PF2,2,Brachycera,0.9916,0.9915,0.9916
54,Train,PF2,3,Forficulina,0.9707,0.976,0.9733
54,Train,PF2,4,Glossata,0.9841,0.9501,0.9668
54,Train,PF2,5,Hemerobiiformia,0.9894,0.9955,0.9924
54,Train,PF2,6,Heteroptera,0.9866,0.956,0.9711
54,Train,PF2,7,Integripalpia,0.9992,0.9928,0.996
54,Train,PF2,8,Nematocera,0.9962,0.9863,0.9913
54,Train,PF2,9,Polyphaga,0.9938,0.99,0.9919
54,Train,PF2,10,Symphyta,0.9547,0.9757,0.9651
54,Train,PF2,11,grasshopper,0.8273,0.9954,0.9036
54,Train,PF2,12,scorpion_fly,0.6758,0.0908,0.1601
54,Train,PF1,0,Aculeata,0.9862,0.9821,0.9842
54,Train,PF1,1,Araneomorphae,0.9836,0.9875,0.9856
54,Train,PF1,2,Asilomorpha,0.9905,0.9908,0.9907
54,Train,PF1,3,Bibionomorpha,0.9936,0.9929,0.9932
54,Train,PF1,4,Cucujiformia,0.9954,0.9921,0.9937
54,Train,PF1,5,Culicomorpha,0.9977,0.9905,0.9941
54,Train,PF1,6,Epidermaptera,0.9768,0.9791,0.9779
54,Train,PF1,7,Heterocera,0.9923,0.9699,0.981
54,Train,PF1,8,Muscomorpha,0.9885,0.9946,0.9915
54,Train,PF1,9,Parasitica,0.9745,0.9604,0.9674
54,Train,PF1,10,Pentatomomorpha,0.9918,0.9509,0.9709
54,Train,PF1,11,Plenitentoria,0.9985,0.9985,0.9985
54,Train,PF1,12,Rhopalocera,0.9877,0.9782,0.9829
54,Train,PF1,13,lacewing,0.9859,0.998,0.9919
54,Train,PF1,14,saw_fly,0.9754,0.9744,0.9749
54,Train,Leaf Class (Softmax),0,Ichneumonoidea,0.9714,0.9646,0.9679
54,Train,Leaf Class (Softmax),1,Muscoidea,0.8625,0.8394,0.8508
54,Train,Leaf Class (Softmax),2,ant,0.9882,0.9926,0.9904
54,Train,Leaf Class (Softmax),3,ant_beetle,0.9963,0.9948,0.9955
54,Train,Leaf Class (Softmax),4,bug,0.9813,0.9746,0.9779
54,Train,Leaf Class (Softmax),5,butterfly,0.9894,0.983,0.9862
54,Train,Leaf Class (Softmax),6,caddisfly,0.9985,0.9985,0.9985
54,Train,Leaf Class (Softmax),7,dance_fly,0.9791,0.9726,0.9758
54,Train,Leaf Class (Softmax),8,earwig,0.9844,0.9791,0.9817
54,Train,Leaf Class (Softmax),9,fever_fly,0.9939,0.9932,0.9936
54,Train,Leaf Class (Softmax),10,flesh_fly,0.9721,0.9719,0.972
54,Train,Leaf Class (Softmax),11,fly,0.8367,0.8606,0.8485
54,Train,Leaf Class (Softmax),12,fruit_fly,0.9887,0.9892,0.989
54,Train,Leaf Class (Softmax),13,hoverfly,0.9846,0.9859,0.9853
54,Train,Leaf Class (Softmax),14,ladybug,0.9921,0.9927,0.9924
54,Train,Leaf Class (Softmax),15,leaf_beetle,0.9941,0.9956,0.9948
54,Train,Leaf Class (Softmax),16,midge,0.9966,0.9935,0.995
54,Train,Leaf Class (Softmax),17,moth,0.9871,0.987,0.987
54,Train,Leaf Class (Softmax),18,robber_fly,0.9941,0.9927,0.9934
54,Train,Leaf Class (Softmax),19,spider,0.9832,0.993,0.9881
54,Train,Leaf Class (Softmax),20,wasp,0.9467,0.9196,0.933
54,Train,Leaf Class (Softmax),21,weevil,0.9949,0.9949,0.9949
54,Train,Leaf Class (Sigmoid),0,Ichneumonoidea,0.9655,0.9691,0.9673
54,Train,Leaf Class (Sigmoid),1,Muscoidea,0.7852,0.9116,0.8437
54,Train,Leaf Class (Sigmoid),2,ant,0.9887,0.992,0.9904
54,Train,Leaf Class (Sigmoid),3,ant_beetle,0.9955,0.9944,0.9949
54,Train,Leaf Class (Sigmoid),4,bug,0.9918,0.9526,0.9718
54,Train,Leaf Class (Sigmoid),5,butterfly,0.9926,0.9741,0.9833
54,Train,Leaf Class (Sigmoid),6,caddisfly,0.9977,0.9977,0.9977
54,Train,Leaf Class (Sigmoid),7,dance_fly,0.9862,0.9578,0.9718
54,Train,Leaf Class (Sigmoid),8,earwig,0.9897,0.9729,0.9812
54,Train,Leaf Class (Sigmoid),9,fever_fly,0.9932,0.9925,0.9929
54,Train,Leaf Class (Sigmoid),10,flesh_fly,0.966,0.9748,0.9704
54,Train,Leaf Class (Sigmoid),11,fly,0.8936,0.7582,0.8204
54,Train,Leaf Class (Sigmoid),12,fruit_fly,0.9856,0.9912,0.9884
54,Train,Leaf Class (Sigmoid),13,hoverfly,0.9856,0.9856,0.9856
54,Train,Leaf Class (Sigmoid),14,ladybug,0.9859,0.9942,0.9901
54,Train,Leaf Class (Sigmoid),15,leaf_beetle,0.9927,0.996,0.9943
54,Train,Leaf Class (Sigmoid),16,midge,0.999,0.9901,0.9946
54,Train,Leaf Class (Sigmoid),17,moth,0.994,0.9724,0.9831
54,Train,Leaf Class (Sigmoid),18,robber_fly,0.9924,0.9936,0.993
54,Train,Leaf Class (Sigmoid),19,spider,0.9812,0.9915,0.9863
54,Train,Leaf Class (Sigmoid),20,wasp,0.9531,0.9058,0.9288
54,Train,Leaf Class (Sigmoid),21,weevil,0.9972,0.992,0.9946
54,Test,PF4,0,Arachnida,0.6505,0.8758,0.7465
54,Test,PF4,1,Insecta,0.9971,0.9891,0.9931
54,Test,PF3,0,Araneae,0.6751,0.871,0.7606
54,Test,PF3,1,Coleoptera,0.8983,0.8182,0.8564
54,Test,PF3,2,Dermaptera,0.8381,0.0858,0.1556
54,Test,PF3,3,Diptera,0.9209,0.9454,0.933
54,Test,PF3,4,Hemiptera,0.9128,0.7096,0.7984
54,Test,PF3,5,Hymenoptera,0.8136,0.8244,0.819
54,Test,PF3,6,Lepidoptera,0.7436,0.6513,0.6944
54,Test,PF3,7,Mecoptera,0.2597,0.3476,0.2973
54,Test,PF3,8,Neuroptera,0.7243,0.4904,0.5848
54,Test,PF3,9,Orthoptera,0.6454,0.9702,0.7752
54,Test,PF3,10,Trichoptera,0.9966,0.8737,0.9311
54,Test,PF2,0,Apocrita,0.8139,0.8358,0.8247
54,Test,PF2,1,Arneomorphae,0.7373,0.8704,0.7983
54,Test,PF2,2,Brachycera,0.9076,0.9424,0.9247
54,Test,PF2,3,Forficulina,0.7864,0.0789,0.1435
54,Test,PF2,4,Glossata,0.7514,0.6628,0.7043
54,Test,PF2,5,Hemerobiiformia,0.8726,0.4701,0.611
54,Test,PF2,6,Heteroptera,0.9028,0.708,0.7936
54,Test,PF2,7,Integripalpia,0.9964,0.8267,0.9037
54,Test,PF2,8,Nematocera,0.9379,0.9577,0.9477
54,Test,PF2,9,Polyphaga,0.924,0.8175,0.8675
54,Test,PF2,10,Symphyta,0.8766,0.7892,0.8306
54,Test,PF2,11,grasshopper,0.5433,0.9812,0.6994
54,Test,PF2,12,scorpion_fly,0.2533,0.0999,0.1433
54,Test,PF1,0,Aculeata,0.8056,0.8758,0.8392
54,Test,PF1,1,Araneomorphae,0.7147,0.871,0.7851
54,Test,PF1,2,Asilomorpha,0.7812,0.7771,0.7791
54,Test,PF1,3,Bibionomorpha,0.9968,0.8698,0.9289
54,Test,PF1,4,Cucujiformia,0.9136,0.8115,0.8595
54,Test,PF1,5,Culicomorpha,0.8921,0.9922,0.9395
54,Test,PF1,6,Epidermaptera,0.7561,0.0604,0.1119
54,Test,PF1,7,Heterocera,0.7753,0.867,0.8186
54,Test,PF1,8,Muscomorpha,0.8528,0.9169,0.8837
54,Test,PF1,9,Parasitica,0.65,0.583,0.6147
54,Test,PF1,10,Pentatomomorpha,0.9182,0.7088,0.8
54,Test,PF1,11,Plenitentoria,0.9932,0.8763,0.9311
54,Test,PF1,12,Rhopalocera,0.7316,0.9399,0.8228
54,Test,PF1,13,lacewing,0.8547,0.6365,0.7297
54,Test,PF1,14,saw_fly,0.8716,0.7818,0.8243
54,Test,Leaf Class (Softmax),0,Ichneumonoidea,0.5442,0.6076,0.5742
54,Test,Leaf Class (Softmax),1,Muscoidea,0.3505,0.6085,0.4448
54,Test,Leaf Class (Softmax),2,ant,0.7804,0.8982,0.8352
54,Test,Leaf Class (Softmax),3,ant_beetle,0.8445,0.9394,0.8894
54,Test,Leaf Class (Softmax),4,bug,0.9312,0.7096,0.8054
54,Test,Leaf Class (Softmax),5,butterfly,0.7498,0.93,0.8303
54,Test,Leaf Class (Softmax),6,caddisfly,0.9947,0.8892,0.939
54,Test,Leaf Class (Softmax),7,dance_fly,0.8479,0.5912,0.6966
54,Test,Leaf Class (Softmax),8,earwig,0.6333,0.0185,0.036
54,Test,Leaf Class (Softmax),9,fever_fly,0.9951,0.8556,0.9201
54,Test,Leaf Class (Softmax),10,flesh_fly,0.7517,0.7425,0.7471
54,Test,Leaf Class (Softmax),11,fly,0.4012,0.451,0.4247
54,Test,Leaf Class (Softmax),12,fruit_fly,0.8443,0.6195,0.7146
54,Test,Leaf Class (Softmax),13,hoverfly,0.884,0.7148,0.7904
54,Test,Leaf Class (Softmax),14,ladybug,0.9436,0.9238,0.9336
54,Test,Leaf Class (Softmax),15,leaf_beetle,0.0725,0.0115,0.0199
54,Test,Leaf Class (Softmax),16,midge,0.9068,0.9925,0.9477
54,Test,Leaf Class (Softmax),17,moth,0.8555,0.8938,0.8742
54,Test,Leaf Class (Softmax),18,robber_fly,0.7513,0.8232,0.7856
54,Test,Leaf Class (Softmax),19,spider,0.734,0.871,0.7967
54,Test,Leaf Class (Softmax),20,wasp,0.8815,0.7994,0.8385
54,Test,Leaf Class (Softmax),21,weevil,0.8366,0.7668,0.8002
54,Test,Leaf Class (Sigmoid),0,Ichneumonoidea,0.646,0.5852,0.6141
54,Test,Leaf Class (Sigmoid),1,Muscoidea,0.3763,0.5782,0.4559
54,Test,Leaf Class (Sigmoid),2,ant,0.7668,0.914,0.8339
54,Test,Leaf Class (Sigmoid),3,ant_beetle,0.8703,0.9475,0.9073
54,Test,Leaf Class (Sigmoid),4,bug,0.8869,0.7126,0.7903
54,Test,Leaf Class (Sigmoid),5,butterfly,0.7579,0.9409,0.8396
54,Test,Leaf Class (Sigmoid),6,caddisfly,0.9955,0.8534,0.919
54,Test,Leaf Class (Sigmoid),7,dance_fly,0.8112,0.6163,0.7005
54,Test,Leaf Class (Sigmoid),8,earwig,0.7778,0.0478,0.09
54,Test,Leaf Class (Sigmoid),9,fever_fly,0.9959,0.8634,0.9249
54,Test,Leaf Class (Sigmoid),10,flesh_fly,0.7851,0.7428,0.7634
54,Test,Leaf Class (Sigmoid),11,fly,0.4028,0.4965,0.4448
54,Test,Leaf Class (Sigmoid),12,fruit_fly,0.8843,0.606,0.7192
54,Test,Leaf Class (Sigmoid),13,hoverfly,0.8661,0.7083,0.7793
54,Test,Leaf Class (Sigmoid),14,ladybug,0.9701,0.915,0.9417
54,Test,Leaf Class (Sigmoid),15,leaf_beetle,0.0562,0.0077,0.0135
54,Test,Leaf Class (Sigmoid),16,midge,0.8748,0.994,0.9306
54,Test,Leaf Class (Sigmoid),17,moth,0.8034,0.905,0.8512
54,Test,Leaf Class (Sigmoid),18,robber_fly,0.7705,0.811,0.7903
54,Test,Leaf Class (Sigmoid),19,spider,0.7181,0.8704,0.787
54,Test,Leaf Class (Sigmoid),20,wasp,0.8499,0.8064,0.8275
54,Test,Leaf Class (Sigmoid),21,weevil,0.7895,0.7775,0.7835
55,Train,PF4,0,Arachnida,0.9504,0.995,0.9722
55,Train,PF4,1,Insecta,1.0,0.9996,0.9998
55,Train,PF3,0,Araneae,0.9846,0.9875,0.986
55,Train,PF3,1,Coleoptera,0.9924,0.9921,0.9922
55,Train,PF3,2,Dermaptera,0.9569,0.9814,0.969
55,Train,PF3,3,Diptera,0.9932,0.991,0.9921
55,Train,PF3,4,Hemiptera,0.9861,0.9583,0.972
55,Train,PF3,5,Hymenoptera,0.9821,0.9813,0.9817
55,Train,PF3,6,Lepidoptera,0.9833,0.9635,0.9733
55,Train,PF3,7,Mecoptera,0.8344,0.3221,0.4647
55,Train,PF3,8,Neuroptera,0.9866,0.9967,0.9916
55,Train,PF3,9,Orthoptera,0.8737,0.9932,0.9296
55,Train,PF3,10,Trichoptera,0.9981,0.9936,0.9958
55,Train,PF2,0,Apocrita,0.991,0.98,0.9855
55,Train,PF2,1,Arneomorphae,0.9887,0.9586,0.9734
55,Train,PF2,2,Brachycera,0.9921,0.9922,0.9921
55,Train,PF2,3,Forficulina,0.9648,0.9783,0.9715
55,Train,PF2,4,Glossata,0.9856,0.9484,0.9666
55,Train,PF2,5,Hemerobiiformia,0.9908,0.9957,0.9933
55,Train,PF2,6,Heteroptera,0.9856,0.9639,0.9746
55,Train,PF2,7,Integripalpia,0.9985,0.9909,0.9947
55,Train,PF2,8,Nematocera,0.9959,0.9888,0.9923
55,Train,PF2,9,Polyphaga,0.9952,0.9905,0.9928
55,Train,PF2,10,Symphyta,0.9618,0.9775,0.9696
55,Train,PF2,11,grasshopper,0.8262,0.9964,0.9034
55,Train,PF2,12,scorpion_fly,0.7023,0.0989,0.1734
55,Train,PF1,0,Aculeata,0.9874,0.9844,0.9859
55,Train,PF1,1,Araneomorphae,0.9875,0.987,0.9873
55,Train,PF1,2,Asilomorpha,0.9916,0.9898,0.9907
55,Train,PF1,3,Bibionomorpha,0.9957,0.9946,0.9952
55,Train,PF1,4,Cucujiformia,0.9954,0.9927,0.9941
55,Train,PF1,5,Culicomorpha,0.9981,0.9912,0.9947
55,Train,PF1,6,Epidermaptera,0.9686,0.9798,0.9742
55,Train,PF1,7,Heterocera,0.9934,0.972,0.9826
55,Train,PF1,8,Muscomorpha,0.9891,0.9946,0.9919
55,Train,PF1,9,Parasitica,0.9756,0.9575,0.9665
55,Train,PF1,10,Pentatomomorpha,0.9901,0.9628,0.9763
55,Train,PF1,11,Plenitentoria,0.9974,0.9989,0.9981
55,Train,PF1,12,Rhopalocera,0.9894,0.9814,0.9854
55,Train,PF1,13,lacewing,0.9872,0.9979,0.9925
55,Train,PF1,14,saw_fly,0.9735,0.9772,0.9754
55,Train,Leaf Class (Softmax),0,Ichneumonoidea,0.9747,0.9674,0.971
55,Train,Leaf Class (Softmax),1,Muscoidea,0.8642,0.8439,0.8539
55,Train,Leaf Class (Softmax),2,ant,0.9895,0.9938,0.9916
55,Train,Leaf Class (Softmax),3,ant_beetle,0.9955,0.994,0.9948
55,Train,Leaf Class (Softmax),4,bug,0.9825,0.982,0.9822
55,Train,Leaf Class (Softmax),5,butterfly,0.9935,0.9862,0.9898
55,Train,Leaf Class (Softmax),6,caddisfly,0.9981,0.9985,0.9983
55,Train,Leaf Class (Softmax),7,dance_fly,0.9818,0.9766,0.9792
55,Train,Leaf Class (Softmax),8,earwig,0.9784,0.9814,0.9799
55,Train,Leaf Class (Softmax),9,fever_fly,0.9964,0.9968,0.9966
55,Train,Leaf Class (Softmax),10,flesh_fly,0.9719,0.9697,0.9708
55,Train,Leaf Class (Softmax),11,fly,0.8394,0.8629,0.851
55,Train,Leaf Class (Softmax),12,fruit_fly,0.9889,0.9892,0.9891
55,Train,Leaf Class (Softmax),13,hoverfly,0.9859,0.9868,0.9864
55,Train,Leaf Class (Softmax),14,ladybug,0.9931,0.9932,0.9932
55,Train,Leaf Class (Softmax),15,leaf_beetle,0.9955,0.9963,0.9959
55,Train,Leaf Class (Softmax),16,midge,0.9969,0.9945,0.9957
55,Train,Leaf Class (Softmax),17,moth,0.989,0.987,0.988
55,Train,Leaf Class (Softmax),18,robber_fly,0.9932,0.992,0.9926
55,Train,Leaf Class (Softmax),19,spider,0.9881,0.9915,0.9898
55,Train,Leaf Class (Softmax),20,wasp,0.9504,0.9272,0.9387
55,Train,Leaf Class (Softmax),21,weevil,0.995,0.995,0.995
55,Train,Leaf Class (Sigmoid),0,Ichneumonoidea,0.9613,0.9732,0.9672
55,Train,Leaf Class (Sigmoid),1,Muscoidea,0.7841,0.9144,0.8443
55,Train,Leaf Class (Sigmoid),2,ant,0.9902,0.9921,0.9911
55,Train,Leaf Class (Sigmoid),3,ant_beetle,0.9929,0.9933,0.9931
55,Train,Leaf Class (Sigmoid),4,bug,0.9913,0.9605,0.9757
55,Train,Leaf Class (Sigmoid),5,butterfly,0.9959,0.979,0.9874
55,Train,Leaf Class (Sigmoid),6,caddisfly,0.9981,0.9981,0.9981
55,Train,Leaf Class (Sigmoid),7,dance_fly,0.987,0.9632,0.9749
55,Train,Leaf Class (Sigmoid),8,earwig,0.9828,0.9736,0.9782
55,Train,Leaf Class (Sigmoid),9,fever_fly,0.9971,0.9936,0.9954
55,Train,Leaf Class (Sigmoid),10,flesh_fly,0.9652,0.9722,0.9687
55,Train,Leaf Class (Sigmoid),11,fly,0.8935,0.7562,0.8191
55,Train,Leaf Class (Sigmoid),12,fruit_fly,0.9864,0.9904,0.9884
55,Train,Leaf Class (Sigmoid),13,hoverfly,0.987,0.9858,0.9864
55,Train,Leaf Class (Sigmoid),14,ladybug,0.9878,0.9949,0.9913
55,Train,Leaf Class (Sigmoid),15,leaf_beetle,0.9923,0.9961,0.9942
55,Train,Leaf Class (Sigmoid),16,midge,0.9992,0.9914,0.9953
55,Train,Leaf Class (Sigmoid),17,moth,0.9953,0.9737,0.9844
55,Train,Leaf Class (Sigmoid),18,robber_fly,0.991,0.9928,0.9919
55,Train,Leaf Class (Sigmoid),19,spider,0.9855,0.9855,0.9855
55,Train,Leaf Class (Sigmoid),20,wasp,0.9532,0.9074,0.9297
55,Train,Leaf Class (Sigmoid),21,weevil,0.9965,0.9923,0.9944
55,Test,PF4,0,Arachnida,0.6979,0.8758,0.7768
55,Test,PF4,1,Insecta,0.9971,0.9912,0.9942
55,Test,PF3,0,Araneae,0.7294,0.8752,0.7957
55,Test,PF3,1,Coleoptera,0.8978,0.7974,0.8446
55,Test,PF3,2,Dermaptera,0.8016,0.0984,0.1753
55,Test,PF3,3,Diptera,0.911,0.96,0.9348
55,Test,PF3,4,Hemiptera,0.9581,0.7042,0.8117
55,Test,PF3,5,Hymenoptera,0.8276,0.8327,0.8301
55,Test,PF3,6,Lepidoptera,0.7851,0.6588,0.7164
55,Test,PF3,7,Mecoptera,0.1853,0.2737,0.2209
55,Test,PF3,8,Neuroptera,0.9118,0.4836,0.632
55,Test,PF3,9,Orthoptera,0.6714,0.966,0.7922
55,Test,PF3,10,Trichoptera,0.9986,0.9526,0.9751
55,Test,PF2,0,Apocrita,0.8185,0.8574,0.8375
55,Test,PF2,1,Arneomorphae,0.7991,0.8746,0.8352
55,Test,PF2,2,Brachycera,0.8841,0.9566,0.919
55,Test,PF2,3,Forficulina,0.7724,0.0926,0.1654
55,Test,PF2,4,Glossata,0.7854,0.5992,0.6798
55,Test,PF2,5,Hemerobiiformia,0.9349,0.4477,0.6055
55,Test,PF2,6,Heteroptera,0.956,0.7034,0.8105
55,Test,PF2,7,Integripalpia,0.9991,0.9116,0.9533
55,Test,PF2,8,Nematocera,0.9702,0.9679,0.969
55,Test,PF2,9,Polyphaga,0.9346,0.7896,0.856
55,Test,PF2,10,Symphyta,0.9229,0.7268,0.8132
55,Test,PF2,11,grasshopper,0.5523,0.98,0.7064
55,Test,PF2,12,scorpion_fly,0.1463,0.0869,0.109
55,Test,PF1,0,Aculeata,0.8158,0.8898,0.8512
55,Test,PF1,1,Araneomorphae,0.7681,0.8746,0.8179
55,Test,PF1,2,Asilomorpha,0.7985,0.7895,0.794
55,Test,PF1,3,Bibionomorpha,0.9953,0.903,0.9469
55,Test,PF1,4,Cucujiformia,0.9205,0.7882,0.8493
55,Test,PF1,5,Culicomorpha,0.9587,0.9928,0.9754
55,Test,PF1,6,Epidermaptera,0.8705,0.1179,0.2077
55,Test,PF1,7,Heterocera,0.7695,0.5308,0.6282
55,Test,PF1,8,Muscomorpha,0.8082,0.9493,0.8731
55,Test,PF1,9,Parasitica,0.6561,0.6031,0.6285
55,Test,PF1,10,Pentatomomorpha,0.9629,0.7003,0.8109
55,Test,PF1,11,Plenitentoria,0.9965,0.9767,0.9865
55,Test,PF1,12,Rhopalocera,0.7556,0.8985,0.8209
55,Test,PF1,13,lacewing,0.5713,0.5897,0.5803
55,Test,PF1,14,saw_fly,0.9212,0.6959,0.7928
55,Test,Leaf Class (Softmax),0,Ichneumonoidea,0.6477,0.6637,0.6556
55,Test,Leaf Class (Softmax),1,Muscoidea,0.3697,0.6292,0.4657
55,Test,Leaf Class (Softmax),2,ant,0.7891,0.9122,0.8462
55,Test,Leaf Class (Softmax),3,ant_beetle,0.874,0.9483,0.9096
55,Test,Leaf Class (Softmax),4,bug,0.9621,0.7042,0.8132
55,Test,Leaf Class (Softmax),5,butterfly,0.7833,0.9084,0.8412
55,Test,Leaf Class (Softmax),6,caddisfly,0.9974,0.9741,0.9856
55,Test,Leaf Class (Softmax),7,dance_fly,0.9171,0.6499,0.7607
55,Test,Leaf Class (Softmax),8,earwig,0.8167,0.0478,0.0902
55,Test,Leaf Class (Softmax),9,fever_fly,0.9961,0.8995,0.9453
55,Test,Leaf Class (Softmax),10,flesh_fly,0.7211,0.7562,0.7383
55,Test,Leaf Class (Softmax),11,fly,0.4078,0.4875,0.4441
55,Test,Leaf Class (Softmax),12,fruit_fly,0.8743,0.5998,0.7114
55,Test,Leaf Class (Softmax),13,hoverfly,0.8362,0.826,0.8311
55,Test,Leaf Class (Softmax),14,ladybug,0.9049,0.9465,0.9252
55,Test,Leaf Class (Softmax),15,leaf_beetle,0.0714,0.01,0.0175
55,Test,Leaf Class (Softmax),16,midge,0.9622,0.992,0.9769
55,Test,Leaf Class (Softmax),17,moth,0.8785,0.7538,0.8114
55,Test,Leaf Class (Softmax),18,robber_fly,0.6978,0.8,0.7454
55,Test,Leaf Class (Softmax),19,spider,0.7689,0.8746,0.8184
55,Test,Leaf Class (Softmax),20,wasp,0.8768,0.8336,0.8546
55,Test,Leaf Class (Softmax),21,weevil,0.9564,0.7572,0.8453
55,Test,Leaf Class (Sigmoid),0,Ichneumonoidea,0.7657,0.63,0.6913
55,Test,Leaf Class (Sigmoid),1,Muscoidea,0.3976,0.5815,0.4723
55,Test,Leaf Class (Sigmoid),2,ant,0.7772,0.9225,0.8436
55,Test,Leaf Class (Sigmoid),3,ant_beetle,0.9003,0.9475,0.9233
55,Test,Leaf Class (Sigmoid),4,bug,0.9463,0.7065,0.809
55,Test,Leaf Class (Sigmoid),5,butterfly,0.7779,0.9143,0.8406
55,Test,Leaf Class (Sigmoid),6,caddisfly,0.9982,0.9737,0.9858
55,Test,Leaf Class (Sigmoid),7,dance_fly,0.8625,0.6651,0.7511
55,Test,Leaf Class (Sigmoid),8,earwig,0.8454,0.0799,0.146
55,Test,Leaf Class (Sigmoid),9,fever_fly,0.9946,0.9101,0.9505
55,Test,Leaf Class (Sigmoid),10,flesh_fly,0.7678,0.7332,0.7501
55,Test,Leaf Class (Sigmoid),11,fly,0.385,0.5498,0.4528
55,Test,Leaf Class (Sigmoid),12,fruit_fly,0.9071,0.586,0.712
55,Test,Leaf Class (Sigmoid),13,hoverfly,0.8172,0.8502,0.8334
55,Test,Leaf Class (Sigmoid),14,ladybug,0.9336,0.939,0.9363
55,Test,Leaf Class (Sigmoid),15,leaf_beetle,0.0728,0.0085,0.0152
55,Test,Leaf Class (Sigmoid),16,midge,0.9532,0.993,0.9727
55,Test,Leaf Class (Sigmoid),17,moth,0.8544,0.88,0.867
55,Test,Leaf Class (Sigmoid),18,robber_fly,0.7815,0.7968,0.7891
55,Test,Leaf Class (Sigmoid),19,spider,0.7678,0.8752,0.818
55,Test,Leaf Class (Sigmoid),20,wasp,0.8521,0.834,0.843
55,Test,Leaf Class (Sigmoid),21,weevil,0.9311,0.7602,0.837
56,Train,PF4,0,Arachnida,0.941,0.9955,0.9675
56,Train,PF4,1,Insecta,1.0,0.9995,0.9997
56,Train,PF3,0,Araneae,0.9861,0.988,0.987
56,Train,PF3,1,Coleoptera,0.9911,0.9922,0.9917
56,Train,PF3,2,Dermaptera,0.9563,0.9837,0.9698
56,Train,PF3,3,Diptera,0.9936,0.991,0.9923
56,Train,PF3,4,Hemiptera,0.9832,0.9577,0.9703
56,Train,PF3,5,Hymenoptera,0.9838,0.9826,0.9832
56,Train,PF3,6,Lepidoptera,0.9823,0.9687,0.9754
56,Train,PF3,7,Mecoptera,0.8281,0.3139,0.4553
56,Train,PF3,8,Neuroptera,0.9873,0.9965,0.9918
56,Train,PF3,9,Orthoptera,0.8763,0.9931,0.9311
56,Train,PF3,10,Trichoptera,0.9992,0.9939,0.9966
56,Train,PF2,0,Apocrita,0.9919,0.9811,0.9864
56,Train,PF2,1,Arneomorphae,0.9908,0.9631,0.9767
56,Train,PF2,2,Brachycera,0.9923,0.9919,0.9921
56,Train,PF2,3,Forficulina,0.9605,0.9806,0.9705
56,Train,PF2,4,Glossata,0.9848,0.9531,0.9687
56,Train,PF2,5,Hemerobiiformia,0.9911,0.9947,0.9929
56,Train,PF2,6,Heteroptera,0.985,0.9622,0.9735
56,Train,PF2,7,Integripalpia,0.9996,0.9905,0.9951
56,Train,PF2,8,Nematocera,0.9959,0.9863,0.9911
56,Train,PF2,9,Polyphaga,0.994,0.991,0.9925
56,Train,PF2,10,Symphyta,0.9652,0.9785,0.9718
56,Train,PF2,11,grasshopper,0.826,0.9962,0.9031
56,Train,PF2,12,scorpion_fly,0.6997,0.0835,0.1491
56,Train,PF1,0,Aculeata,0.9881,0.9859,0.987
56,Train,PF1,1,Araneomorphae,0.988,0.9835,0.9857
56,Train,PF1,2,Asilomorpha,0.9914,0.9912,0.9913
56,Train,PF1,3,Bibionomorpha,0.9932,0.9921,0.9927
56,Train,PF1,4,Cucujiformia,0.9954,0.9926,0.994
56,Train,PF1,5,Culicomorpha,0.9983,0.9911,0.9947
56,Train,PF1,6,Epidermaptera,0.973,0.9775,0.9753
56,Train,PF1,7,Heterocera,0.993,0.9713,0.982
56,Train,PF1,8,Muscomorpha,0.989,0.9949,0.992
56,Train,PF1,9,Parasitica,0.9786,0.9604,0.9694
56,Train,PF1,10,Pentatomomorpha,0.989,0.9605,0.9745
56,Train,PF1,11,Plenitentoria,0.9989,0.9985,0.9987
56,Train,PF1,12,Rhopalocera,0.987,0.9854,0.9862
56,Train,PF1,13,lacewing,0.9882,0.9975,0.9928
56,Train,PF1,14,saw_fly,0.9807,0.976,0.9783
56,Train,Leaf Class (Softmax),0,Ichneumonoidea,0.978,0.9703,0.9741
56,Train,Leaf Class (Softmax),1,Muscoidea,0.8671,0.8412,0.8539
56,Train,Leaf Class (Softmax),2,ant,0.9906,0.9944,0.9925
56,Train,Leaf Class (Softmax),3,ant_beetle,0.9948,0.9936,0.9942
56,Train,Leaf Class (Softmax),4,bug,0.978,0.9769,0.9774
56,Train,Leaf Class (Softmax),5,butterfly,0.9894,0.9854,0.9874
56,Train,Leaf Class (Softmax),6,caddisfly,0.9992,0.9981,0.9987
56,Train,Leaf Class (Softmax),7,dance_fly,0.9819,0.9779,0.9799
56,Train,Leaf Class (Softmax),8,earwig,0.9829,0.9783,0.9806
56,Train,Leaf Class (Softmax),9,fever_fly,0.9939,0.9961,0.995
56,Train,Leaf Class (Softmax),10,flesh_fly,0.9734,0.9741,0.9737
56,Train,Leaf Class (Softmax),11,fly,0.8397,0.865,0.8522
56,Train,Leaf Class (Softmax),12,fruit_fly,0.9898,0.9901,0.9899
56,Train,Leaf Class (Softmax),13,hoverfly,0.9857,0.9879,0.9868
56,Train,Leaf Class (Softmax),14,ladybug,0.9936,0.9934,0.9935
56,Train,Leaf Class (Softmax),15,leaf_beetle,0.9944,0.9958,0.9951
56,Train,Leaf Class (Softmax),16,midge,0.9973,0.9937,0.9955
56,Train,Leaf Class (Softmax),17,moth,0.9875,0.9879,0.9877
56,Train,Leaf Class (Softmax),18,robber_fly,0.9945,0.9931,0.9938
56,Train,Leaf Class (Softmax),19,spider,0.9885,0.9905,0.9895
56,Train,Leaf Class (Softmax),20,wasp,0.9554,0.9369,0.946
56,Train,Leaf Class (Softmax),21,weevil,0.9963,0.9954,0.9958
56,Train,Leaf Class (Sigmoid),0,Ichneumonoidea,0.9638,0.9765,0.9701
56,Train,Leaf Class (Sigmoid),1,Muscoidea,0.7835,0.9148,0.8441
56,Train,Leaf Class (Sigmoid),2,ant,0.9908,0.9926,0.9917
56,Train,Leaf Class (Sigmoid),3,ant_beetle,0.9921,0.9929,0.9925
56,Train,Leaf Class (Sigmoid),4,bug,0.9884,0.9577,0.9728
56,Train,Leaf Class (Sigmoid),5,butterfly,0.9942,0.979,0.9865
56,Train,Leaf Class (Sigmoid),6,caddisfly,0.9981,0.9985,0.9983
56,Train,Leaf Class (Sigmoid),7,dance_fly,0.989,0.9659,0.9773
56,Train,Leaf Class (Sigmoid),8,earwig,0.9874,0.9705,0.9789
56,Train,Leaf Class (Sigmoid),9,fever_fly,0.9957,0.9907,0.9932
56,Train,Leaf Class (Sigmoid),10,flesh_fly,0.966,0.9766,0.9712
56,Train,Leaf Class (Sigmoid),11,fly,0.8938,0.7546,0.8183
56,Train,Leaf Class (Sigmoid),12,fruit_fly,0.9869,0.9907,0.9888
56,Train,Leaf Class (Sigmoid),13,hoverfly,0.9871,0.9859,0.9865
56,Train,Leaf Class (Sigmoid),14,ladybug,0.9891,0.9945,0.9918
56,Train,Leaf Class (Sigmoid),15,leaf_beetle,0.9924,0.9963,0.9943
56,Train,Leaf Class (Sigmoid),16,midge,0.9987,0.9903,0.9945
56,Train,Leaf Class (Sigmoid),17,moth,0.996,0.9751,0.9855
56,Train,Leaf Class (Sigmoid),18,robber_fly,0.9916,0.9937,0.9926
56,Train,Leaf Class (Sigmoid),19,spider,0.9885,0.9855,0.987
56,Train,Leaf Class (Sigmoid),20,wasp,0.9578,0.9159,0.9363
56,Train,Leaf Class (Sigmoid),21,weevil,0.9975,0.9922,0.9949
56,Test,PF4,0,Arachnida,0.7509,0.8746,0.8081
56,Test,PF4,1,Insecta,0.9971,0.9933,0.9952
56,Test,PF3,0,Araneae,0.7522,0.8698,0.8067
56,Test,PF3,1,Coleoptera,0.932,0.8004,0.8612
56,Test,PF3,2,Dermaptera,0.9216,0.1832,0.3057
56,Test,PF3,3,Diptera,0.9198,0.9507,0.935
56,Test,PF3,4,Hemiptera,0.9585,0.6941,0.8052
56,Test,PF3,5,Hymenoptera,0.8012,0.8683,0.8334
56,Test,PF3,6,Lepidoptera,0.7472,0.6576,0.6996
56,Test,PF3,7,Mecoptera,0.1923,0.3891,0.2574
56,Test,PF3,8,Neuroptera,0.8178,0.5205,0.6362
56,Test,PF3,9,Orthoptera,0.6918,0.9592,0.8039
56,Test,PF3,10,Trichoptera,0.9928,0.8284,0.9032
56,Test,PF2,0,Apocrita,0.8039,0.8502,0.8264
56,Test,PF2,1,Arneomorphae,0.8112,0.8692,0.8392
56,Test,PF2,2,Brachycera,0.9009,0.9465,0.9232
56,Test,PF2,3,Forficulina,0.903,0.1452,0.2502
56,Test,PF2,4,Glossata,0.7535,0.6566,0.7018
56,Test,PF2,5,Hemerobiiformia,0.8639,0.4919,0.6269
56,Test,PF2,6,Heteroptera,0.9707,0.6895,0.8063
56,Test,PF2,7,Integripalpia,0.9969,0.8211,0.9005
56,Test,PF2,8,Nematocera,0.9608,0.9551,0.9579
56,Test,PF2,9,Polyphaga,0.9557,0.8005,0.8713
56,Test,PF2,10,Symphyta,0.8365,0.8408,0.8386
56,Test,PF2,11,grasshopper,0.5385,0.9752,0.6939
56,Test,PF2,12,scorpion_fly,0.2143,0.1128,0.1478
56,Test,PF1,0,Aculeata,0.7919,0.892,0.839
56,Test,PF1,1,Araneomorphae,0.7754,0.8698,0.8199
56,Test,PF1,2,Asilomorpha,0.8073,0.7997,0.8034
56,Test,PF1,3,Bibionomorpha,0.9656,0.8549,0.9069
56,Test,PF1,4,Cucujiformia,0.938,0.7987,0.8628
56,Test,PF1,5,Culicomorpha,0.9291,0.9925,0.9597
56,Test,PF1,6,Epidermaptera,0.9162,0.1598,0.2722
56,Test,PF1,7,Heterocera,0.7948,0.8088,0.8017
56,Test,PF1,8,Muscomorpha,0.85,0.9263,0.8865
56,Test,PF1,9,Parasitica,0.6014,0.5919,0.5966
56,Test,PF1,10,Pentatomomorpha,0.9302,0.688,0.791
56,Test,PF1,11,Plenitentoria,0.9959,0.9332,0.9635
56,Test,PF1,12,Rhopalocera,0.749,0.9438,0.8352
56,Test,PF1,13,lacewing,0.7393,0.6386,0.6853
56,Test,PF1,14,saw_fly,0.8354,0.8316,0.8335
56,Test,Leaf Class (Softmax),0,Ichneumonoidea,0.556,0.5897,0.5724
56,Test,Leaf Class (Softmax),1,Muscoidea,0.359,0.629,0.4571
56,Test,Leaf Class (Softmax),2,ant,0.7633,0.895,0.8239
56,Test,Leaf Class (Softmax),3,ant_beetle,0.8828,0.946,0.9133
56,Test,Leaf Class (Softmax),4,bug,0.9583,0.6903,0.8025
56,Test,Leaf Class (Softmax),5,butterfly,0.765,0.9271,0.8383
56,Test,Leaf Class (Softmax),6,caddisfly,0.9964,0.9418,0.9683
56,Test,Leaf Class (Softmax),7,dance_fly,0.8518,0.6445,0.7338
56,Test,Leaf Class (Softmax),8,earwig,0.8947,0.0828,0.1517
56,Test,Leaf Class (Softmax),9,fever_fly,0.9522,0.8464,0.8962
56,Test,Leaf Class (Softmax),10,flesh_fly,0.8219,0.7778,0.7992
56,Test,Leaf Class (Softmax),11,fly,0.3973,0.4595,0.4262
56,Test,Leaf Class (Softmax),12,fruit_fly,0.8813,0.6202,0.7281
56,Test,Leaf Class (Softmax),13,hoverfly,0.8603,0.819,0.8391
56,Test,Leaf Class (Softmax),14,ladybug,0.9527,0.9318,0.9421
56,Test,Leaf Class (Softmax),15,leaf_beetle,0.2544,0.0784,0.1199
56,Test,Leaf Class (Softmax),16,midge,0.9446,0.9925,0.9679
56,Test,Leaf Class (Softmax),17,moth,0.8692,0.8588,0.8639
56,Test,Leaf Class (Softmax),18,robber_fly,0.7829,0.8495,0.8149
56,Test,Leaf Class (Softmax),19,spider,0.7745,0.8716,0.8202
56,Test,Leaf Class (Softmax),20,wasp,0.8843,0.8349,0.8589
56,Test,Leaf Class (Softmax),21,weevil,0.9381,0.7582,0.8387
56,Test,Leaf Class (Sigmoid),0,Ichneumonoidea,0.6271,0.5919,0.609
56,Test,Leaf Class (Sigmoid),1,Muscoidea,0.3937,0.5485,0.4584
56,Test,Leaf Class (Sigmoid),2,ant,0.7615,0.9225,0.8343
56,Test,Leaf Class (Sigmoid),3,ant_beetle,0.8831,0.9549,0.9176
56,Test,Leaf Class (Sigmoid),4,bug,0.898,0.6988,0.786
56,Test,Leaf Class (Sigmoid),5,butterfly,0.7737,0.9399,0.8488
56,Test,Leaf Class (Sigmoid),6,caddisfly,0.9975,0.8737,0.9315
56,Test,Leaf Class (Sigmoid),7,dance_fly,0.8208,0.6674,0.7362
56,Test,Leaf Class (Sigmoid),8,earwig,0.8784,0.1267,0.2215
56,Test,Leaf Class (Sigmoid),9,fever_fly,0.9508,0.8613,0.9038
56,Test,Leaf Class (Sigmoid),10,flesh_fly,0.8817,0.7618,0.8173
56,Test,Leaf Class (Sigmoid),11,fly,0.3885,0.5548,0.457
56,Test,Leaf Class (Sigmoid),12,fruit_fly,0.9136,0.6108,0.7321
56,Test,Leaf Class (Sigmoid),13,hoverfly,0.8584,0.8262,0.842
56,Test,Leaf Class (Sigmoid),14,ladybug,0.9684,0.9278,0.9477
56,Test,Leaf Class (Sigmoid),15,leaf_beetle,0.2585,0.0646,0.1033
56,Test,Leaf Class (Sigmoid),16,midge,0.9017,0.9932,0.9453
56,Test,Leaf Class (Sigmoid),17,moth,0.8035,0.8915,0.8452
56,Test,Leaf Class (Sigmoid),18,robber_fly,0.8155,0.8385,0.8268
56,Test,Leaf Class (Sigmoid),19,spider,0.7856,0.8722,0.8266
56,Test,Leaf Class (Sigmoid),20,wasp,0.84,0.8469,0.8434
56,Test,Leaf Class (Sigmoid),21,weevil,0.9084,0.7732,0.8354
57,Train,PF4,0,Arachnida,0.9559,0.9955,0.9753
57,Train,PF4,1,Insecta,1.0,0.9996,0.9998
57,Train,PF3,0,Araneae,0.9885,0.9845,0.9865
57,Train,PF3,1,Coleoptera,0.992,0.9919,0.992
57,Train,PF3,2,Dermaptera,0.9605,0.9806,0.9705
57,Train,PF3,3,Diptera,0.9934,0.9913,0.9924
57,Train,PF3,4,Hemiptera,0.985,0.96,0.9723
57,Train,PF3,5,Hymenoptera,0.9817,0.9822,0.9819
57,Train,PF3,6,Lepidoptera,0.9814,0.965,0.9731
57,Train,PF3,7,Mecoptera,0.8324,0.3176,0.4598
57,Train,PF3,8,Neuroptera,0.9876,0.9974,0.9925
57,Train,PF3,9,Orthoptera,0.8765,0.9922,0.9308
57,Train,PF3,10,Trichoptera,0.9977,0.9939,0.9958
57,Train,PF2,0,Apocrita,0.9907,0.9803,0.9855
57,Train,PF2,1,Arneomorphae,0.9928,0.9641,0.9782
57,Train,PF2,2,Brachycera,0.9922,0.9925,0.9923
57,Train,PF2,3,Forficulina,0.9633,0.9775,0.9704
57,Train,PF2,4,Glossata,0.9852,0.9512,0.9679
57,Train,PF2,5,Hemerobiiformia,0.9906,0.9952,0.9929
57,Train,PF2,6,Heteroptera,0.985,0.9616,0.9732
57,Train,PF2,7,Integripalpia,0.9977,0.9913,0.9945
57,Train,PF2,8,Nematocera,0.9969,0.9872,0.992
57,Train,PF2,9,Polyphaga,0.9942,0.9908,0.9925
57,Train,PF2,10,Symphyta,0.9614,0.9739,0.9676
57,Train,PF2,11,grasshopper,0.8299,0.9957,0.9053
57,Train,PF2,12,scorpion_fly,0.6944,0.0953,0.1676
57,Train,PF1,0,Aculeata,0.9865,0.9853,0.9859
57,Train,PF1,1,Araneomorphae,0.99,0.988,0.989
57,Train,PF1,2,Asilomorpha,0.9908,0.9909,0.9908
57,Train,PF1,3,Bibionomorpha,0.9939,0.995,0.9945
57,Train,PF1,4,Cucujiformia,0.9956,0.9924,0.994
57,Train,PF1,5,Culicomorpha,0.9981,0.9903,0.9942
57,Train,PF1,6,Epidermaptera,0.9797,0.9744,0.9771
57,Train,PF1,7,Heterocera,0.9922,0.9723,0.9821
57,Train,PF1,8,Muscomorpha,0.9894,0.9948,0.9921
57,Train,PF1,9,Parasitica,0.9806,0.96,0.9702
57,Train,PF1,10,Pentatomomorpha,0.993,0.9594,0.9759
57,Train,PF1,11,Plenitentoria,0.9966,0.9989,0.9977
57,Train,PF1,12,Rhopalocera,0.987,0.9806,0.9838
57,Train,PF1,13,lacewing,0.9871,0.9979,0.9924
57,Train,PF1,14,saw_fly,0.9749,0.9734,0.9742
57,Train,Leaf Class (Softmax),0,Ichneumonoidea,0.9788,0.9703,0.9745
57,Train,Leaf Class (Softmax),1,Muscoidea,0.8691,0.8455,0.8572
57,Train,Leaf Class (Softmax),2,ant,0.9899,0.9946,0.9923
57,Train,Leaf Class (Softmax),3,ant_beetle,0.9959,0.9955,0.9957
57,Train,Leaf Class (Softmax),4,bug,0.9824,0.9769,0.9796
57,Train,Leaf Class (Softmax),5,butterfly,0.987,0.9822,0.9846
57,Train,Leaf Class (Softmax),6,caddisfly,0.9981,0.9985,0.9983
57,Train,Leaf Class (Softmax),7,dance_fly,0.9812,0.9759,0.9785
57,Train,Leaf Class (Softmax),8,earwig,0.9875,0.9806,0.9841
57,Train,Leaf Class (Softmax),9,fever_fly,0.9939,0.9946,0.9943
57,Train,Leaf Class (Softmax),10,flesh_fly,0.9734,0.9723,0.9729
57,Train,Leaf Class (Softmax),11,fly,0.8446,0.8694,0.8568
57,Train,Leaf Class (Softmax),12,fruit_fly,0.9895,0.9903,0.9899
57,Train,Leaf Class (Softmax),13,hoverfly,0.9863,0.9875,0.9869
57,Train,Leaf Class (Softmax),14,ladybug,0.9935,0.994,0.9938
57,Train,Leaf Class (Softmax),15,leaf_beetle,0.9954,0.9966,0.996
57,Train,Leaf Class (Softmax),16,midge,0.995,0.9916,0.9933
57,Train,Leaf Class (Softmax),17,moth,0.9888,0.9876,0.9882
57,Train,Leaf Class (Softmax),18,robber_fly,0.9941,0.9933,0.9937
57,Train,Leaf Class (Softmax),19,spider,0.9905,0.9925,0.9915
57,Train,Leaf Class (Softmax),20,wasp,0.9474,0.9247,0.9359
57,Train,Leaf Class (Softmax),21,weevil,0.9957,0.9956,0.9957
57,Train,Leaf Class (Sigmoid),0,Ichneumonoidea,0.9657,0.9753,0.9705
57,Train,Leaf Class (Sigmoid),1,Muscoidea,0.7908,0.9171,0.8493
57,Train,Leaf Class (Sigmoid),2,ant,0.9897,0.9934,0.9915
57,Train,Leaf Class (Sigmoid),3,ant_beetle,0.9955,0.994,0.9948
57,Train,Leaf Class (Sigmoid),4,bug,0.9901,0.9605,0.9751
57,Train,Leaf Class (Sigmoid),5,butterfly,0.9925,0.9701,0.9812
57,Train,Leaf Class (Sigmoid),6,caddisfly,0.9974,0.9985,0.9979
57,Train,Leaf Class (Sigmoid),7,dance_fly,0.9884,0.9699,0.9791
57,Train,Leaf Class (Sigmoid),8,earwig,0.9883,0.9791,0.9836
57,Train,Leaf Class (Sigmoid),9,fever_fly,0.995,0.9925,0.9937
57,Train,Leaf Class (Sigmoid),10,flesh_fly,0.9662,0.9751,0.9707
57,Train,Leaf Class (Sigmoid),11,fly,0.9006,0.7636,0.8265
57,Train,Leaf Class (Sigmoid),12,fruit_fly,0.9866,0.9912,0.9889
57,Train,Leaf Class (Sigmoid),13,hoverfly,0.9867,0.9862,0.9864
57,Train,Leaf Class (Sigmoid),14,ladybug,0.9894,0.9949,0.9921
57,Train,Leaf Class (Sigmoid),15,leaf_beetle,0.9927,0.9965,0.9946
57,Train,Leaf Class (Sigmoid),16,midge,0.9988,0.9899,0.9944
57,Train,Leaf Class (Sigmoid),17,moth,0.9948,0.9754,0.985
57,Train,Leaf Class (Sigmoid),18,robber_fly,0.9921,0.9942,0.9932
57,Train,Leaf Class (Sigmoid),19,spider,0.9885,0.989,0.9888
57,Train,Leaf Class (Sigmoid),20,wasp,0.9506,0.9074,0.9285
57,Train,Leaf Class (Sigmoid),21,weevil,0.9967,0.9929,0.9948
57,Test,PF4,0,Arachnida,0.5722,0.8758,0.6922
57,Test,PF4,1,Insecta,0.9971,0.9848,0.9909
57,Test,PF3,0,Araneae,0.6269,0.8752,0.7305
57,Test,PF3,1,Coleoptera,0.8955,0.7686,0.8272
57,Test,PF3,2,Dermaptera,0.6087,0.0136,0.0267
57,Test,PF3,3,Diptera,0.9096,0.9384,0.9238
57,Test,PF3,4,Hemiptera,0.8458,0.7142,0.7744
57,Test,PF3,5,Hymenoptera,0.8172,0.8103,0.8138
57,Test,PF3,6,Lepidoptera,0.7239,0.5884,0.6491
57,Test,PF3,7,Mecoptera,0.2414,0.1997,0.2186
57,Test,PF3,8,Neuroptera,0.526,0.4581,0.4897
57,Test,PF3,9,Orthoptera,0.5971,0.9835,0.7431
57,Test,PF3,10,Trichoptera,0.9955,0.9582,0.9765
57,Test,PF2,0,Apocrita,0.8164,0.8242,0.8203
57,Test,PF2,1,Arneomorphae,0.654,0.8746,0.7484
57,Test,PF2,2,Brachycera,0.8948,0.9325,0.9133
57,Test,PF2,3,Forficulina,0.35,0.0068,0.0134
57,Test,PF2,4,Glossata,0.7376,0.5968,0.6598
57,Test,PF2,5,Hemerobiiformia,0.5933,0.4347,0.5018
57,Test,PF2,6,Heteroptera,0.8332,0.7157,0.77
57,Test,PF2,7,Integripalpia,0.9968,0.9345,0.9646
57,Test,PF2,8,Nematocera,0.9603,0.9703,0.9653
57,Test,PF2,9,Polyphaga,0.9254,0.7649,0.8375
57,Test,PF2,10,Symphyta,0.8621,0.7342,0.7931
57,Test,PF2,11,grasshopper,0.5289,0.9898,0.6894
57,Test,PF2,12,scorpion_fly,0.1511,0.0545,0.0801
57,Test,PF1,0,Aculeata,0.8317,0.8612,0.8462
57,Test,PF1,1,Araneomorphae,0.6552,0.8746,0.7492
57,Test,PF1,2,Asilomorpha,0.7606,0.7904,0.7753
57,Test,PF1,3,Bibionomorpha,0.9961,0.9073,0.9496
57,Test,PF1,4,Cucujiformia,0.9141,0.7687,0.8351
57,Test,PF1,5,Culicomorpha,0.9468,0.9925,0.9691
57,Test,PF1,6,Epidermaptera,0.4,0.0058,0.0115
57,Test,PF1,7,Heterocera,0.7774,0.7255,0.7505
57,Test,PF1,8,Muscomorpha,0.843,0.9167,0.8783
57,Test,PF1,9,Parasitica,0.41,0.6435,0.5009
57,Test,PF1,10,Pentatomomorpha,0.8489,0.7142,0.7757
57,Test,PF1,11,Plenitentoria,0.9904,0.9789,0.9846
57,Test,PF1,12,Rhopalocera,0.7899,0.9113,0.8463
57,Test,PF1,13,lacewing,0.5258,0.5939,0.5578
57,Test,PF1,14,saw_fly,0.8573,0.7262,0.7864
57,Test,Leaf Class (Softmax),0,Ichneumonoidea,0.3827,0.6951,0.4936
57,Test,Leaf Class (Softmax),1,Muscoidea,0.3556,0.5923,0.4444
57,Test,Leaf Class (Softmax),2,ant,0.8289,0.8912,0.8589
57,Test,Leaf Class (Softmax),3,ant_beetle,0.9129,0.9379,0.9253
57,Test,Leaf Class (Softmax),4,bug,0.8768,0.7126,0.7862
57,Test,Leaf Class (Softmax),5,butterfly,0.8396,0.9025,0.8699
57,Test,Leaf Class (Softmax),6,caddisfly,0.9913,0.9767,0.9839
57,Test,Leaf Class (Softmax),7,dance_fly,0.8017,0.6568,0.722
57,Test,Leaf Class (Softmax),8,earwig,0.25,0.0029,0.0058
57,Test,Leaf Class (Softmax),9,fever_fly,0.9984,0.8946,0.9436
57,Test,Leaf Class (Softmax),10,flesh_fly,0.7964,0.6952,0.7424
57,Test,Leaf Class (Softmax),11,fly,0.3965,0.4972,0.4412
57,Test,Leaf Class (Softmax),12,fruit_fly,0.8432,0.5808,0.6878
57,Test,Leaf Class (Softmax),13,hoverfly,0.8156,0.7782,0.7965
57,Test,Leaf Class (Softmax),14,ladybug,0.9315,0.924,0.9277
57,Test,Leaf Class (Softmax),15,leaf_beetle,0.0097,0.0015,0.0027
57,Test,Leaf Class (Softmax),16,midge,0.9511,0.992,0.9711
57,Test,Leaf Class (Softmax),17,moth,0.8669,0.8775,0.8722
57,Test,Leaf Class (Softmax),18,robber_fly,0.7048,0.8165,0.7565
57,Test,Leaf Class (Softmax),19,spider,0.6834,0.8746,0.7673
57,Test,Leaf Class (Softmax),20,wasp,0.8931,0.7782,0.8317
57,Test,Leaf Class (Softmax),21,weevil,0.9362,0.7588,0.8382
57,Test,Leaf Class (Sigmoid),0,Ichneumonoidea,0.4235,0.6637,0.517
57,Test,Leaf Class (Sigmoid),1,Muscoidea,0.3942,0.4688,0.4282
57,Test,Leaf Class (Sigmoid),2,ant,0.823,0.9148,0.8664
57,Test,Leaf Class (Sigmoid),3,ant_beetle,0.9251,0.9409,0.9329
57,Test,Leaf Class (Sigmoid),4,bug,0.8172,0.7165,0.7635
57,Test,Leaf Class (Sigmoid),5,butterfly,0.8268,0.9123,0.8674
57,Test,Leaf Class (Sigmoid),6,caddisfly,0.9952,0.975,0.985
57,Test,Leaf Class (Sigmoid),7,dance_fly,0.7827,0.6705,0.7223
57,Test,Leaf Class (Sigmoid),8,earwig,0.3846,0.0049,0.0096
57,Test,Leaf Class (Sigmoid),9,fever_fly,0.9977,0.9087,0.9511
57,Test,Leaf Class (Sigmoid),10,flesh_fly,0.8308,0.717,0.7697
57,Test,Leaf Class (Sigmoid),11,fly,0.3829,0.622,0.474
57,Test,Leaf Class (Sigmoid),12,fruit_fly,0.8904,0.5562,0.6847
57,Test,Leaf Class (Sigmoid),13,hoverfly,0.7998,0.79,0.7949
57,Test,Leaf Class (Sigmoid),14,ladybug,0.9654,0.9148,0.9394
57,Test,Leaf Class (Sigmoid),15,leaf_beetle,0.0054,0.0008,0.0013
57,Test,Leaf Class (Sigmoid),16,midge,0.9435,0.9932,0.9677
57,Test,Leaf Class (Sigmoid),17,moth,0.797,0.893,0.8423
57,Test,Leaf Class (Sigmoid),18,robber_fly,0.7457,0.805,0.7742
57,Test,Leaf Class (Sigmoid),19,spider,0.6429,0.8746,0.7411
57,Test,Leaf Class (Sigmoid),20,wasp,0.8467,0.7921,0.8185
57,Test,Leaf Class (Sigmoid),21,weevil,0.8985,0.766,0.827
58,Train,PF4,0,Arachnida,0.9527,0.996,0.9739
58,Train,PF4,1,Insecta,1.0,0.9996,0.9998
58,Train,PF3,0,Araneae,0.9856,0.9885,0.987
58,Train,PF3,1,Coleoptera,0.9921,0.9926,0.9923
58,Train,PF3,2,Dermaptera,0.9595,0.9744,0.9669
58,Train,PF3,3,Diptera,0.9935,0.9912,0.9923
58,Train,PF3,4,Hemiptera,0.9866,0.9571,0.9717
58,Train,PF3,5,Hymenoptera,0.983,0.9828,0.9829
58,Train,PF3,6,Lepidoptera,0.9837,0.9669,0.9752
58,Train,PF3,7,Mecoptera,0.8221,0.2972,0.4366
58,Train,PF3,8,Neuroptera,0.9853,0.9961,0.9907
58,Train,PF3,9,Orthoptera,0.8743,0.993,0.9299
58,Train,PF3,10,Trichoptera,0.9973,0.9932,0.9953
58,Train,PF2,0,Apocrita,0.9912,0.9818,0.9865
58,Train,PF2,1,Arneomorphae,0.9938,0.9636,0.9785
58,Train,PF2,2,Brachycera,0.9922,0.9924,0.9923
58,Train,PF2,3,Forficulina,0.9684,0.9729,0.9706
58,Train,PF2,4,Glossata,0.9851,0.9517,0.9681
58,Train,PF2,5,Hemerobiiformia,0.9897,0.9955,0.9926
58,Train,PF2,6,Heteroptera,0.9878,0.956,0.9716
58,Train,PF2,7,Integripalpia,0.9989,0.9905,0.9947
58,Train,PF2,8,Nematocera,0.9961,0.9863,0.9912
58,Train,PF2,9,Polyphaga,0.9949,0.9909,0.9929
58,Train,PF2,10,Symphyta,0.9607,0.9757,0.9682
58,Train,PF2,11,grasshopper,0.8274,0.9963,0.9041
58,Train,PF2,12,scorpion_fly,0.6621,0.079,0.1411
58,Train,PF1,0,Aculeata,0.9896,0.9849,0.9872
58,Train,PF1,1,Araneomorphae,0.9871,0.989,0.988
58,Train,PF1,2,Asilomorpha,0.991,0.9921,0.9916
58,Train,PF1,3,Bibionomorpha,0.9936,0.9954,0.9945
58,Train,PF1,4,Cucujiformia,0.9959,0.9929,0.9944
58,Train,PF1,5,Culicomorpha,0.9987,0.9911,0.9948
58,Train,PF1,6,Epidermaptera,0.9685,0.9767,0.9726
58,Train,PF1,7,Heterocera,0.9934,0.9709,0.982
58,Train,PF1,8,Muscomorpha,0.9896,0.995,0.9923
58,Train,PF1,9,Parasitica,0.9749,0.9621,0.9685
58,Train,PF1,10,Pentatomomorpha,0.9894,0.9521,0.9704
58,Train,PF1,11,Plenitentoria,0.9977,0.9974,0.9975
58,Train,PF1,12,Rhopalocera,0.9839,0.9871,0.9855
58,Train,PF1,13,lacewing,0.9868,0.9982,0.9925
58,Train,PF1,14,saw_fly,0.976,0.9767,0.9764
58,Train,Leaf Class (Softmax),0,Ichneumonoidea,0.9735,0.9687,0.9711
58,Train,Leaf Class (Softmax),1,Muscoidea,0.8701,0.8466,0.8582
58,Train,Leaf Class (Softmax),2,ant,0.9902,0.9933,0.9917
58,Train,Leaf Class (Softmax),3,ant_beetle,0.9955,0.9944,0.9949
58,Train,Leaf Class (Softmax),4,bug,0.9796,0.9763,0.978
58,Train,Leaf Class (Softmax),5,butterfly,0.9903,0.9895,0.9899
58,Train,Leaf Class (Softmax),6,caddisfly,0.9981,0.9974,0.9977
58,Train,Leaf Class (Softmax),7,dance_fly,0.9806,0.9799,0.9802
58,Train,Leaf Class (Softmax),8,earwig,0.9867,0.9806,0.9837
58,Train,Leaf Class (Softmax),9,fever_fly,0.9964,0.9957,0.9961
58,Train,Leaf Class (Softmax),10,flesh_fly,0.9732,0.9725,0.9728
58,Train,Leaf Class (Softmax),11,fly,0.8433,0.8682,0.8556
58,Train,Leaf Class (Softmax),12,fruit_fly,0.9899,0.9899,0.9899
58,Train,Leaf Class (Softmax),13,hoverfly,0.986,0.9877,0.9869
58,Train,Leaf Class (Softmax),14,ladybug,0.9939,0.9933,0.9936
58,Train,Leaf Class (Softmax),15,leaf_beetle,0.9951,0.9956,0.9953
58,Train,Leaf Class (Softmax),16,midge,0.9971,0.9943,0.9957
58,Train,Leaf Class (Softmax),17,moth,0.9884,0.9883,0.9883
58,Train,Leaf Class (Softmax),18,robber_fly,0.9943,0.9932,0.9937
58,Train,Leaf Class (Softmax),19,spider,0.9876,0.9935,0.9905
58,Train,Leaf Class (Softmax),20,wasp,0.9479,0.9335,0.9407
58,Train,Leaf Class (Softmax),21,weevil,0.997,0.9956,0.9963
58,Train,Leaf Class (Sigmoid),0,Ichneumonoidea,0.9664,0.9728,0.9696
58,Train,Leaf Class (Sigmoid),1,Muscoidea,0.7982,0.9156,0.8529
58,Train,Leaf Class (Sigmoid),2,ant,0.991,0.9921,0.9915
58,Train,Leaf Class (Sigmoid),3,ant_beetle,0.9951,0.994,0.9946
58,Train,Leaf Class (Sigmoid),4,bug,0.9901,0.9583,0.9739
58,Train,Leaf Class (Sigmoid),5,butterfly,0.9918,0.9814,0.9866
58,Train,Leaf Class (Sigmoid),6,caddisfly,0.9981,0.9955,0.9968
58,Train,Leaf Class (Sigmoid),7,dance_fly,0.9877,0.9672,0.9773
58,Train,Leaf Class (Sigmoid),8,earwig,0.9851,0.9767,0.9809
58,Train,Leaf Class (Sigmoid),9,fever_fly,0.9971,0.9932,0.9952
58,Train,Leaf Class (Sigmoid),10,flesh_fly,0.9668,0.9766,0.9716
58,Train,Leaf Class (Sigmoid),11,fly,0.8954,0.7749,0.8308
58,Train,Leaf Class (Sigmoid),12,fruit_fly,0.988,0.9915,0.9897
58,Train,Leaf Class (Sigmoid),13,hoverfly,0.9872,0.9867,0.987
58,Train,Leaf Class (Sigmoid),14,ladybug,0.9892,0.9945,0.9918
58,Train,Leaf Class (Sigmoid),15,leaf_beetle,0.9926,0.9964,0.9945
58,Train,Leaf Class (Sigmoid),16,midge,0.9994,0.9895,0.9945
58,Train,Leaf Class (Sigmoid),17,moth,0.9957,0.9751,0.9853
58,Train,Leaf Class (Sigmoid),18,robber_fly,0.9922,0.9941,0.9931
58,Train,Leaf Class (Sigmoid),19,spider,0.9866,0.989,0.9878
58,Train,Leaf Class (Sigmoid),20,wasp,0.9514,0.9138,0.9322
58,Train,Leaf Class (Sigmoid),21,weevil,0.9978,0.993,0.9954
58,Test,PF4,0,Arachnida,0.614,0.8758,0.7219
58,Test,PF4,1,Insecta,0.9971,0.9873,0.9922
58,Test,PF3,0,Araneae,0.6378,0.8758,0.7381
58,Test,PF3,1,Coleoptera,0.8815,0.7977,0.8375
58,Test,PF3,2,Dermaptera,0.7879,0.0507,0.0952
58,Test,PF3,3,Diptera,0.9181,0.9364,0.9272
58,Test,PF3,4,Hemiptera,0.9356,0.7057,0.8046
58,Test,PF3,5,Hymenoptera,0.8213,0.8314,0.8263
58,Test,PF3,6,Lepidoptera,0.7493,0.6789,0.7124
58,Test,PF3,7,Mecoptera,0.1578,0.1543,0.1561
58,Test,PF3,8,Neuroptera,0.8662,0.5455,0.6694
58,Test,PF3,9,Orthoptera,0.6252,0.9762,0.7622
58,Test,PF3,10,Trichoptera,0.9969,0.9591,0.9776
58,Test,PF2,0,Apocrita,0.8308,0.8541,0.8423
58,Test,PF2,1,Arneomorphae,0.6821,0.8758,0.7669
58,Test,PF2,2,Brachycera,0.8963,0.9325,0.9141
58,Test,PF2,3,Forficulina,0.7255,0.0361,0.0687
58,Test,PF2,4,Glossata,0.7516,0.6644,0.7053
58,Test,PF2,5,Hemerobiiformia,0.8863,0.4945,0.6348
58,Test,PF2,6,Heteroptera,0.904,0.7034,0.7912
58,Test,PF2,7,Integripalpia,0.9973,0.9461,0.971
58,Test,PF2,8,Nematocera,0.9551,0.9505,0.9528
58,Test,PF2,9,Polyphaga,0.9203,0.7847,0.8471
58,Test,PF2,10,Symphyta,0.8537,0.7554,0.8016
58,Test,PF2,11,grasshopper,0.5531,0.9852,0.7085
58,Test,PF2,12,scorpion_fly,0.0733,0.0389,0.0508
58,Test,PF1,0,Aculeata,0.8136,0.888,0.8492
58,Test,PF1,1,Araneomorphae,0.6729,0.8758,0.7611
58,Test,PF1,2,Asilomorpha,0.8312,0.8004,0.8155
58,Test,PF1,3,Bibionomorpha,1.0,0.8422,0.9143
58,Test,PF1,4,Cucujiformia,0.9111,0.7805,0.8407
58,Test,PF1,5,Culicomorpha,0.9371,0.9835,0.9597
58,Test,PF1,6,Epidermaptera,0.8085,0.037,0.0708
58,Test,PF1,7,Heterocera,0.7257,0.668,0.6957
58,Test,PF1,8,Muscomorpha,0.8438,0.9301,0.8848
58,Test,PF1,9,Parasitica,0.6176,0.6121,0.6149
58,Test,PF1,10,Pentatomomorpha,0.9071,0.6995,0.7899
58,Test,PF1,11,Plenitentoria,0.9934,0.9698,0.9815
58,Test,PF1,12,Rhopalocera,0.7469,0.936,0.8308
58,Test,PF1,13,lacewing,0.539,0.6105,0.5725
58,Test,PF1,14,saw_fly,0.864,0.7457,0.8005
58,Test,Leaf Class (Softmax),0,Ichneumonoidea,0.5881,0.6211,0.6041
58,Test,Leaf Class (Softmax),1,Muscoidea,0.3708,0.6607,0.4751
58,Test,Leaf Class (Softmax),2,ant,0.8225,0.9045,0.8615
58,Test,Leaf Class (Softmax),3,ant_beetle,0.9313,0.9017,0.9163
58,Test,Leaf Class (Softmax),4,bug,0.9174,0.7018,0.7953
58,Test,Leaf Class (Softmax),5,butterfly,0.7534,0.93,0.8325
58,Test,Leaf Class (Softmax),6,caddisfly,0.9921,0.9685,0.9802
58,Test,Leaf Class (Softmax),7,dance_fly,0.8561,0.6445,0.7354
58,Test,Leaf Class (Softmax),8,earwig,0.8,0.0195,0.0381
58,Test,Leaf Class (Softmax),9,fever_fly,1.0,0.8252,0.9042
58,Test,Leaf Class (Softmax),10,flesh_fly,0.7991,0.7318,0.7639
58,Test,Leaf Class (Softmax),11,fly,0.3771,0.4268,0.4004
58,Test,Leaf Class (Softmax),12,fruit_fly,0.8498,0.6068,0.708
58,Test,Leaf Class (Softmax),13,hoverfly,0.8377,0.7755,0.8054
58,Test,Leaf Class (Softmax),14,ladybug,0.9319,0.9402,0.936
58,Test,Leaf Class (Softmax),15,leaf_beetle,0.0133,0.0031,0.005
58,Test,Leaf Class (Softmax),16,midge,0.9436,0.991,0.9667
58,Test,Leaf Class (Softmax),17,moth,0.826,0.82,0.823
58,Test,Leaf Class (Softmax),18,robber_fly,0.7686,0.8592,0.8114
58,Test,Leaf Class (Softmax),19,spider,0.686,0.8758,0.7694
58,Test,Leaf Class (Softmax),20,wasp,0.8908,0.8423,0.8659
58,Test,Leaf Class (Softmax),21,weevil,0.9105,0.7782,0.8392
58,Test,Leaf Class (Sigmoid),0,Ichneumonoidea,0.6216,0.6188,0.6202
58,Test,Leaf Class (Sigmoid),1,Muscoidea,0.3964,0.5895,0.4741
58,Test,Leaf Class (Sigmoid),2,ant,0.8073,0.906,0.8538
58,Test,Leaf Class (Sigmoid),3,ant_beetle,0.9459,0.9047,0.9248
58,Test,Leaf Class (Sigmoid),4,bug,0.8566,0.7042,0.7729
58,Test,Leaf Class (Sigmoid),5,butterfly,0.7732,0.9438,0.85
58,Test,Leaf Class (Sigmoid),6,caddisfly,0.9969,0.9638,0.9801
58,Test,Leaf Class (Sigmoid),7,dance_fly,0.8196,0.6583,0.7301
58,Test,Leaf Class (Sigmoid),8,earwig,0.8205,0.0312,0.0601
58,Test,Leaf Class (Sigmoid),9,fever_fly,0.9992,0.8457,0.9161
58,Test,Leaf Class (Sigmoid),10,flesh_fly,0.8425,0.7278,0.781
58,Test,Leaf Class (Sigmoid),11,fly,0.3801,0.5022,0.4327
58,Test,Leaf Class (Sigmoid),12,fruit_fly,0.8709,0.602,0.7119
58,Test,Leaf Class (Sigmoid),13,hoverfly,0.8275,0.7785,0.8023
58,Test,Leaf Class (Sigmoid),14,ladybug,0.9611,0.933,0.9468
58,Test,Leaf Class (Sigmoid),15,leaf_beetle,0.008,0.0015,0.0026
58,Test,Leaf Class (Sigmoid),16,midge,0.9306,0.9928,0.9607
58,Test,Leaf Class (Sigmoid),17,moth,0.7655,0.9042,0.8291
58,Test,Leaf Class (Sigmoid),18,robber_fly,0.8437,0.8378,0.8407
58,Test,Leaf Class (Sigmoid),19,spider,0.6754,0.8758,0.7627
58,Test,Leaf Class (Sigmoid),20,wasp,0.8577,0.8506,0.8542
58,Test,Leaf Class (Sigmoid),21,weevil,0.8673,0.7877,0.8256
59,Train,PF4,0,Arachnida,0.9509,0.996,0.9729
59,Train,PF4,1,Insecta,1.0,0.9996,0.9998
59,Train,PF3,0,Araneae,0.9861,0.988,0.987
59,Train,PF3,1,Coleoptera,0.9917,0.9926,0.9922
59,Train,PF3,2,Dermaptera,0.9716,0.9814,0.9765
59,Train,PF3,3,Diptera,0.9936,0.9917,0.9926
59,Train,PF3,4,Hemiptera,0.986,0.9566,0.9711
59,Train,PF3,5,Hymenoptera,0.984,0.9822,0.9831
59,Train,PF3,6,Lepidoptera,0.983,0.966,0.9744
59,Train,PF3,7,Mecoptera,0.8419,0.3188,0.4625
59,Train,PF3,8,Neuroptera,0.9869,0.9968,0.9918
59,Train,PF3,9,Orthoptera,0.8756,0.9927,0.9305
59,Train,PF3,10,Trichoptera,0.9985,0.9939,0.9962
59,Train,PF2,0,Apocrita,0.9912,0.9806,0.9859
59,Train,PF2,1,Arneomorphae,0.9923,0.9691,0.9806
59,Train,PF2,2,Brachycera,0.9927,0.9923,0.9925
59,Train,PF2,3,Forficulina,0.9708,0.9798,0.9753
59,Train,PF2,4,Glossata,0.9852,0.9512,0.9679
59,Train,PF2,5,Hemerobiiformia,0.99,0.9953,0.9926
59,Train,PF2,6,Heteroptera,0.9908,0.9667,0.9786
59,Train,PF2,7,Integripalpia,0.9985,0.9886,0.9935
59,Train,PF2,8,Nematocera,0.996,0.9867,0.9913
59,Train,PF2,9,Polyphaga,0.9941,0.9914,0.9927
59,Train,PF2,10,Symphyta,0.962,0.9765,0.9692
59,Train,PF2,11,grasshopper,0.8268,0.9965,0.9037
59,Train,PF2,12,scorpion_fly,0.7162,0.0863,0.1541
59,Train,PF1,0,Aculeata,0.9892,0.9856,0.9874
59,Train,PF1,1,Araneomorphae,0.989,0.988,0.9885
59,Train,PF1,2,Asilomorpha,0.991,0.9915,0.9912
59,Train,PF1,3,Bibionomorpha,0.995,0.9929,0.9939
59,Train,PF1,4,Cucujiformia,0.9953,0.9934,0.9943
59,Train,PF1,5,Culicomorpha,0.9969,0.9911,0.994
59,Train,PF1,6,Epidermaptera,0.9784,0.9829,0.9807
59,Train,PF1,7,Heterocera,0.9945,0.9727,0.9835
59,Train,PF1,8,Muscomorpha,0.9899,0.9953,0.9925
59,Train,PF1,9,Parasitica,0.9807,0.9629,0.9717
59,Train,PF1,10,Pentatomomorpha,0.9919,0.9616,0.9765
59,Train,PF1,11,Plenitentoria,0.9977,0.9989,0.9983
59,Train,PF1,12,Rhopalocera,0.983,0.9822,0.9826
59,Train,PF1,13,lacewing,0.9878,0.9974,0.9926
59,Train,PF1,14,saw_fly,0.9782,0.9734,0.9758
59,Train,Leaf Class (Softmax),0,Ichneumonoidea,0.9771,0.967,0.972
59,Train,Leaf Class (Softmax),1,Muscoidea,0.8733,0.8488,0.8609
59,Train,Leaf Class (Softmax),2,ant,0.9903,0.9942,0.9923
59,Train,Leaf Class (Softmax),3,ant_beetle,0.994,0.9955,0.9948
59,Train,Leaf Class (Softmax),4,bug,0.9853,0.9808,0.983
59,Train,Leaf Class (Softmax),5,butterfly,0.9862,0.9822,0.9842
59,Train,Leaf Class (Softmax),6,caddisfly,0.9989,0.9981,0.9985
59,Train,Leaf Class (Softmax),7,dance_fly,0.9885,0.9813,0.9849
59,Train,Leaf Class (Softmax),8,earwig,0.9883,0.9814,0.9848
59,Train,Leaf Class (Softmax),9,fever_fly,0.9957,0.9936,0.9946
59,Train,Leaf Class (Softmax),10,flesh_fly,0.9743,0.9747,0.9745
59,Train,Leaf Class (Softmax),11,fly,0.8459,0.87,0.8578
59,Train,Leaf Class (Softmax),12,fruit_fly,0.9906,0.9898,0.9902
59,Train,Leaf Class (Softmax),13,hoverfly,0.987,0.9878,0.9874
59,Train,Leaf Class (Softmax),14,ladybug,0.9931,0.9938,0.9935
59,Train,Leaf Class (Softmax),15,leaf_beetle,0.9958,0.9974,0.9966
59,Train,Leaf Class (Softmax),16,midge,0.996,0.9939,0.995
59,Train,Leaf Class (Softmax),17,moth,0.9881,0.9885,0.9883
59,Train,Leaf Class (Softmax),18,robber_fly,0.9947,0.9936,0.9941
59,Train,Leaf Class (Softmax),19,spider,0.9901,0.994,0.992
59,Train,Leaf Class (Softmax),20,wasp,0.953,0.9377,0.9453
59,Train,Leaf Class (Softmax),21,weevil,0.9946,0.9962,0.9954
59,Train,Leaf Class (Sigmoid),0,Ichneumonoidea,0.9669,0.974,0.9704
59,Train,Leaf Class (Sigmoid),1,Muscoidea,0.7969,0.9216,0.8547
59,Train,Leaf Class (Sigmoid),2,ant,0.991,0.9923,0.9917
59,Train,Leaf Class (Sigmoid),3,ant_beetle,0.9925,0.9951,0.9938
59,Train,Leaf Class (Sigmoid),4,bug,0.9924,0.9633,0.9777
59,Train,Leaf Class (Sigmoid),5,butterfly,0.9893,0.9765,0.9829
59,Train,Leaf Class (Sigmoid),6,caddisfly,0.9974,0.9977,0.9975
59,Train,Leaf Class (Sigmoid),7,dance_fly,0.9938,0.9705,0.9821
59,Train,Leaf Class (Sigmoid),8,earwig,0.9844,0.9798,0.9821
59,Train,Leaf Class (Sigmoid),9,fever_fly,0.9953,0.9918,0.9936
59,Train,Leaf Class (Sigmoid),10,flesh_fly,0.9681,0.9777,0.9729
59,Train,Leaf Class (Sigmoid),11,fly,0.902,0.7697,0.8306
59,Train,Leaf Class (Sigmoid),12,fruit_fly,0.9875,0.9911,0.9893
59,Train,Leaf Class (Sigmoid),13,hoverfly,0.9876,0.9864,0.987
59,Train,Leaf Class (Sigmoid),14,ladybug,0.9893,0.9949,0.9921
59,Train,Leaf Class (Sigmoid),15,leaf_beetle,0.9922,0.9974,0.9948
59,Train,Leaf Class (Sigmoid),16,midge,0.9988,0.9909,0.9948
59,Train,Leaf Class (Sigmoid),17,moth,0.9951,0.975,0.985
59,Train,Leaf Class (Sigmoid),18,robber_fly,0.992,0.9936,0.9928
59,Train,Leaf Class (Sigmoid),19,spider,0.987,0.988,0.9875
59,Train,Leaf Class (Sigmoid),20,wasp,0.9571,0.9196,0.938
59,Train,Leaf Class (Sigmoid),21,weevil,0.9972,0.9922,0.9947
59,Test,PF4,0,Arachnida,0.5998,0.8758,0.712
59,Test,PF4,1,Insecta,0.9971,0.9865,0.9918
59,Test,PF3,0,Araneae,0.6246,0.8758,0.7292
59,Test,PF3,1,Coleoptera,0.9045,0.7714,0.8327
59,Test,PF3,2,Dermaptera,0.0571,0.0019,0.0038
59,Test,PF3,3,Diptera,0.9048,0.9536,0.9286
59,Test,PF3,4,Hemiptera,0.8574,0.7088,0.776
59,Test,PF3,5,Hymenoptera,0.8004,0.8187,0.8094
59,Test,PF3,6,Lepidoptera,0.7552,0.5992,0.6682
59,Test,PF3,7,Mecoptera,0.2125,0.1543,0.1788
59,Test,PF3,8,Neuroptera,0.7441,0.4613,0.5695
59,Test,PF3,9,Orthoptera,0.5775,0.9495,0.7182
59,Test,PF3,10,Trichoptera,0.9995,0.8319,0.908
59,Test,PF2,0,Apocrita,0.7997,0.8523,0.8252
59,Test,PF2,1,Arneomorphae,0.6676,0.8758,0.7577
59,Test,PF2,2,Brachycera,0.8801,0.949,0.9133
59,Test,PF2,3,Forficulina,0.0476,0.0019,0.0037
59,Test,PF2,4,Glossata,0.773,0.5807,0.6632
59,Test,PF2,5,Hemerobiiformia,0.8978,0.4384,0.5891
59,Test,PF2,6,Heteroptera,0.8485,0.7034,0.7692
59,Test,PF2,7,Integripalpia,0.9995,0.8284,0.906
59,Test,PF2,8,Nematocera,0.9659,0.9675,0.9667
59,Test,PF2,9,Polyphaga,0.936,0.7619,0.84
59,Test,PF2,10,Symphyta,0.8467,0.6993,0.766
59,Test,PF2,11,grasshopper,0.5298,0.9742,0.6863
59,Test,PF2,12,scorpion_fly,0.2575,0.0895,0.1328
59,Test,PF1,0,Aculeata,0.8172,0.8536,0.835
59,Test,PF1,1,Araneomorphae,0.649,0.8758,0.7456
59,Test,PF1,2,Asilomorpha,0.7582,0.7677,0.7629
59,Test,PF1,3,Bibionomorpha,0.9875,0.8924,0.9375
59,Test,PF1,4,Cucujiformia,0.9333,0.7663,0.8416
59,Test,PF1,5,Culicomorpha,0.9468,0.993,0.9694
59,Test,PF1,6,Epidermaptera,0.0,0.0,0.0
59,Test,PF1,7,Heterocera,0.7682,0.6348,0.6951
59,Test,PF1,8,Muscomorpha,0.8026,0.9327,0.8628
59,Test,PF1,9,Parasitica,0.4703,0.6749,0.5543
59,Test,PF1,10,Pentatomomorpha,0.8403,0.7011,0.7644
59,Test,PF1,11,Plenitentoria,0.9977,0.9552,0.976
59,Test,PF1,12,Rhopalocera,0.6726,0.935,0.7824
59,Test,PF1,13,lacewing,0.7797,0.5465,0.6426
59,Test,PF1,14,saw_fly,0.8549,0.6781,0.7563
59,Test,Leaf Class (Softmax),0,Ichneumonoidea,0.4447,0.7578,0.5605
59,Test,Leaf Class (Softmax),1,Muscoidea,0.3413,0.6312,0.4431
59,Test,Leaf Class (Softmax),2,ant,0.8484,0.8548,0.8516
59,Test,Leaf Class (Softmax),3,ant_beetle,0.8802,0.9394,0.9088
59,Test,Leaf Class (Softmax),4,bug,0.8764,0.7049,0.7814
59,Test,Leaf Class (Softmax),5,butterfly,0.6891,0.9261,0.7902
59,Test,Leaf Class (Softmax),6,caddisfly,0.9973,0.9552,0.9758
59,Test,Leaf Class (Softmax),7,dance_fly,0.8357,0.6285,0.7175
59,Test,Leaf Class (Softmax),8,earwig,0.0,0.0,0.0
59,Test,Leaf Class (Softmax),9,fever_fly,0.9913,0.8903,0.9381
59,Test,Leaf Class (Softmax),10,flesh_fly,0.8083,0.7075,0.7546
59,Test,Leaf Class (Softmax),11,fly,0.3994,0.4572,0.4264
59,Test,Leaf Class (Softmax),12,fruit_fly,0.8389,0.6118,0.7075
59,Test,Leaf Class (Softmax),13,hoverfly,0.7828,0.784,0.7834
59,Test,Leaf Class (Softmax),14,ladybug,0.9544,0.9322,0.9432
59,Test,Leaf Class (Softmax),15,leaf_beetle,0.0472,0.0092,0.0154
59,Test,Leaf Class (Softmax),16,midge,0.9525,0.9925,0.9721
59,Test,Leaf Class (Softmax),17,moth,0.8849,0.8112,0.8465
59,Test,Leaf Class (Softmax),18,robber_fly,0.7237,0.8138,0.7661
59,Test,Leaf Class (Softmax),19,spider,0.6757,0.8758,0.7629
59,Test,Leaf Class (Softmax),20,wasp,0.8772,0.8197,0.8475
59,Test,Leaf Class (Softmax),21,weevil,0.922,0.7155,0.8057
59,Test,Leaf Class (Sigmoid),0,Ichneumonoidea,0.4573,0.7332,0.5633
59,Test,Leaf Class (Sigmoid),1,Muscoidea,0.3613,0.5312,0.4301
59,Test,Leaf Class (Sigmoid),2,ant,0.8296,0.862,0.8455
59,Test,Leaf Class (Sigmoid),3,ant_beetle,0.9084,0.9453,0.9265
59,Test,Leaf Class (Sigmoid),4,bug,0.8095,0.7103,0.7567
59,Test,Leaf Class (Sigmoid),5,butterfly,0.7024,0.9369,0.8029
59,Test,Leaf Class (Sigmoid),6,caddisfly,0.9986,0.9039,0.9489
59,Test,Leaf Class (Sigmoid),7,dance_fly,0.8044,0.6461,0.7166
59,Test,Leaf Class (Sigmoid),8,earwig,0.0,0.0,0.0
59,Test,Leaf Class (Sigmoid),9,fever_fly,0.9899,0.9038,0.9449
59,Test,Leaf Class (Sigmoid),10,flesh_fly,0.8552,0.6778,0.7562
59,Test,Leaf Class (Sigmoid),11,fly,0.4035,0.5908,0.4795
59,Test,Leaf Class (Sigmoid),12,fruit_fly,0.8801,0.6002,0.7137
59,Test,Leaf Class (Sigmoid),13,hoverfly,0.7658,0.7905,0.778
59,Test,Leaf Class (Sigmoid),14,ladybug,0.9781,0.9265,0.9516
59,Test,Leaf Class (Sigmoid),15,leaf_beetle,0.0441,0.0069,0.012
59,Test,Leaf Class (Sigmoid),16,midge,0.922,0.9935,0.9564
59,Test,Leaf Class (Sigmoid),17,moth,0.8499,0.835,0.8424
59,Test,Leaf Class (Sigmoid),18,robber_fly,0.7439,0.8148,0.7777
59,Test,Leaf Class (Sigmoid),19,spider,0.6444,0.8758,0.7425
59,Test,Leaf Class (Sigmoid),20,wasp,0.8212,0.8239,0.8226
59,Test,Leaf Class (Sigmoid),21,weevil,0.8969,0.7328,0.8065
60,Train,PF4,0,Arachnida,0.9619,0.9955,0.9784
60,Train,PF4,1,Insecta,1.0,0.9997,0.9998
60,Train,PF3,0,Araneae,0.9885,0.986,0.9873
60,Train,PF3,1,Coleoptera,0.9927,0.9929,0.9928
60,Train,PF3,2,Dermaptera,0.9604,0.9767,0.9685
60,Train,PF3,3,Diptera,0.9938,0.9917,0.9927
60,Train,PF3,4,Hemiptera,0.9901,0.9594,0.9745
60,Train,PF3,5,Hymenoptera,0.9833,0.9841,0.9837
60,Train,PF3,6,Lepidoptera,0.9842,0.9695,0.9768
60,Train,PF3,7,Mecoptera,0.8534,0.3343,0.4804
60,Train,PF3,8,Neuroptera,0.9867,0.9963,0.9915
60,Train,PF3,9,Orthoptera,0.8807,0.9935,0.9338
60,Train,PF3,10,Trichoptera,0.9962,0.9909,0.9935
60,Train,PF2,0,Apocrita,0.9913,0.9828,0.987
60,Train,PF2,1,Arneomorphae,0.9938,0.9671,0.9803
60,Train,PF2,2,Brachycera,0.9926,0.9928,0.9927
60,Train,PF2,3,Forficulina,0.9649,0.9814,0.9731
60,Train,PF2,4,Glossata,0.9874,0.9544,0.9706
60,Train,PF2,5,Hemerobiiformia,0.9912,0.9959,0.9936
60,Train,PF2,6,Heteroptera,0.9873,0.9667,0.9769
60,Train,PF2,7,Integripalpia,0.9977,0.9864,0.992
60,Train,PF2,8,Nematocera,0.9979,0.989,0.9934
60,Train,PF2,9,Polyphaga,0.995,0.9919,0.9934
60,Train,PF2,10,Symphyta,0.9659,0.9762,0.971
60,Train,PF2,11,grasshopper,0.8323,0.9964,0.907
60,Train,PF2,12,scorpion_fly,0.7003,0.0961,0.169
60,Train,PF1,0,Aculeata,0.9909,0.9864,0.9887
60,Train,PF1,1,Araneomorphae,0.9925,0.9875,0.99
60,Train,PF1,2,Asilomorpha,0.9919,0.9932,0.9925
60,Train,PF1,3,Bibionomorpha,0.9954,0.9946,0.995
60,Train,PF1,4,Cucujiformia,0.9963,0.9935,0.9949
60,Train,PF1,5,Culicomorpha,0.9977,0.9899,0.9938
60,Train,PF1,6,Epidermaptera,0.9745,0.9791,0.9768
60,Train,PF1,7,Heterocera,0.9948,0.9746,0.9846
60,Train,PF1,8,Muscomorpha,0.99,0.9955,0.9928
60,Train,PF1,9,Parasitica,0.9808,0.9703,0.9755
60,Train,PF1,10,Pentatomomorpha,0.9913,0.965,0.978
60,Train,PF1,11,Plenitentoria,0.9962,0.9981,0.9972
60,Train,PF1,12,Rhopalocera,0.987,0.9862,0.9866
60,Train,PF1,13,lacewing,0.9886,0.9979,0.9932
60,Train,PF1,14,saw_fly,0.9807,0.9757,0.9782
60,Train,Leaf Class (Softmax),0,Ichneumonoidea,0.9777,0.9757,0.9767
60,Train,Leaf Class (Softmax),1,Muscoidea,0.8757,0.854,0.8647
60,Train,Leaf Class (Softmax),2,ant,0.9916,0.9942,0.9929
60,Train,Leaf Class (Softmax),3,ant_beetle,0.9977,0.9948,0.9963
60,Train,Leaf Class (Softmax),4,bug,0.9864,0.9825,0.9845
60,Train,Leaf Class (Softmax),5,butterfly,0.991,0.9838,0.9874
60,Train,Leaf Class (Softmax),6,caddisfly,0.9977,0.9974,0.9975
60,Train,Leaf Class (Softmax),7,dance_fly,0.9878,0.9786,0.9832
60,Train,Leaf Class (Softmax),8,earwig,0.9868,0.9822,0.9845
60,Train,Leaf Class (Softmax),9,fever_fly,0.9954,0.9964,0.9959
60,Train,Leaf Class (Softmax),10,flesh_fly,0.9755,0.9751,0.9753
60,Train,Leaf Class (Softmax),11,fly,0.8524,0.8766,0.8644
60,Train,Leaf Class (Softmax),12,fruit_fly,0.9912,0.9911,0.9912
60,Train,Leaf Class (Softmax),13,hoverfly,0.9871,0.989,0.9881
60,Train,Leaf Class (Softmax),14,ladybug,0.9944,0.9941,0.9942
60,Train,Leaf Class (Softmax),15,leaf_beetle,0.9952,0.9958,0.9955
60,Train,Leaf Class (Softmax),16,midge,0.9962,0.9935,0.9949
60,Train,Leaf Class (Softmax),17,moth,0.9899,0.9883,0.9891
60,Train,Leaf Class (Softmax),18,robber_fly,0.995,0.9939,0.9945
60,Train,Leaf Class (Softmax),19,spider,0.9876,0.994,0.9908
60,Train,Leaf Class (Softmax),20,wasp,0.9529,0.9356,0.9441
60,Train,Leaf Class (Softmax),21,weevil,0.9959,0.9964,0.9962
60,Train,Leaf Class (Sigmoid),0,Ichneumonoidea,0.9726,0.9806,0.9766
60,Train,Leaf Class (Sigmoid),1,Muscoidea,0.8046,0.9189,0.858
60,Train,Leaf Class (Sigmoid),2,ant,0.9919,0.9926,0.9923
60,Train,Leaf Class (Sigmoid),3,ant_beetle,0.9981,0.9955,0.9968
60,Train,Leaf Class (Sigmoid),4,bug,0.9942,0.9616,0.9776
60,Train,Leaf Class (Sigmoid),5,butterfly,0.9934,0.9806,0.987
60,Train,Leaf Class (Sigmoid),6,caddisfly,0.9962,0.9974,0.9968
60,Train,Leaf Class (Sigmoid),7,dance_fly,0.9918,0.9699,0.9807
60,Train,Leaf Class (Sigmoid),8,earwig,0.989,0.9767,0.9828
60,Train,Leaf Class (Sigmoid),9,fever_fly,0.9954,0.9946,0.995
60,Train,Leaf Class (Sigmoid),10,flesh_fly,0.9696,0.9773,0.9735
60,Train,Leaf Class (Sigmoid),11,fly,0.9023,0.783,0.8384
60,Train,Leaf Class (Sigmoid),12,fruit_fly,0.9887,0.9924,0.9905
60,Train,Leaf Class (Sigmoid),13,hoverfly,0.9874,0.9876,0.9875
60,Train,Leaf Class (Sigmoid),14,ladybug,0.991,0.995,0.993
60,Train,Leaf Class (Sigmoid),15,leaf_beetle,0.9925,0.9962,0.9943
60,Train,Leaf Class (Sigmoid),16,midge,0.9987,0.9911,0.9948
60,Train,Leaf Class (Sigmoid),17,moth,0.9951,0.9781,0.9865
60,Train,Leaf Class (Sigmoid),18,robber_fly,0.9928,0.9946,0.9937
60,Train,Leaf Class (Sigmoid),19,spider,0.9871,0.993,0.99
60,Train,Leaf Class (Sigmoid),20,wasp,0.9518,0.9137,0.9324
60,Train,Leaf Class (Sigmoid),21,weevil,0.9969,0.9939,0.9954
60,Test,PF4,0,Arachnida,0.5883,0.8776,0.7044
60,Test,PF4,1,Insecta,0.9971,0.9858,0.9914
60,Test,PF3,0,Araneae,0.6086,0.8758,0.7182
60,Test,PF3,1,Coleoptera,0.8705,0.8049,0.8364
60,Test,PF3,2,Dermaptera,0.5769,0.0146,0.0285
60,Test,PF3,3,Diptera,0.9158,0.9571,0.936
60,Test,PF3,4,Hemiptera,0.8709,0.7119,0.7834
60,Test,PF3,5,Hymenoptera,0.8614,0.7797,0.8185
60,Test,PF3,6,Lepidoptera,0.7863,0.653,0.7135
60,Test,PF3,7,Mecoptera,0.1928,0.1323,0.1569
60,Test,PF3,8,Neuroptera,0.7601,0.4316,0.5506
60,Test,PF3,9,Orthoptera,0.5777,0.9845,0.7281
60,Test,PF3,10,Trichoptera,0.9924,0.8983,0.943
60,Test,PF2,0,Apocrita,0.8487,0.7879,0.8172
60,Test,PF2,1,Arneomorphae,0.6183,0.8752,0.7247
60,Test,PF2,2,Brachycera,0.9021,0.9535,0.9271
60,Test,PF2,3,Forficulina,0.4815,0.0127,0.0247
60,Test,PF2,4,Glossata,0.7965,0.6508,0.7163
60,Test,PF2,5,Hemerobiiformia,0.7956,0.3968,0.5295
60,Test,PF2,6,Heteroptera,0.8824,0.7111,0.7875
60,Test,PF2,7,Integripalpia,0.9947,0.8819,0.9349
60,Test,PF2,8,Nematocera,0.9595,0.9584,0.959
60,Test,PF2,9,Polyphaga,0.915,0.7993,0.8533
60,Test,PF2,10,Symphyta,0.9314,0.7537,0.8332
60,Test,PF2,11,grasshopper,0.5192,0.9902,0.6812
60,Test,PF2,12,scorpion_fly,0.1616,0.0687,0.0965
60,Test,PF1,0,Aculeata,0.8634,0.8288,0.8458
60,Test,PF1,1,Araneomorphae,0.6163,0.8746,0.7231
60,Test,PF1,2,Asilomorpha,0.7808,0.8066,0.7935
60,Test,PF1,3,Bibionomorpha,0.9992,0.8634,0.9263
60,Test,PF1,4,Cucujiformia,0.9008,0.8005,0.8477
60,Test,PF1,5,Culicomorpha,0.9396,0.9918,0.965
60,Test,PF1,6,Epidermaptera,0.5238,0.0107,0.021
60,Test,PF1,7,Heterocera,0.8253,0.71,0.7633
60,Test,PF1,8,Muscomorpha,0.8434,0.9375,0.888
60,Test,PF1,9,Parasitica,0.5257,0.6188,0.5685
60,Test,PF1,10,Pentatomomorpha,0.9119,0.7096,0.7981
60,Test,PF1,11,Plenitentoria,0.9926,0.9832,0.9879
60,Test,PF1,12,Rhopalocera,0.6861,0.9369,0.7922
60,Test,PF1,13,lacewing,0.6265,0.6438,0.635
60,Test,PF1,14,saw_fly,0.9276,0.7411,0.8239
60,Test,Leaf Class (Softmax),0,Ichneumonoidea,0.4072,0.6839,0.5105
60,Test,Leaf Class (Softmax),1,Muscoidea,0.3583,0.512,0.4216
60,Test,Leaf Class (Softmax),2,ant,0.8497,0.7887,0.8181
60,Test,Leaf Class (Softmax),3,ant_beetle,0.8917,0.9431,0.9167
60,Test,Leaf Class (Softmax),4,bug,0.9148,0.7111,0.8002
60,Test,Leaf Class (Softmax),5,butterfly,0.7059,0.9271,0.8015
60,Test,Leaf Class (Softmax),6,caddisfly,0.9947,0.9793,0.987
60,Test,Leaf Class (Softmax),7,dance_fly,0.7783,0.6079,0.6827
60,Test,Leaf Class (Softmax),8,earwig,0.3636,0.0039,0.0077
60,Test,Leaf Class (Softmax),9,fever_fly,1.0,0.8521,0.9201
60,Test,Leaf Class (Softmax),10,flesh_fly,0.8257,0.7308,0.7753
60,Test,Leaf Class (Softmax),11,fly,0.3993,0.606,0.4814
60,Test,Leaf Class (Softmax),12,fruit_fly,0.8743,0.5878,0.7029
60,Test,Leaf Class (Softmax),13,hoverfly,0.847,0.8058,0.8259
60,Test,Leaf Class (Softmax),14,ladybug,0.9114,0.9382,0.9246
60,Test,Leaf Class (Softmax),15,leaf_beetle,0.0829,0.0407,0.0546
60,Test,Leaf Class (Softmax),16,midge,0.9456,0.9912,0.9679
60,Test,Leaf Class (Softmax),17,moth,0.8968,0.8085,0.8504
60,Test,Leaf Class (Softmax),18,robber_fly,0.7628,0.862,0.8094
60,Test,Leaf Class (Softmax),19,spider,0.6187,0.8746,0.7247
60,Test,Leaf Class (Softmax),20,wasp,0.8762,0.816,0.8451
60,Test,Leaf Class (Softmax),21,weevil,0.9287,0.765,0.8389
60,Test,Leaf Class (Sigmoid),0,Ichneumonoidea,0.4866,0.6525,0.5575
60,Test,Leaf Class (Sigmoid),1,Muscoidea,0.3942,0.435,0.4136
60,Test,Leaf Class (Sigmoid),2,ant,0.8402,0.8058,0.8226
60,Test,Leaf Class (Sigmoid),3,ant_beetle,0.8973,0.949,0.9224
60,Test,Leaf Class (Sigmoid),4,bug,0.8538,0.7111,0.776
60,Test,Leaf Class (Sigmoid),5,butterfly,0.6974,0.9379,0.8
60,Test,Leaf Class (Sigmoid),6,caddisfly,0.9974,0.9754,0.9863
60,Test,Leaf Class (Sigmoid),7,dance_fly,0.7222,0.6285,0.6721
60,Test,Leaf Class (Sigmoid),8,earwig,0.5556,0.0097,0.0192
60,Test,Leaf Class (Sigmoid),9,fever_fly,0.9992,0.862,0.9255
60,Test,Leaf Class (Sigmoid),10,flesh_fly,0.8526,0.7345,0.7891
60,Test,Leaf Class (Sigmoid),11,fly,0.3911,0.692,0.4998
60,Test,Leaf Class (Sigmoid),12,fruit_fly,0.9067,0.5785,0.7063
60,Test,Leaf Class (Sigmoid),13,hoverfly,0.845,0.8152,0.8299
60,Test,Leaf Class (Sigmoid),14,ladybug,0.9377,0.9332,0.9355
60,Test,Leaf Class (Sigmoid),15,leaf_beetle,0.0898,0.04,0.0553
60,Test,Leaf Class (Sigmoid),16,midge,0.9375,0.9932,0.9646
60,Test,Leaf Class (Sigmoid),17,moth,0.8463,0.8972,0.871
60,Test,Leaf Class (Sigmoid),18,robber_fly,0.8198,0.8418,0.8306
60,Test,Leaf Class (Sigmoid),19,spider,0.6147,0.8746,0.722
60,Test,Leaf Class (Sigmoid),20,wasp,0.8523,0.8165,0.834
60,Test,Leaf Class (Sigmoid),21,weevil,0.8989,0.7695,0.8292
61,Train,PF4,0,Arachnida,0.9578,0.9965,0.9768
61,Train,PF4,1,Insecta,1.0,0.9996,0.9998
61,Train,PF3,0,Araneae,0.9861,0.9885,0.9873
61,Train,PF3,1,Coleoptera,0.9921,0.993,0.9926
61,Train,PF3,2,Dermaptera,0.9708,0.9783,0.9745
61,Train,PF3,3,Diptera,0.9941,0.9923,0.9932
61,Train,PF3,4,Hemiptera,0.9884,0.9571,0.9725
61,Train,PF3,5,Hymenoptera,0.985,0.9846,0.9848
61,Train,PF3,6,Lepidoptera,0.9846,0.9673,0.9759
61,Train,PF3,7,Mecoptera,0.8344,0.3139,0.4562
61,Train,PF3,8,Neuroptera,0.9888,0.9973,0.993
61,Train,PF3,9,Orthoptera,0.8775,0.9931,0.9317
61,Train,PF3,10,Trichoptera,0.9966,0.9924,0.9945
61,Train,PF2,0,Apocrita,0.9925,0.9839,0.9882
61,Train,PF2,1,Arneomorphae,0.9903,0.9691,0.9796
61,Train,PF2,2,Brachycera,0.9932,0.993,0.9931
61,Train,PF2,3,Forficulina,0.9686,0.9791,0.9738
61,Train,PF2,4,Glossata,0.9865,0.9541,0.97
61,Train,PF2,5,Hemerobiiformia,0.9914,0.9966,0.994
61,Train,PF2,6,Heteroptera,0.9919,0.9633,0.9774
61,Train,PF2,7,Integripalpia,0.9966,0.9913,0.9939
61,Train,PF2,8,Nematocera,0.9977,0.9904,0.9941
61,Train,PF2,9,Polyphaga,0.9948,0.9917,0.9932
61,Train,PF2,10,Symphyta,0.9654,0.978,0.9717
61,Train,PF2,11,grasshopper,0.8314,0.9961,0.9063
61,Train,PF2,12,scorpion_fly,0.7019,0.092,0.1627
61,Train,PF1,0,Aculeata,0.9911,0.9863,0.9887
61,Train,PF1,1,Araneomorphae,0.9895,0.99,0.9898
61,Train,PF1,2,Asilomorpha,0.9924,0.9915,0.992
61,Train,PF1,3,Bibionomorpha,0.9968,0.9961,0.9964
61,Train,PF1,4,Cucujiformia,0.9959,0.9933,0.9946
61,Train,PF1,5,Culicomorpha,0.9985,0.992,0.9952
61,Train,PF1,6,Epidermaptera,0.9738,0.9783,0.976
61,Train,PF1,7,Heterocera,0.9935,0.9719,0.9826
61,Train,PF1,8,Muscomorpha,0.9901,0.9958,0.9929
61,Train,PF1,9,Parasitica,0.9779,0.9666,0.9722
61,Train,PF1,10,Pentatomomorpha,0.9924,0.9633,0.9777
61,Train,PF1,11,Plenitentoria,0.9962,0.9985,0.9974
61,Train,PF1,12,Rhopalocera,0.9935,0.9935,0.9935
61,Train,PF1,13,lacewing,0.9884,0.9978,0.993
61,Train,PF1,14,saw_fly,0.9765,0.978,0.9773
61,Train,Leaf Class (Softmax),0,Ichneumonoidea,0.976,0.9724,0.9742
61,Train,Leaf Class (Softmax),1,Muscoidea,0.8759,0.8511,0.8633
61,Train,Leaf Class (Softmax),2,ant,0.9919,0.9942,0.993
61,Train,Leaf Class (Softmax),3,ant_beetle,0.9963,0.9951,0.9957
61,Train,Leaf Class (Softmax),4,bug,0.9847,0.9808,0.9828
61,Train,Leaf Class (Softmax),5,butterfly,0.9968,0.9951,0.996
61,Train,Leaf Class (Softmax),6,caddisfly,0.9981,0.9974,0.9977
61,Train,Leaf Class (Softmax),7,dance_fly,0.9806,0.9793,0.9799
61,Train,Leaf Class (Softmax),8,earwig,0.9852,0.9806,0.9829
61,Train,Leaf Class (Softmax),9,fever_fly,0.9968,0.9968,0.9968
61,Train,Leaf Class (Softmax),10,flesh_fly,0.9753,0.9766,0.9759
61,Train,Leaf Class (Softmax),11,fly,0.8506,0.8735,0.8619
61,Train,Leaf Class (Softmax),12,fruit_fly,0.9921,0.993,0.9926
61,Train,Leaf Class (Softmax),13,hoverfly,0.9869,0.989,0.988
61,Train,Leaf Class (Softmax),14,ladybug,0.9946,0.9952,0.9949
61,Train,Leaf Class (Softmax),15,leaf_beetle,0.9962,0.9967,0.9964
61,Train,Leaf Class (Softmax),16,midge,0.9968,0.9952,0.996
61,Train,Leaf Class (Softmax),17,moth,0.9896,0.9894,0.9895
61,Train,Leaf Class (Softmax),18,robber_fly,0.9946,0.9936,0.9941
61,Train,Leaf Class (Softmax),19,spider,0.9886,0.9935,0.991
61,Train,Leaf Class (Softmax),20,wasp,0.9626,0.9411,0.9517
61,Train,Leaf Class (Softmax),21,weevil,0.9963,0.9971,0.9967
61,Train,Leaf Class (Sigmoid),0,Ichneumonoidea,0.9642,0.9773,0.9707
61,Train,Leaf Class (Sigmoid),1,Muscoidea,0.7988,0.9189,0.8546
61,Train,Leaf Class (Sigmoid),2,ant,0.9922,0.9922,0.9922
61,Train,Leaf Class (Sigmoid),3,ant_beetle,0.9948,0.9944,0.9946
61,Train,Leaf Class (Sigmoid),4,bug,0.9918,0.9605,0.9759
61,Train,Leaf Class (Sigmoid),5,butterfly,0.9975,0.9871,0.9923
61,Train,Leaf Class (Sigmoid),6,caddisfly,0.997,0.9966,0.9968
61,Train,Leaf Class (Sigmoid),7,dance_fly,0.9884,0.9672,0.9777
61,Train,Leaf Class (Sigmoid),8,earwig,0.9867,0.9783,0.9825
61,Train,Leaf Class (Sigmoid),9,fever_fly,0.9971,0.9943,0.9957
61,Train,Leaf Class (Sigmoid),10,flesh_fly,0.9689,0.9804,0.9746
61,Train,Leaf Class (Sigmoid),11,fly,0.9019,0.7722,0.8321
61,Train,Leaf Class (Sigmoid),12,fruit_fly,0.9898,0.9932,0.9915
61,Train,Leaf Class (Sigmoid),13,hoverfly,0.9874,0.9881,0.9877
61,Train,Leaf Class (Sigmoid),14,ladybug,0.9913,0.9954,0.9934
61,Train,Leaf Class (Sigmoid),15,leaf_beetle,0.9931,0.997,0.9951
61,Train,Leaf Class (Sigmoid),16,midge,0.9992,0.9928,0.996
61,Train,Leaf Class (Sigmoid),17,moth,0.9947,0.977,0.9858
61,Train,Leaf Class (Sigmoid),18,robber_fly,0.9928,0.9937,0.9933
61,Train,Leaf Class (Sigmoid),19,spider,0.9866,0.9895,0.988
61,Train,Leaf Class (Sigmoid),20,wasp,0.9606,0.9243,0.9421
61,Train,Leaf Class (Sigmoid),21,weevil,0.9976,0.9953,0.9964
61,Test,PF4,0,Arachnida,0.6069,0.8752,0.7168
61,Test,PF4,1,Insecta,0.9971,0.9869,0.992
61,Test,PF3,0,Araneae,0.6452,0.8722,0.7417
61,Test,PF3,1,Coleoptera,0.9018,0.7983,0.8469
61,Test,PF3,2,Dermaptera,0.8092,0.1365,0.2335
61,Test,PF3,3,Diptera,0.9233,0.9482,0.9356
61,Test,PF3,4,Hemiptera,0.878,0.7149,0.7881
61,Test,PF3,5,Hymenoptera,0.8121,0.8226,0.8173
61,Test,PF3,6,Lepidoptera,0.7626,0.6558,0.7051
61,Test,PF3,7,Mecoptera,0.1647,0.3307,0.2199
61,Test,PF3,8,Neuroptera,0.7579,0.4722,0.5819
61,Test,PF3,9,Orthoptera,0.6774,0.974,0.7991
61,Test,PF3,10,Trichoptera,0.999,0.869,0.9295
61,Test,PF2,0,Apocrita,0.8051,0.8336,0.8191
61,Test,PF2,1,Arneomorphae,0.6906,0.8722,0.7709
61,Test,PF2,2,Brachycera,0.9054,0.9461,0.9253
61,Test,PF2,3,Forficulina,0.7883,0.1053,0.1857
61,Test,PF2,4,Glossata,0.7504,0.6181,0.6779
61,Test,PF2,5,Hemerobiiformia,0.8692,0.4597,0.6014
61,Test,PF2,6,Heteroptera,0.9164,0.718,0.8052
61,Test,PF2,7,Integripalpia,0.9995,0.8478,0.9174
61,Test,PF2,8,Nematocera,0.962,0.969,0.9655
61,Test,PF2,9,Polyphaga,0.9237,0.794,0.8539
61,Test,PF2,10,Symphyta,0.8687,0.7658,0.814
61,Test,PF2,11,grasshopper,0.5358,0.988,0.6948
61,Test,PF2,12,scorpion_fly,0.2207,0.1077,0.1447
61,Test,PF1,0,Aculeata,0.7982,0.8917,0.8424
61,Test,PF1,1,Araneomorphae,0.678,0.8722,0.7629
61,Test,PF1,2,Asilomorpha,0.8116,0.7957,0.8036
61,Test,PF1,3,Bibionomorpha,0.9977,0.9066,0.9499
61,Test,PF1,4,Cucujiformia,0.9177,0.7948,0.8519
61,Test,PF1,5,Culicomorpha,0.9306,0.9928,0.9607
61,Test,PF1,6,Epidermaptera,0.7923,0.1004,0.1782
61,Test,PF1,7,Heterocera,0.7979,0.7272,0.7609
61,Test,PF1,8,Muscomorpha,0.8438,0.9308,0.8852
61,Test,PF1,9,Parasitica,0.639,0.6031,0.6205
61,Test,PF1,10,Pentatomomorpha,0.9252,0.7149,0.8066
61,Test,PF1,11,Plenitentoria,0.9912,0.9716,0.9813
61,Test,PF1,12,Rhopalocera,0.6928,0.9419,0.7983
61,Test,PF1,13,lacewing,0.7505,0.5928,0.6624
61,Test,PF1,14,saw_fly,0.8678,0.752,0.8058
61,Test,Leaf Class (Softmax),0,Ichneumonoidea,0.6542,0.6278,0.6407
61,Test,Leaf Class (Softmax),1,Muscoidea,0.3877,0.5785,0.4642
61,Test,Leaf Class (Softmax),2,ant,0.8056,0.8942,0.8476
61,Test,Leaf Class (Softmax),3,ant_beetle,0.8461,0.9505,0.8952
61,Test,Leaf Class (Softmax),4,bug,0.9226,0.7165,0.8066
61,Test,Leaf Class (Softmax),5,butterfly,0.7105,0.936,0.8078
61,Test,Leaf Class (Softmax),6,caddisfly,0.996,0.9707,0.9832
61,Test,Leaf Class (Softmax),7,dance_fly,0.9159,0.598,0.7236
61,Test,Leaf Class (Softmax),8,earwig,0.7766,0.0712,0.1304
61,Test,Leaf Class (Softmax),9,fever_fly,0.9984,0.8903,0.9413
61,Test,Leaf Class (Softmax),10,flesh_fly,0.7495,0.8328,0.789
61,Test,Leaf Class (Softmax),11,fly,0.413,0.4715,0.4403
61,Test,Leaf Class (Softmax),12,fruit_fly,0.887,0.622,0.7312
61,Test,Leaf Class (Softmax),13,hoverfly,0.8101,0.802,0.806
61,Test,Leaf Class (Softmax),14,ladybug,0.9238,0.9362,0.93
61,Test,Leaf Class (Softmax),15,leaf_beetle,0.044,0.0154,0.0228
61,Test,Leaf Class (Softmax),16,midge,0.9545,0.992,0.9729
61,Test,Leaf Class (Softmax),17,moth,0.873,0.825,0.8483
61,Test,Leaf Class (Softmax),18,robber_fly,0.7596,0.8492,0.8019
61,Test,Leaf Class (Softmax),19,spider,0.6761,0.8722,0.7617
61,Test,Leaf Class (Softmax),20,wasp,0.8558,0.8211,0.8381
61,Test,Leaf Class (Softmax),21,weevil,0.9333,0.7525,0.8332
61,Test,Leaf Class (Sigmoid),0,Ichneumonoidea,0.7203,0.6121,0.6618
61,Test,Leaf Class (Sigmoid),1,Muscoidea,0.4401,0.4545,0.4472
61,Test,Leaf Class (Sigmoid),2,ant,0.7942,0.9058,0.8463
61,Test,Leaf Class (Sigmoid),3,ant_beetle,0.863,0.9542,0.9063
61,Test,Leaf Class (Sigmoid),4,bug,0.8703,0.7188,0.7873
61,Test,Leaf Class (Sigmoid),5,butterfly,0.7045,0.9468,0.8079
61,Test,Leaf Class (Sigmoid),6,caddisfly,0.9982,0.9634,0.9805
61,Test,Leaf Class (Sigmoid),7,dance_fly,0.8896,0.6148,0.7271
61,Test,Leaf Class (Sigmoid),8,earwig,0.7857,0.0965,0.1719
61,Test,Leaf Class (Sigmoid),9,fever_fly,0.9984,0.9045,0.9491
61,Test,Leaf Class (Sigmoid),10,flesh_fly,0.7909,0.8285,0.8093
61,Test,Leaf Class (Sigmoid),11,fly,0.4091,0.6212,0.4933
61,Test,Leaf Class (Sigmoid),12,fruit_fly,0.9192,0.609,0.7326
61,Test,Leaf Class (Sigmoid),13,hoverfly,0.8043,0.8055,0.8049
61,Test,Leaf Class (Sigmoid),14,ladybug,0.9543,0.93,0.942
61,Test,Leaf Class (Sigmoid),15,leaf_beetle,0.0472,0.0131,0.0205
61,Test,Leaf Class (Sigmoid),16,midge,0.9317,0.9998,0.9645
61,Test,Leaf Class (Sigmoid),17,moth,0.8199,0.8538,0.8365
61,Test,Leaf Class (Sigmoid),18,robber_fly,0.7813,0.8528,0.8154
61,Test,Leaf Class (Sigmoid),19,spider,0.6648,0.8722,0.7545
61,Test,Leaf Class (Sigmoid),20,wasp,0.8194,0.8368,0.828
61,Test,Leaf Class (Sigmoid),21,weevil,0.9025,0.7592,0.8247
62,Train,PF4,0,Arachnida,0.9577,0.994,0.9755
62,Train,PF4,1,Insecta,0.9999,0.9996,0.9998
62,Train,PF3,0,Araneae,0.9831,0.9885,0.9858
62,Train,PF3,1,Coleoptera,0.9925,0.9934,0.9929
62,Train,PF3,2,Dermaptera,0.9583,0.9791,0.9686
62,Train,PF3,3,Diptera,0.9943,0.9922,0.9933
62,Train,PF3,4,Hemiptera,0.9861,0.9588,0.9723
62,Train,PF3,5,Hymenoptera,0.9859,0.9841,0.985
62,Train,PF3,6,Lepidoptera,0.9852,0.9712,0.9781
62,Train,PF3,7,Mecoptera,0.8308,0.3078,0.4492
62,Train,PF3,8,Neuroptera,0.9893,0.9969,0.9931
62,Train,PF3,9,Orthoptera,0.8765,0.9933,0.9312
62,Train,PF3,10,Trichoptera,0.9996,0.9943,0.997
62,Train,PF2,0,Apocrita,0.9921,0.9844,0.9882
62,Train,PF2,1,Arneomorphae,0.9914,0.9726,0.9819
62,Train,PF2,2,Brachycera,0.9936,0.993,0.9933
62,Train,PF2,3,Forficulina,0.9701,0.9814,0.9757
62,Train,PF2,4,Glossata,0.9879,0.9593,0.9734
62,Train,PF2,5,Hemerobiiformia,0.9918,0.9961,0.9939
62,Train,PF2,6,Heteroptera,0.9873,0.9673,0.9772
62,Train,PF2,7,Integripalpia,0.9992,0.9909,0.9951
62,Train,PF2,8,Nematocera,0.9971,0.989,0.993
62,Train,PF2,9,Polyphaga,0.9947,0.9924,0.9936
62,Train,PF2,10,Symphyta,0.969,0.9757,0.9724
62,Train,PF2,11,grasshopper,0.8316,0.9962,0.9065
62,Train,PF2,12,scorpion_fly,0.7158,0.0851,0.1521
62,Train,PF1,0,Aculeata,0.991,0.9881,0.9896
62,Train,PF1,1,Araneomorphae,0.9871,0.989,0.988
62,Train,PF1,2,Asilomorpha,0.993,0.9929,0.993
62,Train,PF1,3,Bibionomorpha,0.9954,0.9936,0.9945
62,Train,PF1,4,Cucujiformia,0.9961,0.9936,0.9948
62,Train,PF1,5,Culicomorpha,0.9985,0.9924,0.9954
62,Train,PF1,6,Epidermaptera,0.9783,0.9806,0.9795
62,Train,PF1,7,Heterocera,0.9944,0.9776,0.986
62,Train,PF1,8,Muscomorpha,0.9909,0.9957,0.9933
62,Train,PF1,9,Parasitica,0.9841,0.9691,0.9765
62,Train,PF1,10,Pentatomomorpha,0.9913,0.969,0.98
62,Train,PF1,11,Plenitentoria,0.9985,0.9989,0.9987
62,Train,PF1,12,Rhopalocera,0.9871,0.9887,0.9879
62,Train,PF1,13,lacewing,0.9889,0.9977,0.9933
62,Train,PF1,14,saw_fly,0.9827,0.9755,0.9791
62,Train,Leaf Class (Softmax),0,Ichneumonoidea,0.9801,0.9753,0.9777
62,Train,Leaf Class (Softmax),1,Muscoidea,0.8765,0.8556,0.8659
62,Train,Leaf Class (Softmax),2,ant,0.9919,0.9952,0.9935
62,Train,Leaf Class (Softmax),3,ant_beetle,0.9974,0.9959,0.9966
62,Train,Leaf Class (Softmax),4,bug,0.9831,0.982,0.9825
62,Train,Leaf Class (Softmax),5,butterfly,0.9895,0.9871,0.9883
62,Train,Leaf Class (Softmax),6,caddisfly,0.9996,0.9989,0.9992
62,Train,Leaf Class (Softmax),7,dance_fly,0.9879,0.9826,0.9852
62,Train,Leaf Class (Softmax),8,earwig,0.9883,0.9806,0.9844
62,Train,Leaf Class (Softmax),9,fever_fly,0.9971,0.9954,0.9962
62,Train,Leaf Class (Softmax),10,flesh_fly,0.9763,0.9763,0.9763
62,Train,Leaf Class (Softmax),11,fly,0.8535,0.8759,0.8645
62,Train,Leaf Class (Softmax),12,fruit_fly,0.9913,0.9916,0.9914
62,Train,Leaf Class (Softmax),13,hoverfly,0.9878,0.9889,0.9884
62,Train,Leaf Class (Softmax),14,ladybug,0.9951,0.9949,0.995
62,Train,Leaf Class (Softmax),15,leaf_beetle,0.9961,0.9964,0.9962
62,Train,Leaf Class (Softmax),16,midge,0.9973,0.9937,0.9955
62,Train,Leaf Class (Softmax),17,moth,0.9906,0.9908,0.9907
62,Train,Leaf Class (Softmax),18,robber_fly,0.9954,0.9942,0.9948
62,Train,Leaf Class (Softmax),19,spider,0.9866,0.9915,0.989
62,Train,Leaf Class (Softmax),20,wasp,0.9559,0.939,0.9474
62,Train,Leaf Class (Softmax),21,weevil,0.9958,0.9958,0.9958
62,Train,Leaf Class (Sigmoid),0,Ichneumonoidea,0.9726,0.981,0.9768
62,Train,Leaf Class (Sigmoid),1,Muscoidea,0.8034,0.9225,0.8588
62,Train,Leaf Class (Sigmoid),2,ant,0.9924,0.9931,0.9928
62,Train,Leaf Class (Sigmoid),3,ant_beetle,0.9955,0.994,0.9948
62,Train,Leaf Class (Sigmoid),4,bug,0.9896,0.965,0.9772
62,Train,Leaf Class (Sigmoid),5,butterfly,0.9926,0.9814,0.987
62,Train,Leaf Class (Sigmoid),6,caddisfly,0.9989,0.9985,0.9987
62,Train,Leaf Class (Sigmoid),7,dance_fly,0.9918,0.9759,0.9838
62,Train,Leaf Class (Sigmoid),8,earwig,0.989,0.9736,0.9812
62,Train,Leaf Class (Sigmoid),9,fever_fly,0.9968,0.9936,0.9952
62,Train,Leaf Class (Sigmoid),10,flesh_fly,0.9726,0.9782,0.9754
62,Train,Leaf Class (Sigmoid),11,fly,0.9036,0.7806,0.8376
62,Train,Leaf Class (Sigmoid),12,fruit_fly,0.9891,0.9925,0.9908
62,Train,Leaf Class (Sigmoid),13,hoverfly,0.9868,0.9878,0.9873
62,Train,Leaf Class (Sigmoid),14,ladybug,0.9904,0.9956,0.993
62,Train,Leaf Class (Sigmoid),15,leaf_beetle,0.9934,0.9963,0.9949
62,Train,Leaf Class (Sigmoid),16,midge,0.9994,0.9912,0.9953
62,Train,Leaf Class (Sigmoid),17,moth,0.9964,0.9783,0.9873
62,Train,Leaf Class (Sigmoid),18,robber_fly,0.9937,0.9944,0.994
62,Train,Leaf Class (Sigmoid),19,spider,0.9856,0.988,0.9868
62,Train,Leaf Class (Sigmoid),20,wasp,0.9558,0.9188,0.9369
62,Train,Leaf Class (Sigmoid),21,weevil,0.9964,0.9924,0.9944
62,Test,PF4,0,Arachnida,0.6558,0.8758,0.75
62,Test,PF4,1,Insecta,0.9971,0.9894,0.9932
62,Test,PF3,0,Araneae,0.6824,0.8758,0.7671
62,Test,PF3,1,Coleoptera,0.8939,0.7889,0.8381
62,Test,PF3,2,Dermaptera,0.8964,0.2446,0.3844
62,Test,PF3,3,Diptera,0.8869,0.9523,0.9184
62,Test,PF3,4,Hemiptera,0.932,0.7072,0.8042
62,Test,PF3,5,Hymenoptera,0.8245,0.8432,0.8337
62,Test,PF3,6,Lepidoptera,0.7377,0.5095,0.6027
62,Test,PF3,7,Mecoptera,0.3891,0.332,0.3583
62,Test,PF3,8,Neuroptera,0.8136,0.4675,0.5938
62,Test,PF3,9,Orthoptera,0.6362,0.969,0.7681
62,Test,PF3,10,Trichoptera,0.998,0.8772,0.9337
62,Test,PF2,0,Apocrita,0.8257,0.8546,0.8399
62,Test,PF2,1,Arneomorphae,0.7102,0.8758,0.7844
62,Test,PF2,2,Brachycera,0.8682,0.9462,0.9055
62,Test,PF2,3,Forficulina,0.8645,0.2115,0.3399
62,Test,PF2,4,Glossata,0.728,0.4937,0.5884
62,Test,PF2,5,Hemerobiiformia,0.9073,0.4529,0.6042
62,Test,PF2,6,Heteroptera,0.9319,0.7065,0.8037
62,Test,PF2,7,Integripalpia,0.9985,0.8612,0.9248
62,Test,PF2,8,Nematocera,0.9676,0.9653,0.9664
62,Test,PF2,9,Polyphaga,0.9262,0.7898,0.8526
62,Test,PF2,10,Symphyta,0.8531,0.768,0.8083
62,Test,PF2,11,grasshopper,0.5689,0.9845,0.7211
62,Test,PF2,12,scorpion_fly,0.1975,0.0817,0.1156
62,Test,PF1,0,Aculeata,0.8348,0.8677,0.851
62,Test,PF1,1,Araneomorphae,0.6925,0.8758,0.7735
62,Test,PF1,2,Asilomorpha,0.8501,0.7869,0.8172
62,Test,PF1,3,Bibionomorpha,0.996,0.8875,0.9386
62,Test,PF1,4,Cucujiformia,0.9193,0.7928,0.8514
62,Test,PF1,5,Culicomorpha,0.9518,0.9925,0.9717
62,Test,PF1,6,Epidermaptera,0.8652,0.2251,0.3573
62,Test,PF1,7,Heterocera,0.7931,0.5998,0.683
62,Test,PF1,8,Muscomorpha,0.8019,0.9411,0.8659
62,Test,PF1,9,Parasitica,0.4938,0.7085,0.582
62,Test,PF1,10,Pentatomomorpha,0.9255,0.708,0.8023
62,Test,PF1,11,Plenitentoria,0.9952,0.9763,0.9856
62,Test,PF1,12,Rhopalocera,0.7615,0.9123,0.8301
62,Test,PF1,13,lacewing,0.7183,0.5476,0.6214
62,Test,PF1,14,saw_fly,0.8348,0.7383,0.7836
62,Test,Leaf Class (Softmax),0,Ichneumonoidea,0.4726,0.7735,0.5867
62,Test,Leaf Class (Softmax),1,Muscoidea,0.3689,0.5748,0.4494
62,Test,Leaf Class (Softmax),2,ant,0.7949,0.8892,0.8394
62,Test,Leaf Class (Softmax),3,ant_beetle,0.9576,0.8854,0.9201
62,Test,Leaf Class (Softmax),4,bug,0.9192,0.7103,0.8014
62,Test,Leaf Class (Softmax),5,butterfly,0.8107,0.9113,0.8581
62,Test,Leaf Class (Softmax),6,caddisfly,0.9974,0.9741,0.9856
62,Test,Leaf Class (Softmax),7,dance_fly,0.7906,0.6537,0.7157
62,Test,Leaf Class (Softmax),8,earwig,0.8701,0.1306,0.2271
62,Test,Leaf Class (Softmax),9,fever_fly,0.9976,0.8776,0.9337
62,Test,Leaf Class (Softmax),10,flesh_fly,0.7268,0.804,0.7634
62,Test,Leaf Class (Softmax),11,fly,0.3672,0.5135,0.4282
62,Test,Leaf Class (Softmax),12,fruit_fly,0.8747,0.5933,0.707
62,Test,Leaf Class (Softmax),13,hoverfly,0.8527,0.8525,0.8526
62,Test,Leaf Class (Softmax),14,ladybug,0.8905,0.949,0.9188
62,Test,Leaf Class (Softmax),15,leaf_beetle,0.1072,0.0377,0.0557
62,Test,Leaf Class (Softmax),16,midge,0.961,0.992,0.9763
62,Test,Leaf Class (Softmax),17,moth,0.8152,0.5215,0.6361
62,Test,Leaf Class (Softmax),18,robber_fly,0.7412,0.8178,0.7776
62,Test,Leaf Class (Softmax),19,spider,0.7166,0.8758,0.7882
62,Test,Leaf Class (Softmax),20,wasp,0.8811,0.8031,0.8403
62,Test,Leaf Class (Softmax),21,weevil,0.9522,0.7565,0.8431
62,Test,Leaf Class (Sigmoid),0,Ichneumonoidea,0.5176,0.7601,0.6158
62,Test,Leaf Class (Sigmoid),1,Muscoidea,0.3915,0.487,0.434
62,Test,Leaf Class (Sigmoid),2,ant,0.7871,0.913,0.8454
62,Test,Leaf Class (Sigmoid),3,ant_beetle,0.9624,0.8899,0.9247
62,Test,Leaf Class (Sigmoid),4,bug,0.8703,0.7134,0.7841
62,Test,Leaf Class (Sigmoid),5,butterfly,0.789,0.9212,0.85
62,Test,Leaf Class (Sigmoid),6,caddisfly,0.9991,0.9707,0.9847
62,Test,Leaf Class (Sigmoid),7,dance_fly,0.7401,0.6667,0.7014
62,Test,Leaf Class (Sigmoid),8,earwig,0.9014,0.1871,0.3099
62,Test,Leaf Class (Sigmoid),9,fever_fly,0.9968,0.8804,0.935
62,Test,Leaf Class (Sigmoid),10,flesh_fly,0.7471,0.8058,0.7753
62,Test,Leaf Class (Sigmoid),11,fly,0.3698,0.6092,0.4602
62,Test,Leaf Class (Sigmoid),12,fruit_fly,0.9193,0.5722,0.7054
62,Test,Leaf Class (Sigmoid),13,hoverfly,0.8397,0.8562,0.8479
62,Test,Leaf Class (Sigmoid),14,ladybug,0.9269,0.942,0.9344
62,Test,Leaf Class (Sigmoid),15,leaf_beetle,0.1031,0.0307,0.0474
62,Test,Leaf Class (Sigmoid),16,midge,0.955,0.9928,0.9735
62,Test,Leaf Class (Sigmoid),17,moth,0.8005,0.6912,0.7419
62,Test,Leaf Class (Sigmoid),18,robber_fly,0.8727,0.7952,0.8322
62,Test,Leaf Class (Sigmoid),19,spider,0.6925,0.8758,0.7735
62,Test,Leaf Class (Sigmoid),20,wasp,0.8662,0.8119,0.8382
62,Test,Leaf Class (Sigmoid),21,weevil,0.9229,0.7688,0.8388
63,Train,PF4,0,Arachnida,0.9499,0.994,0.9715
63,Train,PF4,1,Insecta,0.9999,0.9995,0.9997
63,Train,PF3,0,Araneae,0.9861,0.988,0.987
63,Train,PF3,1,Coleoptera,0.9935,0.9934,0.9934
63,Train,PF3,2,Dermaptera,0.9628,0.9822,0.9724
63,Train,PF3,3,Diptera,0.9944,0.9928,0.9936
63,Train,PF3,4,Hemiptera,0.9925,0.965,0.9786
63,Train,PF3,5,Hymenoptera,0.985,0.9852,0.9851
63,Train,PF3,6,Lepidoptera,0.9869,0.9718,0.9793
63,Train,PF3,7,Mecoptera,0.8484,0.3282,0.4733
63,Train,PF3,8,Neuroptera,0.9905,0.9969,0.9937
63,Train,PF3,9,Orthoptera,0.8804,0.9933,0.9334
63,Train,PF3,10,Trichoptera,0.9981,0.9924,0.9953
63,Train,PF2,0,Apocrita,0.9916,0.9831,0.9873
63,Train,PF2,1,Arneomorphae,0.9894,0.975,0.9822
63,Train,PF2,2,Brachycera,0.9933,0.9934,0.9934
63,Train,PF2,3,Forficulina,0.9701,0.9822,0.9761
63,Train,PF2,4,Glossata,0.9889,0.9582,0.9733
63,Train,PF2,5,Hemerobiiformia,0.9928,0.9958,0.9943
63,Train,PF2,6,Heteroptera,0.9919,0.9679,0.9797
63,Train,PF2,7,Integripalpia,0.9992,0.9905,0.9949
63,Train,PF2,8,Nematocera,0.9974,0.9902,0.9938
63,Train,PF2,9,Polyphaga,0.9954,0.9921,0.9938
63,Train,PF2,10,Symphyta,0.966,0.9801,0.973
63,Train,PF2,11,grasshopper,0.8335,0.9963,0.9076
63,Train,PF2,12,scorpion_fly,0.7336,0.0908,0.1616
63,Train,PF1,0,Aculeata,0.9893,0.9861,0.9877
63,Train,PF1,1,Araneomorphae,0.988,0.99,0.989
63,Train,PF1,2,Asilomorpha,0.9923,0.9932,0.9928
63,Train,PF1,3,Bibionomorpha,0.9961,0.9943,0.9952
63,Train,PF1,4,Cucujiformia,0.9958,0.9934,0.9946
63,Train,PF1,5,Culicomorpha,0.9983,0.9941,0.9962
63,Train,PF1,6,Epidermaptera,0.9769,0.9829,0.9799
63,Train,PF1,7,Heterocera,0.994,0.9769,0.9853
63,Train,PF1,8,Muscomorpha,0.9907,0.9954,0.993
63,Train,PF1,9,Parasitica,0.9795,0.9637,0.9715
63,Train,PF1,10,Pentatomomorpha,0.9942,0.9628,0.9782
63,Train,PF1,11,Plenitentoria,0.9992,0.9977,0.9985
63,Train,PF1,12,Rhopalocera,0.9919,0.9871,0.9895
63,Train,PF1,13,lacewing,0.9898,0.9979,0.9938
63,Train,PF1,14,saw_fly,0.9782,0.9772,0.9777
63,Train,Leaf Class (Softmax),0,Ichneumonoidea,0.9775,0.9691,0.9733
63,Train,Leaf Class (Softmax),1,Muscoidea,0.8823,0.8598,0.8709
63,Train,Leaf Class (Softmax),2,ant,0.9909,0.9949,0.9929
63,Train,Leaf Class (Softmax),3,ant_beetle,0.9963,0.9966,0.9964
63,Train,Leaf Class (Softmax),4,bug,0.9858,0.982,0.9839
63,Train,Leaf Class (Softmax),5,butterfly,0.9951,0.9927,0.9939
63,Train,Leaf Class (Softmax),6,caddisfly,0.9989,0.9981,0.9985
63,Train,Leaf Class (Softmax),7,dance_fly,0.9852,0.9813,0.9832
63,Train,Leaf Class (Softmax),8,earwig,0.9876,0.9845,0.986
63,Train,Leaf Class (Softmax),9,fever_fly,0.9968,0.9957,0.9963
63,Train,Leaf Class (Softmax),10,flesh_fly,0.9761,0.9761,0.9761
63,Train,Leaf Class (Softmax),11,fly,0.858,0.8808,0.8692
63,Train,Leaf Class (Softmax),12,fruit_fly,0.992,0.9919,0.9919
63,Train,Leaf Class (Softmax),13,hoverfly,0.9875,0.9894,0.9884
63,Train,Leaf Class (Softmax),14,ladybug,0.9948,0.9948,0.9948
63,Train,Leaf Class (Softmax),15,leaf_beetle,0.9964,0.9967,0.9965
63,Train,Leaf Class (Softmax),16,midge,0.9966,0.9952,0.9959
63,Train,Leaf Class (Softmax),17,moth,0.9909,0.9906,0.9907
63,Train,Leaf Class (Softmax),18,robber_fly,0.9955,0.9941,0.9948
63,Train,Leaf Class (Softmax),19,spider,0.9885,0.9905,0.9895
63,Train,Leaf Class (Softmax),20,wasp,0.9618,0.9436,0.9526
63,Train,Leaf Class (Softmax),21,weevil,0.9962,0.9964,0.9963
63,Train,Leaf Class (Sigmoid),0,Ichneumonoidea,0.9709,0.9749,0.9729
63,Train,Leaf Class (Sigmoid),1,Muscoidea,0.8082,0.9246,0.8625
63,Train,Leaf Class (Sigmoid),2,ant,0.9918,0.9933,0.9926
63,Train,Leaf Class (Sigmoid),3,ant_beetle,0.9959,0.9948,0.9953
63,Train,Leaf Class (Sigmoid),4,bug,0.9925,0.9662,0.9791
63,Train,Leaf Class (Sigmoid),5,butterfly,0.9959,0.9822,0.989
63,Train,Leaf Class (Sigmoid),6,caddisfly,0.9996,0.9981,0.9989
63,Train,Leaf Class (Sigmoid),7,dance_fly,0.9911,0.9739,0.9824
63,Train,Leaf Class (Sigmoid),8,earwig,0.9914,0.9814,0.9864
63,Train,Leaf Class (Sigmoid),9,fever_fly,0.9971,0.9946,0.9959
63,Train,Leaf Class (Sigmoid),10,flesh_fly,0.9712,0.9782,0.9747
63,Train,Leaf Class (Sigmoid),11,fly,0.9084,0.7867,0.8432
63,Train,Leaf Class (Sigmoid),12,fruit_fly,0.989,0.9928,0.9909
63,Train,Leaf Class (Sigmoid),13,hoverfly,0.9876,0.9888,0.9882
63,Train,Leaf Class (Sigmoid),14,ladybug,0.9923,0.9952,0.9938
63,Train,Leaf Class (Sigmoid),15,leaf_beetle,0.993,0.9967,0.9949
63,Train,Leaf Class (Sigmoid),16,midge,0.9989,0.9928,0.9958
63,Train,Leaf Class (Sigmoid),17,moth,0.9967,0.9796,0.9881
63,Train,Leaf Class (Sigmoid),18,robber_fly,0.9932,0.9946,0.9939
63,Train,Leaf Class (Sigmoid),19,spider,0.986,0.9855,0.9858
63,Train,Leaf Class (Sigmoid),20,wasp,0.9599,0.9268,0.9431
63,Train,Leaf Class (Sigmoid),21,weevil,0.998,0.9939,0.9959
63,Test,PF4,0,Arachnida,0.5946,0.8758,0.7083
63,Test,PF4,1,Insecta,0.9971,0.9862,0.9916
63,Test,PF3,0,Araneae,0.6217,0.8758,0.7272
63,Test,PF3,1,Coleoptera,0.931,0.7968,0.8587
63,Test,PF3,2,Dermaptera,0.35,0.0068,0.0134
63,Test,PF3,3,Diptera,0.8981,0.953,0.9247
63,Test,PF3,4,Hemiptera,0.9087,0.7057,0.7944
63,Test,PF3,5,Hymenoptera,0.8357,0.8483,0.8419
63,Test,PF3,6,Lepidoptera,0.7107,0.5779,0.6375
63,Test,PF3,7,Mecoptera,0.1997,0.1738,0.1859
63,Test,PF3,8,Neuroptera,0.8767,0.4472,0.5923
63,Test,PF3,9,Orthoptera,0.634,0.964,0.7649
63,Test,PF3,10,Trichoptera,0.9965,0.9716,0.9838
63,Test,PF2,0,Apocrita,0.8546,0.8549,0.8547
63,Test,PF2,1,Arneomorphae,0.6451,0.8752,0.7427
63,Test,PF2,2,Brachycera,0.8759,0.9487,0.9108
63,Test,PF2,3,Forficulina,0.3333,0.0078,0.0152
63,Test,PF2,4,Glossata,0.7016,0.525,0.6006
63,Test,PF2,5,Hemerobiiformia,0.9213,0.4264,0.583
63,Test,PF2,6,Heteroptera,0.9394,0.7049,0.8055
63,Test,PF2,7,Integripalpia,0.9978,0.9642,0.9807
63,Test,PF2,8,Nematocera,0.963,0.9623,0.9627
63,Test,PF2,9,Polyphaga,0.9417,0.796,0.8628
63,Test,PF2,10,Symphyta,0.8001,0.791,0.7955
63,Test,PF2,11,grasshopper,0.5789,0.9765,0.7269
63,Test,PF2,12,scorpion_fly,0.16,0.0726,0.0999
63,Test,PF1,0,Aculeata,0.8596,0.8732,0.8664
63,Test,PF1,1,Araneomorphae,0.6415,0.8758,0.7406
63,Test,PF1,2,Asilomorpha,0.7867,0.7716,0.7791
63,Test,PF1,3,Bibionomorpha,0.9984,0.8903,0.9413
63,Test,PF1,4,Cucujiformia,0.9384,0.7996,0.8635
63,Test,PF1,5,Culicomorpha,0.9532,0.9928,0.9726
63,Test,PF1,6,Epidermaptera,0.3636,0.0039,0.0077
63,Test,PF1,7,Heterocera,0.7613,0.696,0.7272
63,Test,PF1,8,Muscomorpha,0.8114,0.9312,0.8672
63,Test,PF1,9,Parasitica,0.5243,0.6771,0.591
63,Test,PF1,10,Pentatomomorpha,0.926,0.7042,0.8
63,Test,PF1,11,Plenitentoria,0.9913,0.9767,0.9839
63,Test,PF1,12,Rhopalocera,0.7629,0.9005,0.826
63,Test,PF1,13,lacewing,0.8225,0.5829,0.6823
63,Test,PF1,14,saw_fly,0.8056,0.7738,0.7894
63,Test,Leaf Class (Softmax),0,Ichneumonoidea,0.4831,0.8004,0.6025
63,Test,Leaf Class (Softmax),1,Muscoidea,0.3723,0.5883,0.456
63,Test,Leaf Class (Softmax),2,ant,0.8779,0.8938,0.8858
63,Test,Leaf Class (Softmax),3,ant_beetle,0.9333,0.9313,0.9323
63,Test,Leaf Class (Softmax),4,bug,0.929,0.7057,0.8021
63,Test,Leaf Class (Softmax),5,butterfly,0.7818,0.8966,0.8352
63,Test,Leaf Class (Softmax),6,caddisfly,0.9943,0.975,0.9845
63,Test,Leaf Class (Softmax),7,dance_fly,0.8679,0.6064,0.714
63,Test,Leaf Class (Softmax),8,earwig,0.1429,0.001,0.0019
63,Test,Leaf Class (Softmax),9,fever_fly,0.9984,0.8776,0.9341
63,Test,Leaf Class (Softmax),10,flesh_fly,0.7761,0.8,0.7879
63,Test,Leaf Class (Softmax),11,fly,0.3566,0.51,0.4197
63,Test,Leaf Class (Softmax),12,fruit_fly,0.8805,0.5985,0.7126
63,Test,Leaf Class (Softmax),13,hoverfly,0.8772,0.7928,0.8328
63,Test,Leaf Class (Softmax),14,ladybug,0.9078,0.9425,0.9248
63,Test,Leaf Class (Softmax),15,leaf_beetle,0.0893,0.0238,0.0376
63,Test,Leaf Class (Softmax),16,midge,0.9495,0.9918,0.9702
63,Test,Leaf Class (Softmax),17,moth,0.8636,0.7615,0.8094
63,Test,Leaf Class (Softmax),18,robber_fly,0.7591,0.81,0.7837
63,Test,Leaf Class (Softmax),19,spider,0.6473,0.8758,0.7444
63,Test,Leaf Class (Softmax),20,wasp,0.8566,0.799,0.8268
63,Test,Leaf Class (Softmax),21,weevil,0.9254,0.769,0.84
63,Test,Leaf Class (Sigmoid),0,Ichneumonoidea,0.5074,0.7713,0.6121
63,Test,Leaf Class (Sigmoid),1,Muscoidea,0.418,0.4648,0.4402
63,Test,Leaf Class (Sigmoid),2,ant,0.8734,0.8948,0.8839
63,Test,Leaf Class (Sigmoid),3,ant_beetle,0.9461,0.9342,0.9401
63,Test,Leaf Class (Sigmoid),4,bug,0.8585,0.7103,0.7774
63,Test,Leaf Class (Sigmoid),5,butterfly,0.7674,0.9103,0.8328
63,Test,Leaf Class (Sigmoid),6,caddisfly,0.9974,0.9754,0.9863
63,Test,Leaf Class (Sigmoid),7,dance_fly,0.8392,0.6133,0.7087
63,Test,Leaf Class (Sigmoid),8,earwig,0.0714,0.001,0.0019
63,Test,Leaf Class (Sigmoid),9,fever_fly,0.9984,0.8825,0.9369
63,Test,Leaf Class (Sigmoid),10,flesh_fly,0.8046,0.7917,0.7981
63,Test,Leaf Class (Sigmoid),11,fly,0.3512,0.6505,0.4562
63,Test,Leaf Class (Sigmoid),12,fruit_fly,0.9083,0.5843,0.7111
63,Test,Leaf Class (Sigmoid),13,hoverfly,0.8724,0.7962,0.8326
63,Test,Leaf Class (Sigmoid),14,ladybug,0.94,0.9362,0.9381
63,Test,Leaf Class (Sigmoid),15,leaf_beetle,0.1008,0.0192,0.0323
63,Test,Leaf Class (Sigmoid),16,midge,0.9451,0.9932,0.9686
63,Test,Leaf Class (Sigmoid),17,moth,0.803,0.8018,0.8024
63,Test,Leaf Class (Sigmoid),18,robber_fly,0.7808,0.8052,0.7929
63,Test,Leaf Class (Sigmoid),19,spider,0.6378,0.8758,0.7381
63,Test,Leaf Class (Sigmoid),20,wasp,0.8316,0.822,0.8268
63,Test,Leaf Class (Sigmoid),21,weevil,0.8986,0.7732,0.8312
64,Train,PF4,0,Arachnida,0.9545,0.9955,0.9746
64,Train,PF4,1,Insecta,1.0,0.9996,0.9998
64,Train,PF3,0,Araneae,0.9871,0.99,0.9885
64,Train,PF3,1,Coleoptera,0.9928,0.9937,0.9932
64,Train,PF3,2,Dermaptera,0.9694,0.9822,0.9757
64,Train,PF3,3,Diptera,0.9946,0.9923,0.9935
64,Train,PF3,4,Hemiptera,0.9884,0.9616,0.9748
64,Train,PF3,5,Hymenoptera,0.9854,0.985,0.9852
64,Train,PF3,6,Lepidoptera,0.9839,0.9695,0.9766
64,Train,PF3,7,Mecoptera,0.8231,0.2577,0.3926
64,Train,PF3,8,Neuroptera,0.9887,0.9977,0.9932
64,Train,PF3,9,Orthoptera,0.8707,0.9943,0.9284
64,Train,PF3,10,Trichoptera,0.9977,0.9936,0.9956
64,Train,PF2,0,Apocrita,0.9925,0.983,0.9877
64,Train,PF2,1,Arneomorphae,0.9959,0.9765,0.9861
64,Train,PF2,2,Brachycera,0.9934,0.9931,0.9933
64,Train,PF2,3,Forficulina,0.9694,0.9822,0.9757
64,Train,PF2,4,Glossata,0.9865,0.9565,0.9713
64,Train,PF2,5,Hemerobiiformia,0.9926,0.9969,0.9947
64,Train,PF2,6,Heteroptera,0.989,0.9667,0.9778
64,Train,PF2,7,Integripalpia,0.9992,0.9913,0.9952
64,Train,PF2,8,Nematocera,0.9977,0.9893,0.9935
64,Train,PF2,9,Polyphaga,0.995,0.9922,0.9936
64,Train,PF2,10,Symphyta,0.965,0.9785,0.9717
64,Train,PF2,11,grasshopper,0.8295,0.9968,0.9055
64,Train,PF2,12,scorpion_fly,0.6445,0.0672,0.1217
64,Train,PF1,0,Aculeata,0.9902,0.9861,0.9882
64,Train,PF1,1,Araneomorphae,0.993,0.988,0.9905
64,Train,PF1,2,Asilomorpha,0.9922,0.9923,0.9922
64,Train,PF1,3,Bibionomorpha,0.9946,0.9943,0.9945
64,Train,PF1,4,Cucujiformia,0.9957,0.9933,0.9945
64,Train,PF1,5,Culicomorpha,0.9979,0.9922,0.995
64,Train,PF1,6,Epidermaptera,0.9769,0.9853,0.9811
64,Train,PF1,7,Heterocera,0.9935,0.9759,0.9846
64,Train,PF1,8,Muscomorpha,0.9907,0.9955,0.9931
64,Train,PF1,9,Parasitica,0.9809,0.9716,0.9762
64,Train,PF1,10,Pentatomomorpha,0.9942,0.9633,0.9785
64,Train,PF1,11,Plenitentoria,0.9962,0.997,0.9966
64,Train,PF1,12,Rhopalocera,0.9879,0.9879,0.9879
64,Train,PF1,13,lacewing,0.9885,0.9979,0.9932
64,Train,PF1,14,saw_fly,0.9785,0.9762,0.9774
64,Train,Leaf Class (Softmax),0,Ichneumonoidea,0.9781,0.974,0.976
64,Train,Leaf Class (Softmax),1,Muscoidea,0.8768,0.8571,0.8668
64,Train,Leaf Class (Softmax),2,ant,0.9915,0.9946,0.993
64,Train,Leaf Class (Softmax),3,ant_beetle,0.9978,0.9963,0.997
64,Train,Leaf Class (Softmax),4,bug,0.9836,0.982,0.9828
64,Train,Leaf Class (Softmax),5,butterfly,0.9927,0.9879,0.9903
64,Train,Leaf Class (Softmax),6,caddisfly,0.9992,0.9977,0.9985
64,Train,Leaf Class (Softmax),7,dance_fly,0.9905,0.9786,0.9845
64,Train,Leaf Class (Softmax),8,earwig,0.9922,0.9829,0.9875
64,Train,Leaf Class (Softmax),9,fever_fly,0.9939,0.9943,0.9941
64,Train,Leaf Class (Softmax),10,flesh_fly,0.9751,0.975,0.975
64,Train,Leaf Class (Softmax),11,fly,0.8554,0.8756,0.8654
64,Train,Leaf Class (Softmax),12,fruit_fly,0.9917,0.9925,0.9921
64,Train,Leaf Class (Softmax),13,hoverfly,0.988,0.989,0.9885
64,Train,Leaf Class (Softmax),14,ladybug,0.9948,0.9944,0.9946
64,Train,Leaf Class (Softmax),15,leaf_beetle,0.9965,0.9971,0.9968
64,Train,Leaf Class (Softmax),16,midge,0.9969,0.9939,0.9954
64,Train,Leaf Class (Softmax),17,moth,0.99,0.9905,0.9903
64,Train,Leaf Class (Softmax),18,robber_fly,0.9942,0.9939,0.9941
64,Train,Leaf Class (Softmax),19,spider,0.991,0.993,0.992
64,Train,Leaf Class (Softmax),20,wasp,0.9569,0.9424,0.9496
64,Train,Leaf Class (Softmax),21,weevil,0.9953,0.9958,0.9955
64,Train,Leaf Class (Sigmoid),0,Ichneumonoidea,0.9706,0.9798,0.9752
64,Train,Leaf Class (Sigmoid),1,Muscoidea,0.8081,0.9215,0.8611
64,Train,Leaf Class (Sigmoid),2,ant,0.9918,0.9932,0.9925
64,Train,Leaf Class (Sigmoid),3,ant_beetle,0.9966,0.9944,0.9955
64,Train,Leaf Class (Sigmoid),4,bug,0.9942,0.9611,0.9773
64,Train,Leaf Class (Sigmoid),5,butterfly,0.9926,0.9814,0.987
64,Train,Leaf Class (Sigmoid),6,caddisfly,0.9981,0.9977,0.9979
64,Train,Leaf Class (Sigmoid),7,dance_fly,0.9945,0.9726,0.9834
64,Train,Leaf Class (Sigmoid),8,earwig,0.9883,0.9822,0.9852
64,Train,Leaf Class (Sigmoid),9,fever_fly,0.9943,0.9925,0.9934
64,Train,Leaf Class (Sigmoid),10,flesh_fly,0.9689,0.9783,0.9736
64,Train,Leaf Class (Sigmoid),11,fly,0.9067,0.7865,0.8423
64,Train,Leaf Class (Sigmoid),12,fruit_fly,0.9901,0.9934,0.9917
64,Train,Leaf Class (Sigmoid),13,hoverfly,0.988,0.9888,0.9884
64,Train,Leaf Class (Sigmoid),14,ladybug,0.9904,0.996,0.9932
64,Train,Leaf Class (Sigmoid),15,leaf_beetle,0.9937,0.9969,0.9953
64,Train,Leaf Class (Sigmoid),16,midge,0.9989,0.9916,0.9952
64,Train,Leaf Class (Sigmoid),17,moth,0.9957,0.9788,0.9871
64,Train,Leaf Class (Sigmoid),18,robber_fly,0.992,0.9942,0.9931
64,Train,Leaf Class (Sigmoid),19,spider,0.99,0.9915,0.9908
64,Train,Leaf Class (Sigmoid),20,wasp,0.9668,0.9196,0.9426
64,Train,Leaf Class (Sigmoid),21,weevil,0.9972,0.993,0.9951
64,Test,PF4,0,Arachnida,0.6393,0.8758,0.7391
64,Test,PF4,1,Insecta,0.9971,0.9886,0.9928
64,Test,PF3,0,Araneae,0.6642,0.8734,0.7546
64,Test,PF3,1,Coleoptera,0.904,0.7963,0.8467
64,Test,PF3,2,Dermaptera,0.7917,0.0741,0.1355
64,Test,PF3,3,Diptera,0.9091,0.9471,0.9277
64,Test,PF3,4,Hemiptera,0.8971,0.7049,0.7895
64,Test,PF3,5,Hymenoptera,0.7952,0.8047,0.7999
64,Test,PF3,6,Lepidoptera,0.7737,0.6218,0.6895
64,Test,PF3,7,Mecoptera,0.1897,0.2542,0.2173
64,Test,PF3,8,Neuroptera,0.778,0.5211,0.6241
64,Test,PF3,9,Orthoptera,0.6517,0.975,0.7812
64,Test,PF3,10,Trichoptera,0.9978,0.9681,0.9827
64,Test,PF2,0,Apocrita,0.7948,0.82,0.8072
64,Test,PF2,1,Arneomorphae,0.7151,0.8728,0.7861
64,Test,PF2,2,Brachycera,0.8858,0.9452,0.9145
64,Test,PF2,3,Forficulina,0.7788,0.0789,0.1434
64,Test,PF2,4,Glossata,0.7773,0.5938,0.6733
64,Test,PF2,5,Hemerobiiformia,0.8603,0.506,0.6372
64,Test,PF2,6,Heteroptera,0.9059,0.7049,0.7929
64,Test,PF2,7,Integripalpia,0.9987,0.9595,0.9787
64,Test,PF2,8,Nematocera,0.9579,0.9581,0.958
64,Test,PF2,9,Polyphaga,0.9344,0.7927,0.8577
64,Test,PF2,10,Symphyta,0.8576,0.7176,0.7814
64,Test,PF2,11,grasshopper,0.5723,0.9872,0.7246
64,Test,PF2,12,scorpion_fly,0.1623,0.1038,0.1266
64,Test,PF1,0,Aculeata,0.7788,0.8778,0.8253
64,Test,PF1,1,Araneomorphae,0.7051,0.8734,0.7803
64,Test,PF1,2,Asilomorpha,0.8453,0.7274,0.7819
64,Test,PF1,3,Bibionomorpha,0.9968,0.8705,0.9294
64,Test,PF1,4,Cucujiformia,0.9219,0.7924,0.8523
64,Test,PF1,5,Culicomorpha,0.9459,0.9922,0.9685
64,Test,PF1,6,Epidermaptera,0.8111,0.0712,0.1308
64,Test,PF1,7,Heterocera,0.7401,0.504,0.5996
64,Test,PF1,8,Muscomorpha,0.8066,0.9424,0.8692
64,Test,PF1,9,Parasitica,0.6942,0.565,0.623
64,Test,PF1,10,Pentatomomorpha,0.8726,0.7018,0.778
64,Test,PF1,11,Plenitentoria,0.9965,0.9716,0.9838
64,Test,PF1,12,Rhopalocera,0.7198,0.9034,0.8012
64,Test,PF1,13,lacewing,0.5149,0.5928,0.5511
64,Test,PF1,14,saw_fly,0.8591,0.709,0.7769
64,Test,Leaf Class (Softmax),0,Ichneumonoidea,0.6498,0.6031,0.6256
64,Test,Leaf Class (Softmax),1,Muscoidea,0.3669,0.6138,0.4592
64,Test,Leaf Class (Softmax),2,ant,0.8304,0.863,0.8464
64,Test,Leaf Class (Softmax),3,ant_beetle,0.8833,0.9394,0.9105
64,Test,Leaf Class (Softmax),4,bug,0.9188,0.7057,0.7983
64,Test,Leaf Class (Softmax),5,butterfly,0.7176,0.8936,0.796
64,Test,Leaf Class (Softmax),6,caddisfly,0.9969,0.9698,0.9832
64,Test,Leaf Class (Softmax),7,dance_fly,0.8575,0.5965,0.7036
64,Test,Leaf Class (Softmax),8,earwig,0.3684,0.0068,0.0134
64,Test,Leaf Class (Softmax),9,fever_fly,0.9959,0.8535,0.9192
64,Test,Leaf Class (Softmax),10,flesh_fly,0.7135,0.808,0.7578
64,Test,Leaf Class (Softmax),11,fly,0.3793,0.4752,0.4219
64,Test,Leaf Class (Softmax),12,fruit_fly,0.879,0.6012,0.7141
64,Test,Leaf Class (Softmax),13,hoverfly,0.7922,0.831,0.8111
64,Test,Leaf Class (Softmax),14,ladybug,0.9155,0.9448,0.9299
64,Test,Leaf Class (Softmax),15,leaf_beetle,0.0584,0.0115,0.0193
64,Test,Leaf Class (Softmax),16,midge,0.9476,0.9905,0.9686
64,Test,Leaf Class (Softmax),17,moth,0.8744,0.7272,0.794
64,Test,Leaf Class (Softmax),18,robber_fly,0.7634,0.7655,0.7644
64,Test,Leaf Class (Softmax),19,spider,0.7192,0.8734,0.7888
64,Test,Leaf Class (Softmax),20,wasp,0.7692,0.8359,0.8011
64,Test,Leaf Class (Softmax),21,weevil,0.9044,0.7238,0.8041
64,Test,Leaf Class (Sigmoid),0,Ichneumonoidea,0.7339,0.5874,0.6526
64,Test,Leaf Class (Sigmoid),1,Muscoidea,0.4024,0.5455,0.4631
64,Test,Leaf Class (Sigmoid),2,ant,0.7948,0.8752,0.8331
64,Test,Leaf Class (Sigmoid),3,ant_beetle,0.911,0.9453,0.9278
64,Test,Leaf Class (Sigmoid),4,bug,0.8566,0.7088,0.7757
64,Test,Leaf Class (Sigmoid),5,butterfly,0.7598,0.9133,0.8295
64,Test,Leaf Class (Sigmoid),6,caddisfly,0.9978,0.9681,0.9827
64,Test,Leaf Class (Sigmoid),7,dance_fly,0.7986,0.611,0.6923
64,Test,Leaf Class (Sigmoid),8,earwig,0.7907,0.0331,0.0636
64,Test,Leaf Class (Sigmoid),9,fever_fly,0.9976,0.8726,0.9309
64,Test,Leaf Class (Sigmoid),10,flesh_fly,0.7544,0.8,0.7765
64,Test,Leaf Class (Sigmoid),11,fly,0.3812,0.5545,0.4518
64,Test,Leaf Class (Sigmoid),12,fruit_fly,0.9359,0.5875,0.7219
64,Test,Leaf Class (Sigmoid),13,hoverfly,0.795,0.8348,0.8144
64,Test,Leaf Class (Sigmoid),14,ladybug,0.9448,0.9412,0.943
64,Test,Leaf Class (Sigmoid),15,leaf_beetle,0.0663,0.01,0.0174
64,Test,Leaf Class (Sigmoid),16,midge,0.9408,0.9925,0.9659
64,Test,Leaf Class (Sigmoid),17,moth,0.8386,0.8355,0.8371
64,Test,Leaf Class (Sigmoid),18,robber_fly,0.838,0.7552,0.7945
64,Test,Leaf Class (Sigmoid),19,spider,0.6903,0.8734,0.7711
64,Test,Leaf Class (Sigmoid),20,wasp,0.7207,0.8469,0.7787
64,Test,Leaf Class (Sigmoid),21,weevil,0.8661,0.755,0.8067
65,Train,PF4,0,Arachnida,0.9656,0.9955,0.9803
65,Train,PF4,1,Insecta,1.0,0.9997,0.9998
65,Train,PF3,0,Araneae,0.9865,0.988,0.9873
65,Train,PF3,1,Coleoptera,0.9933,0.9934,0.9934
65,Train,PF3,2,Dermaptera,0.9666,0.986,0.9762
65,Train,PF3,3,Diptera,0.9944,0.9929,0.9937
65,Train,PF3,4,Hemiptera,0.9855,0.9611,0.9732
65,Train,PF3,5,Hymenoptera,0.9867,0.9855,0.9861
65,Train,PF3,6,Lepidoptera,0.9849,0.9701,0.9774
65,Train,PF3,7,Mecoptera,0.8434,0.329,0.4733
65,Train,PF3,8,Neuroptera,0.9879,0.9975,0.9927
65,Train,PF3,9,Orthoptera,0.8824,0.9942,0.935
65,Train,PF3,10,Trichoptera,0.9981,0.9943,0.9962
65,Train,PF2,0,Apocrita,0.9934,0.9848,0.9891
65,Train,PF2,1,Arneomorphae,0.9919,0.975,0.9834
65,Train,PF2,2,Brachycera,0.9937,0.9937,0.9937
65,Train,PF2,3,Forficulina,0.9679,0.9814,0.9746
65,Train,PF2,4,Glossata,0.9864,0.9562,0.971
65,Train,PF2,5,Hemerobiiformia,0.991,0.9968,0.9939
65,Train,PF2,6,Heteroptera,0.9862,0.9656,0.9758
65,Train,PF2,7,Integripalpia,0.997,0.9917,0.9943
65,Train,PF2,8,Nematocera,0.9975,0.9895,0.9935
65,Train,PF2,9,Polyphaga,0.9954,0.9923,0.9938
65,Train,PF2,10,Symphyta,0.9664,0.9783,0.9723
65,Train,PF2,11,grasshopper,0.8353,0.9975,0.9092
65,Train,PF2,12,scorpion_fly,0.7296,0.0912,0.1621
65,Train,PF1,0,Aculeata,0.9919,0.9875,0.9897
65,Train,PF1,1,Araneomorphae,0.987,0.9875,0.9873
65,Train,PF1,2,Asilomorpha,0.9939,0.9929,0.9934
65,Train,PF1,3,Bibionomorpha,0.9975,0.9957,0.9966
65,Train,PF1,4,Cucujiformia,0.996,0.9938,0.9949
65,Train,PF1,5,Culicomorpha,0.9989,0.9916,0.9952
65,Train,PF1,6,Epidermaptera,0.9768,0.9806,0.9787
65,Train,PF1,7,Heterocera,0.994,0.9735,0.9836
65,Train,PF1,8,Muscomorpha,0.9909,0.9962,0.9936
65,Train,PF1,9,Parasitica,0.9826,0.9749,0.9787
65,Train,PF1,10,Pentatomomorpha,0.9902,0.9656,0.9777
65,Train,PF1,11,Plenitentoria,0.9962,0.9981,0.9972
65,Train,PF1,12,Rhopalocera,0.9911,0.9887,0.9899
65,Train,PF1,13,lacewing,0.9879,0.9981,0.993
65,Train,PF1,14,saw_fly,0.9795,0.9762,0.9779
65,Train,Leaf Class (Softmax),0,Ichneumonoidea,0.9826,0.9749,0.9787
65,Train,Leaf Class (Softmax),1,Muscoidea,0.8844,0.8629,0.8735
65,Train,Leaf Class (Softmax),2,ant,0.9932,0.9948,0.994
65,Train,Leaf Class (Softmax),3,ant_beetle,0.9966,0.9963,0.9964
65,Train,Leaf Class (Softmax),4,bug,0.9864,0.9803,0.9833
65,Train,Leaf Class (Softmax),5,butterfly,0.9911,0.9911,0.9911
65,Train,Leaf Class (Softmax),6,caddisfly,0.9977,0.9992,0.9985
65,Train,Leaf Class (Softmax),7,dance_fly,0.9872,0.9846,0.9859
65,Train,Leaf Class (Softmax),8,earwig,0.9891,0.9876,0.9884
65,Train,Leaf Class (Softmax),9,fever_fly,0.9975,0.9971,0.9973
65,Train,Leaf Class (Softmax),10,flesh_fly,0.979,0.9777,0.9783
65,Train,Leaf Class (Softmax),11,fly,0.8612,0.8843,0.8726
65,Train,Leaf Class (Softmax),12,fruit_fly,0.9924,0.9924,0.9924
65,Train,Leaf Class (Softmax),13,hoverfly,0.9876,0.9895,0.9885
65,Train,Leaf Class (Softmax),14,ladybug,0.9939,0.9944,0.9941
65,Train,Leaf Class (Softmax),15,leaf_beetle,0.9959,0.9965,0.9962
65,Train,Leaf Class (Softmax),16,midge,0.9968,0.9943,0.9955
65,Train,Leaf Class (Softmax),17,moth,0.989,0.9883,0.9886
65,Train,Leaf Class (Softmax),18,robber_fly,0.9954,0.9945,0.9949
65,Train,Leaf Class (Softmax),19,spider,0.9881,0.993,0.9905
65,Train,Leaf Class (Softmax),20,wasp,0.9557,0.944,0.9498
65,Train,Leaf Class (Softmax),21,weevil,0.9967,0.9961,0.9964
65,Train,Leaf Class (Sigmoid),0,Ichneumonoidea,0.9746,0.9806,0.9776
65,Train,Leaf Class (Sigmoid),1,Muscoidea,0.8123,0.9238,0.8644
65,Train,Leaf Class (Sigmoid),2,ant,0.9938,0.9934,0.9936
65,Train,Leaf Class (Sigmoid),3,ant_beetle,0.9944,0.997,0.9957
65,Train,Leaf Class (Sigmoid),4,bug,0.9913,0.9662,0.9786
65,Train,Leaf Class (Sigmoid),5,butterfly,0.9959,0.9838,0.9898
65,Train,Leaf Class (Sigmoid),6,caddisfly,0.997,0.9985,0.9977
65,Train,Leaf Class (Sigmoid),7,dance_fly,0.9919,0.9793,0.9855
65,Train,Leaf Class (Sigmoid),8,earwig,0.9922,0.9806,0.9864
65,Train,Leaf Class (Sigmoid),9,fever_fly,0.9979,0.9961,0.997
65,Train,Leaf Class (Sigmoid),10,flesh_fly,0.9736,0.9797,0.9766
65,Train,Leaf Class (Sigmoid),11,fly,0.9082,0.7956,0.8482
65,Train,Leaf Class (Sigmoid),12,fruit_fly,0.9913,0.993,0.9922
65,Train,Leaf Class (Sigmoid),13,hoverfly,0.9881,0.9887,0.9884
65,Train,Leaf Class (Sigmoid),14,ladybug,0.9896,0.9951,0.9923
65,Train,Leaf Class (Sigmoid),15,leaf_beetle,0.993,0.9969,0.995
65,Train,Leaf Class (Sigmoid),16,midge,0.9992,0.9911,0.9951
65,Train,Leaf Class (Sigmoid),17,moth,0.995,0.9769,0.9859
65,Train,Leaf Class (Sigmoid),18,robber_fly,0.9938,0.9949,0.9943
65,Train,Leaf Class (Sigmoid),19,spider,0.989,0.9895,0.9893
65,Train,Leaf Class (Sigmoid),20,wasp,0.9596,0.9196,0.9392
65,Train,Leaf Class (Sigmoid),21,weevil,0.998,0.994,0.996
65,Test,PF4,0,Arachnida,0.6789,0.8758,0.7649
65,Test,PF4,1,Insecta,0.9971,0.9904,0.9937
65,Test,PF3,0,Araneae,0.6847,0.8758,0.7685
65,Test,PF3,1,Coleoptera,0.8906,0.7981,0.8418
65,Test,PF3,2,Dermaptera,0.8421,0.0624,0.1162
65,Test,PF3,3,Diptera,0.9061,0.9455,0.9254
65,Test,PF3,4,Hemiptera,0.9469,0.7011,0.8057
65,Test,PF3,5,Hymenoptera,0.8517,0.81,0.8303
65,Test,PF3,6,Lepidoptera,0.7367,0.6294,0.6788
65,Test,PF3,7,Mecoptera,0.2776,0.3424,0.3066
65,Test,PF3,8,Neuroptera,0.7132,0.5897,0.6456
65,Test,PF3,9,Orthoptera,0.6437,0.9788,0.7766
65,Test,PF3,10,Trichoptera,0.9961,0.8862,0.938
65,Test,PF2,0,Apocrita,0.8511,0.8357,0.8433
65,Test,PF2,1,Arneomorphae,0.7568,0.8746,0.8115
65,Test,PF2,2,Brachycera,0.8736,0.944,0.9074
65,Test,PF2,3,Forficulina,0.8382,0.0556,0.1042
65,Test,PF2,4,Glossata,0.7354,0.5569,0.6338
65,Test,PF2,5,Hemerobiiformia,0.8355,0.5809,0.6853
65,Test,PF2,6,Heteroptera,0.9741,0.6965,0.8122
65,Test,PF2,7,Integripalpia,0.9975,0.8491,0.9173
65,Test,PF2,8,Nematocera,0.9663,0.9697,0.968
65,Test,PF2,9,Polyphaga,0.9183,0.7967,0.8532
65,Test,PF2,10,Symphyta,0.8651,0.6649,0.7519
65,Test,PF2,11,grasshopper,0.5567,0.9878,0.7121
65,Test,PF2,12,scorpion_fly,0.1488,0.083,0.1066
65,Test,PF1,0,Aculeata,0.8448,0.8632,0.8539
65,Test,PF1,1,Araneomorphae,0.7183,0.8758,0.7893
65,Test,PF1,2,Asilomorpha,0.8298,0.7756,0.8018
65,Test,PF1,3,Bibionomorpha,0.9931,0.9137,0.9517
65,Test,PF1,4,Cucujiformia,0.9117,0.794,0.8488
65,Test,PF1,5,Culicomorpha,0.9535,0.9902,0.9715
65,Test,PF1,6,Epidermaptera,0.8533,0.0624,0.1163
65,Test,PF1,7,Heterocera,0.7486,0.5078,0.6051
65,Test,PF1,8,Muscomorpha,0.805,0.9387,0.8667
65,Test,PF1,9,Parasitica,0.4847,0.639,0.5513
65,Test,PF1,10,Pentatomomorpha,0.9224,0.6965,0.7937
65,Test,PF1,11,Plenitentoria,0.9934,0.9737,0.9835
65,Test,PF1,12,Rhopalocera,0.7009,0.9488,0.8062
65,Test,PF1,13,lacewing,0.5506,0.6511,0.5966
65,Test,PF1,14,saw_fly,0.8649,0.6564,0.7463
65,Test,Leaf Class (Softmax),0,Ichneumonoidea,0.5224,0.7063,0.6006
65,Test,Leaf Class (Softmax),1,Muscoidea,0.3479,0.6445,0.4519
65,Test,Leaf Class (Softmax),2,ant,0.8505,0.8692,0.8598
65,Test,Leaf Class (Softmax),3,ant_beetle,0.8829,0.9246,0.9032
65,Test,Leaf Class (Softmax),4,bug,0.9755,0.7057,0.819
65,Test,Leaf Class (Softmax),5,butterfly,0.7062,0.933,0.8039
65,Test,Leaf Class (Softmax),6,caddisfly,0.9947,0.9728,0.9837
65,Test,Leaf Class (Softmax),7,dance_fly,0.7904,0.627,0.6993
65,Test,Leaf Class (Softmax),8,earwig,0.6087,0.0136,0.0267
65,Test,Leaf Class (Softmax),9,fever_fly,0.9969,0.9045,0.9484
65,Test,Leaf Class (Softmax),10,flesh_fly,0.7973,0.7305,0.7624
65,Test,Leaf Class (Softmax),11,fly,0.3613,0.439,0.3964
65,Test,Leaf Class (Softmax),12,fruit_fly,0.8416,0.6188,0.7132
65,Test,Leaf Class (Softmax),13,hoverfly,0.8542,0.82,0.8367
65,Test,Leaf Class (Softmax),14,ladybug,0.8946,0.944,0.9186
65,Test,Leaf Class (Softmax),15,leaf_beetle,0.1596,0.0546,0.0813
65,Test,Leaf Class (Softmax),16,midge,0.9621,0.983,0.9724
65,Test,Leaf Class (Softmax),17,moth,0.8644,0.6662,0.7525
65,Test,Leaf Class (Softmax),18,robber_fly,0.7068,0.8275,0.7624
65,Test,Leaf Class (Softmax),19,spider,0.7658,0.8752,0.8168
65,Test,Leaf Class (Softmax),20,wasp,0.8756,0.8276,0.8509
65,Test,Leaf Class (Softmax),21,weevil,0.9447,0.739,0.8293
65,Test,Leaf Class (Sigmoid),0,Ichneumonoidea,0.5639,0.6726,0.6135
65,Test,Leaf Class (Sigmoid),1,Muscoidea,0.3682,0.5705,0.4475
65,Test,Leaf Class (Sigmoid),2,ant,0.8341,0.8848,0.8587
65,Test,Leaf Class (Sigmoid),3,ant_beetle,0.8823,0.9254,0.9033
65,Test,Leaf Class (Sigmoid),4,bug,0.9218,0.708,0.8009
65,Test,Leaf Class (Sigmoid),5,butterfly,0.7031,0.9448,0.8062
65,Test,Leaf Class (Sigmoid),6,caddisfly,0.9978,0.9703,0.9838
65,Test,Leaf Class (Sigmoid),7,dance_fly,0.7342,0.6384,0.683
65,Test,Leaf Class (Sigmoid),8,earwig,0.8,0.0351,0.0672
65,Test,Leaf Class (Sigmoid),9,fever_fly,0.9954,0.9172,0.9547
65,Test,Leaf Class (Sigmoid),10,flesh_fly,0.8356,0.6962,0.7596
65,Test,Leaf Class (Sigmoid),11,fly,0.3638,0.5337,0.4327
65,Test,Leaf Class (Sigmoid),12,fruit_fly,0.8836,0.6032,0.717
65,Test,Leaf Class (Sigmoid),13,hoverfly,0.8542,0.8102,0.8317
65,Test,Leaf Class (Sigmoid),14,ladybug,0.9292,0.942,0.9356
65,Test,Leaf Class (Sigmoid),15,leaf_beetle,0.1857,0.0438,0.0709
65,Test,Leaf Class (Sigmoid),16,midge,0.9557,0.993,0.974
65,Test,Leaf Class (Sigmoid),17,moth,0.8328,0.8655,0.8488
65,Test,Leaf Class (Sigmoid),18,robber_fly,0.844,0.828,0.8359
65,Test,Leaf Class (Sigmoid),19,spider,0.7176,0.8758,0.7889
65,Test,Leaf Class (Sigmoid),20,wasp,0.8386,0.8336,0.8361
65,Test,Leaf Class (Sigmoid),21,weevil,0.9142,0.7565,0.8279
66,Train,PF4,0,Arachnida,0.9662,0.9985,0.9821
66,Train,PF4,1,Insecta,1.0,0.9997,0.9998
66,Train,PF3,0,Araneae,0.9915,0.993,0.9923
66,Train,PF3,1,Coleoptera,0.9928,0.9934,0.9931
66,Train,PF3,2,Dermaptera,0.9768,0.9783,0.9775
66,Train,PF3,3,Diptera,0.9944,0.9928,0.9936
66,Train,PF3,4,Hemiptera,0.9896,0.9662,0.9777
66,Train,PF3,5,Hymenoptera,0.9863,0.9852,0.9857
66,Train,PF3,6,Lepidoptera,0.9856,0.9721,0.9788
66,Train,PF3,7,Mecoptera,0.8404,0.3151,0.4584
66,Train,PF3,8,Neuroptera,0.9888,0.9967,0.9927
66,Train,PF3,9,Orthoptera,0.8796,0.9933,0.933
66,Train,PF3,10,Trichoptera,0.9992,0.9951,0.9972
66,Train,PF2,0,Apocrita,0.9922,0.9843,0.9883
66,Train,PF2,1,Arneomorphae,0.9934,0.9795,0.9864
66,Train,PF2,2,Brachycera,0.9936,0.9936,0.9936
66,Train,PF2,3,Forficulina,0.976,0.9783,0.9772
66,Train,PF2,4,Glossata,0.9871,0.9615,0.9741
66,Train,PF2,5,Hemerobiiformia,0.9918,0.9954,0.9936
66,Train,PF2,6,Heteroptera,0.9908,0.9667,0.9786
66,Train,PF2,7,Integripalpia,0.9992,0.9913,0.9952
66,Train,PF2,8,Nematocera,0.9974,0.9897,0.9935
66,Train,PF2,9,Polyphaga,0.9955,0.9925,0.994
66,Train,PF2,10,Symphyta,0.9638,0.9806,0.9721
66,Train,PF2,11,grasshopper,0.8378,0.9966,0.9103
66,Train,PF2,12,scorpion_fly,0.7224,0.0932,0.1652
66,Train,PF1,0,Aculeata,0.9908,0.9868,0.9888
66,Train,PF1,1,Araneomorphae,0.993,0.9875,0.9902
66,Train,PF1,2,Asilomorpha,0.9931,0.9938,0.9935
66,Train,PF1,3,Bibionomorpha,0.9957,0.9932,0.9945
66,Train,PF1,4,Cucujiformia,0.9966,0.9939,0.9952
66,Train,PF1,5,Culicomorpha,0.9987,0.9916,0.9951
66,Train,PF1,6,Epidermaptera,0.9798,0.9798,0.9798
66,Train,PF1,7,Heterocera,0.9941,0.977,0.9855
66,Train,PF1,8,Muscomorpha,0.9909,0.9962,0.9935
66,Train,PF1,9,Parasitica,0.9821,0.9749,0.9785
66,Train,PF1,10,Pentatomomorpha,0.9925,0.9645,0.9783
66,Train,PF1,11,Plenitentoria,0.9985,0.9992,0.9989
66,Train,PF1,12,Rhopalocera,0.9935,0.983,0.9882
66,Train,PF1,13,lacewing,0.9894,0.9973,0.9934
66,Train,PF1,14,saw_fly,0.9813,0.9793,0.9803
66,Train,Leaf Class (Softmax),0,Ichneumonoidea,0.9855,0.9782,0.9818
66,Train,Leaf Class (Softmax),1,Muscoidea,0.8859,0.8684,0.877
66,Train,Leaf Class (Softmax),2,ant,0.9926,0.9954,0.994
66,Train,Leaf Class (Softmax),3,ant_beetle,0.9955,0.9936,0.9946
66,Train,Leaf Class (Softmax),4,bug,0.987,0.9814,0.9842
66,Train,Leaf Class (Softmax),5,butterfly,0.9959,0.9846,0.9902
66,Train,Leaf Class (Softmax),6,caddisfly,0.9989,0.9992,0.9991
66,Train,Leaf Class (Softmax),7,dance_fly,0.984,0.9853,0.9846
66,Train,Leaf Class (Softmax),8,earwig,0.9883,0.9822,0.9852
66,Train,Leaf Class (Softmax),9,fever_fly,0.9961,0.9946,0.9954
66,Train,Leaf Class (Softmax),10,flesh_fly,0.9792,0.9793,0.9793
66,Train,Leaf Class (Softmax),11,fly,0.866,0.8831,0.8745
66,Train,Leaf Class (Softmax),12,fruit_fly,0.9926,0.9928,0.9927
66,Train,Leaf Class (Softmax),13,hoverfly,0.9882,0.9907,0.9894
66,Train,Leaf Class (Softmax),14,ladybug,0.9946,0.9948,0.9947
66,Train,Leaf Class (Softmax),15,leaf_beetle,0.9969,0.9974,0.9972
66,Train,Leaf Class (Softmax),16,midge,0.996,0.9943,0.9951
66,Train,Leaf Class (Softmax),17,moth,0.9902,0.9909,0.9905
66,Train,Leaf Class (Softmax),18,robber_fly,0.9956,0.9951,0.9953
66,Train,Leaf Class (Softmax),19,spider,0.9915,0.995,0.9933
66,Train,Leaf Class (Softmax),20,wasp,0.9551,0.939,0.947
66,Train,Leaf Class (Softmax),21,weevil,0.9971,0.997,0.997
66,Train,Leaf Class (Sigmoid),0,Ichneumonoidea,0.9782,0.9823,0.9803
66,Train,Leaf Class (Sigmoid),1,Muscoidea,0.818,0.9272,0.8692
66,Train,Leaf Class (Sigmoid),2,ant,0.9928,0.9941,0.9934
66,Train,Leaf Class (Sigmoid),3,ant_beetle,0.9947,0.9929,0.9938
66,Train,Leaf Class (Sigmoid),4,bug,0.993,0.9616,0.9771
66,Train,Leaf Class (Sigmoid),5,butterfly,0.9967,0.9773,0.9869
66,Train,Leaf Class (Sigmoid),6,caddisfly,0.9981,0.9992,0.9987
66,Train,Leaf Class (Sigmoid),7,dance_fly,0.9898,0.9759,0.9828
66,Train,Leaf Class (Sigmoid),8,earwig,0.989,0.9798,0.9844
66,Train,Leaf Class (Sigmoid),9,fever_fly,0.9964,0.9939,0.9952
66,Train,Leaf Class (Sigmoid),10,flesh_fly,0.9752,0.9823,0.9787
66,Train,Leaf Class (Sigmoid),11,fly,0.9101,0.7981,0.8504
66,Train,Leaf Class (Sigmoid),12,fruit_fly,0.9905,0.9934,0.9919
66,Train,Leaf Class (Sigmoid),13,hoverfly,0.9891,0.9902,0.9897
66,Train,Leaf Class (Sigmoid),14,ladybug,0.9915,0.9954,0.9935
66,Train,Leaf Class (Sigmoid),15,leaf_beetle,0.9947,0.9973,0.996
66,Train,Leaf Class (Sigmoid),16,midge,0.9987,0.9924,0.9955
66,Train,Leaf Class (Sigmoid),17,moth,0.9963,0.9782,0.9871
66,Train,Leaf Class (Sigmoid),18,robber_fly,0.9932,0.9957,0.9944
66,Train,Leaf Class (Sigmoid),19,spider,0.992,0.991,0.9915
66,Train,Leaf Class (Sigmoid),20,wasp,0.9555,0.9209,0.9379
66,Train,Leaf Class (Sigmoid),21,weevil,0.998,0.9954,0.9967
66,Test,PF4,0,Arachnida,0.614,0.8758,0.7219
66,Test,PF4,1,Insecta,0.9971,0.9873,0.9922
66,Test,PF3,0,Araneae,0.6467,0.8758,0.744
66,Test,PF3,1,Coleoptera,0.9395,0.7895,0.858
66,Test,PF3,2,Dermaptera,0.6667,0.0351,0.0667
66,Test,PF3,3,Diptera,0.909,0.9479,0.928
66,Test,PF3,4,Hemiptera,0.915,0.7134,0.8017
66,Test,PF3,5,Hymenoptera,0.8305,0.8399,0.8352
66,Test,PF3,6,Lepidoptera,0.755,0.6388,0.6921
66,Test,PF3,7,Mecoptera,0.2112,0.1518,0.1766
66,Test,PF3,8,Neuroptera,0.736,0.48,0.5811
66,Test,PF3,9,Orthoptera,0.5825,0.9895,0.7333
66,Test,PF3,10,Trichoptera,0.9967,0.9,0.9459
66,Test,PF2,0,Apocrita,0.8331,0.8444,0.8387
66,Test,PF2,1,Arneomorphae,0.6842,0.8752,0.768
66,Test,PF2,2,Brachycera,0.8876,0.945,0.9154
66,Test,PF2,3,Forficulina,0.6383,0.0292,0.0559
66,Test,PF2,4,Glossata,0.7594,0.6213,0.6835
66,Test,PF2,5,Hemerobiiformia,0.8573,0.4685,0.6059
66,Test,PF2,6,Heteroptera,0.9289,0.7142,0.8075
66,Test,PF2,7,Integripalpia,0.9985,0.8547,0.921
66,Test,PF2,8,Nematocera,0.9617,0.969,0.9653
66,Test,PF2,9,Polyphaga,0.9579,0.7845,0.8626
66,Test,PF2,10,Symphyta,0.8931,0.8036,0.8459
66,Test,PF2,11,grasshopper,0.5344,0.9942,0.6952
66,Test,PF2,12,scorpion_fly,0.1098,0.0467,0.0655
66,Test,PF1,0,Aculeata,0.8006,0.8976,0.8463
66,Test,PF1,1,Araneomorphae,0.6661,0.8758,0.7567
66,Test,PF1,2,Asilomorpha,0.7914,0.7622,0.7765
66,Test,PF1,3,Bibionomorpha,0.9984,0.9087,0.9515
66,Test,PF1,4,Cucujiformia,0.9512,0.7806,0.8575
66,Test,PF1,5,Culicomorpha,0.943,0.9928,0.9672
66,Test,PF1,6,Epidermaptera,0.6078,0.0302,0.0576
66,Test,PF1,7,Heterocera,0.805,0.7195,0.7599
66,Test,PF1,8,Muscomorpha,0.8241,0.9299,0.8738
66,Test,PF1,9,Parasitica,0.6427,0.5807,0.6101
66,Test,PF1,10,Pentatomomorpha,0.8994,0.7096,0.7933
66,Test,PF1,11,Plenitentoria,0.9908,0.975,0.9828
66,Test,PF1,12,Rhopalocera,0.6672,0.8788,0.7585
66,Test,PF1,13,lacewing,0.7374,0.6615,0.6974
66,Test,PF1,14,saw_fly,0.8992,0.7915,0.8419
66,Test,Leaf Class (Softmax),0,Ichneumonoidea,0.6966,0.5919,0.64
66,Test,Leaf Class (Softmax),1,Muscoidea,0.3659,0.6122,0.4581
66,Test,Leaf Class (Softmax),2,ant,0.8239,0.895,0.858
66,Test,Leaf Class (Softmax),3,ant_beetle,0.9127,0.9424,0.9273
66,Test,Leaf Class (Softmax),4,bug,0.9381,0.7126,0.81
66,Test,Leaf Class (Softmax),5,butterfly,0.8298,0.8837,0.8559
66,Test,Leaf Class (Softmax),6,caddisfly,0.9951,0.9728,0.9839
66,Test,Leaf Class (Softmax),7,dance_fly,0.8814,0.5553,0.6813
66,Test,Leaf Class (Softmax),8,earwig,0.6333,0.0185,0.036
66,Test,Leaf Class (Softmax),9,fever_fly,0.9984,0.9002,0.9468
66,Test,Leaf Class (Softmax),10,flesh_fly,0.7553,0.7695,0.7624
66,Test,Leaf Class (Softmax),11,fly,0.389,0.4722,0.4266
66,Test,Leaf Class (Softmax),12,fruit_fly,0.8304,0.617,0.708
66,Test,Leaf Class (Softmax),13,hoverfly,0.8289,0.785,0.8064
66,Test,Leaf Class (Softmax),14,ladybug,0.9288,0.9422,0.9355
66,Test,Leaf Class (Softmax),15,leaf_beetle,0.0493,0.0085,0.0144
66,Test,Leaf Class (Softmax),16,midge,0.9488,0.992,0.9699
66,Test,Leaf Class (Softmax),17,moth,0.831,0.6148,0.7067
66,Test,Leaf Class (Softmax),18,robber_fly,0.6146,0.816,0.7011
66,Test,Leaf Class (Softmax),19,spider,0.6802,0.8758,0.7657
66,Test,Leaf Class (Softmax),20,wasp,0.8096,0.8511,0.8298
66,Test,Leaf Class (Softmax),21,weevil,0.9267,0.74,0.8229
66,Test,Leaf Class (Sigmoid),0,Ichneumonoidea,0.7388,0.5897,0.6559
66,Test,Leaf Class (Sigmoid),1,Muscoidea,0.4082,0.5222,0.4583
66,Test,Leaf Class (Sigmoid),2,ant,0.8126,0.9182,0.8622
66,Test,Leaf Class (Sigmoid),3,ant_beetle,0.9337,0.9475,0.9406
66,Test,Leaf Class (Sigmoid),4,bug,0.8688,0.7142,0.7839
66,Test,Leaf Class (Sigmoid),5,butterfly,0.8178,0.8975,0.8558
66,Test,Leaf Class (Sigmoid),6,caddisfly,0.9978,0.9703,0.9838
66,Test,Leaf Class (Sigmoid),7,dance_fly,0.8465,0.5721,0.6827
66,Test,Leaf Class (Sigmoid),8,earwig,0.6579,0.0244,0.047
66,Test,Leaf Class (Sigmoid),9,fever_fly,0.9984,0.9101,0.9522
66,Test,Leaf Class (Sigmoid),10,flesh_fly,0.7923,0.7695,0.7807
66,Test,Leaf Class (Sigmoid),11,fly,0.3885,0.5735,0.4632
66,Test,Leaf Class (Sigmoid),12,fruit_fly,0.8767,0.601,0.7131
66,Test,Leaf Class (Sigmoid),13,hoverfly,0.8125,0.7877,0.7999
66,Test,Leaf Class (Sigmoid),14,ladybug,0.9498,0.9372,0.9435
66,Test,Leaf Class (Sigmoid),15,leaf_beetle,0.0497,0.0069,0.0121
66,Test,Leaf Class (Sigmoid),16,midge,0.9381,0.9935,0.965
66,Test,Leaf Class (Sigmoid),17,moth,0.8074,0.8762,0.8404
66,Test,Leaf Class (Sigmoid),18,robber_fly,0.7691,0.821,0.7942
66,Test,Leaf Class (Sigmoid),19,spider,0.6582,0.8758,0.7516
66,Test,Leaf Class (Sigmoid),20,wasp,0.7835,0.8525,0.8165
66,Test,Leaf Class (Sigmoid),21,weevil,0.9017,0.7542,0.8214
67,Train,PF4,0,Arachnida,0.951,0.997,0.9734
67,Train,PF4,1,Insecta,1.0,0.9996,0.9998
67,Train,PF3,0,Araneae,0.9811,0.986,0.9836
67,Train,PF3,1,Coleoptera,0.9941,0.9938,0.994
67,Train,PF3,2,Dermaptera,0.9671,0.9798,0.9734
67,Train,PF3,3,Diptera,0.9949,0.9931,0.994
67,Train,PF3,4,Hemiptera,0.9903,0.9752,0.9827
67,Train,PF3,5,Hymenoptera,0.9867,0.986,0.9864
67,Train,PF3,6,Lepidoptera,0.9845,0.9734,0.9789
67,Train,PF3,7,Mecoptera,0.8285,0.2773,0.4155
67,Train,PF3,8,Neuroptera,0.991,0.9974,0.9942
67,Train,PF3,9,Orthoptera,0.8761,0.994,0.9313
67,Train,PF3,10,Trichoptera,0.9992,0.9962,0.9977
67,Train,PF2,0,Apocrita,0.9929,0.9852,0.989
67,Train,PF2,1,Arneomorphae,0.9863,0.9686,0.9773
67,Train,PF2,2,Brachycera,0.994,0.994,0.994
67,Train,PF2,3,Forficulina,0.9657,0.9829,0.9743
67,Train,PF2,4,Glossata,0.9857,0.9611,0.9732
67,Train,PF2,5,Hemerobiiformia,0.9926,0.9967,0.9946
67,Train,PF2,6,Heteroptera,0.992,0.9763,0.9841
67,Train,PF2,7,Integripalpia,0.9996,0.9936,0.9966
67,Train,PF2,8,Nematocera,0.998,0.9909,0.9945
67,Train,PF2,9,Polyphaga,0.9961,0.993,0.9945
67,Train,PF2,10,Symphyta,0.9702,0.9808,0.9755
67,Train,PF2,11,grasshopper,0.8375,0.997,0.9103
67,Train,PF2,12,scorpion_fly,0.7391,0.0831,0.1493
67,Train,PF1,0,Aculeata,0.9915,0.9889,0.9902
67,Train,PF1,1,Araneomorphae,0.9875,0.9845,0.986
67,Train,PF1,2,Asilomorpha,0.9932,0.9936,0.9934
67,Train,PF1,3,Bibionomorpha,0.9947,0.9979,0.9963
67,Train,PF1,4,Cucujiformia,0.9967,0.9942,0.9954
67,Train,PF1,5,Culicomorpha,0.9983,0.9926,0.9954
67,Train,PF1,6,Epidermaptera,0.9799,0.9806,0.9802
67,Train,PF1,7,Heterocera,0.9935,0.978,0.9857
67,Train,PF1,8,Muscomorpha,0.992,0.9962,0.9941
67,Train,PF1,9,Parasitica,0.9825,0.9715,0.977
67,Train,PF1,10,Pentatomomorpha,0.9948,0.9741,0.9843
67,Train,PF1,11,Plenitentoria,0.9992,0.9989,0.9991
67,Train,PF1,12,Rhopalocera,0.9895,0.9887,0.9891
67,Train,PF1,13,lacewing,0.9893,0.9979,0.9935
67,Train,PF1,14,saw_fly,0.9823,0.9793,0.9808
67,Train,Leaf Class (Softmax),0,Ichneumonoidea,0.9855,0.979,0.9822
67,Train,Leaf Class (Softmax),1,Muscoidea,0.8885,0.8697,0.879
67,Train,Leaf Class (Softmax),2,ant,0.9932,0.9957,0.9944
67,Train,Leaf Class (Softmax),3,ant_beetle,0.997,0.9959,0.9964
67,Train,Leaf Class (Softmax),4,bug,0.9898,0.9865,0.9881
67,Train,Leaf Class (Softmax),5,butterfly,0.9903,0.9887,0.9895
67,Train,Leaf Class (Softmax),6,caddisfly,0.9989,0.9992,0.9991
67,Train,Leaf Class (Softmax),7,dance_fly,0.9871,0.9766,0.9818
67,Train,Leaf Class (Softmax),8,earwig,0.9844,0.9798,0.9821
67,Train,Leaf Class (Softmax),9,fever_fly,0.9968,0.9975,0.9971
67,Train,Leaf Class (Softmax),10,flesh_fly,0.9814,0.9809,0.9812
67,Train,Leaf Class (Softmax),11,fly,0.8677,0.8877,0.8776
67,Train,Leaf Class (Softmax),12,fruit_fly,0.9934,0.993,0.9932
67,Train,Leaf Class (Softmax),13,hoverfly,0.9896,0.9908,0.9902
67,Train,Leaf Class (Softmax),14,ladybug,0.9944,0.9945,0.9945
67,Train,Leaf Class (Softmax),15,leaf_beetle,0.996,0.9963,0.9961
67,Train,Leaf Class (Softmax),16,midge,0.9964,0.9951,0.9957
67,Train,Leaf Class (Softmax),17,moth,0.991,0.991,0.991
67,Train,Leaf Class (Softmax),18,robber_fly,0.9956,0.9949,0.9952
67,Train,Leaf Class (Softmax),19,spider,0.9861,0.991,0.9886
67,Train,Leaf Class (Softmax),20,wasp,0.9634,0.952,0.9577
67,Train,Leaf Class (Softmax),21,weevil,0.9971,0.9967,0.9969
67,Train,Leaf Class (Sigmoid),0,Ichneumonoidea,0.9779,0.9839,0.9809
67,Train,Leaf Class (Sigmoid),1,Muscoidea,0.8205,0.9272,0.8706
67,Train,Leaf Class (Sigmoid),2,ant,0.9936,0.9946,0.9941
67,Train,Leaf Class (Sigmoid),3,ant_beetle,0.9951,0.9951,0.9951
67,Train,Leaf Class (Sigmoid),4,bug,0.9971,0.9707,0.9837
67,Train,Leaf Class (Sigmoid),5,butterfly,0.9918,0.979,0.9853
67,Train,Leaf Class (Sigmoid),6,caddisfly,0.9985,0.9992,0.9989
67,Train,Leaf Class (Sigmoid),7,dance_fly,0.9931,0.9692,0.981
67,Train,Leaf Class (Sigmoid),8,earwig,0.9874,0.9736,0.9805
67,Train,Leaf Class (Sigmoid),9,fever_fly,0.9968,0.9968,0.9968
67,Train,Leaf Class (Sigmoid),10,flesh_fly,0.976,0.9825,0.9793
67,Train,Leaf Class (Sigmoid),11,fly,0.9114,0.8047,0.8547
67,Train,Leaf Class (Sigmoid),12,fruit_fly,0.992,0.9936,0.9928
67,Train,Leaf Class (Sigmoid),13,hoverfly,0.9893,0.9901,0.9897
67,Train,Leaf Class (Sigmoid),14,ladybug,0.991,0.9952,0.9931
67,Train,Leaf Class (Sigmoid),15,leaf_beetle,0.9934,0.9966,0.995
67,Train,Leaf Class (Sigmoid),16,midge,0.9989,0.9924,0.9956
67,Train,Leaf Class (Sigmoid),17,moth,0.9968,0.9778,0.9872
67,Train,Leaf Class (Sigmoid),18,robber_fly,0.9937,0.9955,0.9946
67,Train,Leaf Class (Sigmoid),19,spider,0.9856,0.989,0.9873
67,Train,Leaf Class (Sigmoid),20,wasp,0.9668,0.9297,0.9479
67,Train,Leaf Class (Sigmoid),21,weevil,0.9983,0.9944,0.9963
67,Test,PF4,0,Arachnida,0.6603,0.8758,0.7529
67,Test,PF4,1,Insecta,0.9971,0.9896,0.9933
67,Test,PF3,0,Araneae,0.6827,0.8758,0.7673
67,Test,PF3,1,Coleoptera,0.8952,0.7876,0.838
67,Test,PF3,2,Dermaptera,0.8894,0.1803,0.2998
67,Test,PF3,3,Diptera,0.904,0.9488,0.9258
67,Test,PF3,4,Hemiptera,0.9654,0.7088,0.8174
67,Test,PF3,5,Hymenoptera,0.8259,0.8247,0.8253
67,Test,PF3,6,Lepidoptera,0.7394,0.6081,0.6674
67,Test,PF3,7,Mecoptera,0.2593,0.2892,0.2735
67,Test,PF3,8,Neuroptera,0.6178,0.4774,0.5386
67,Test,PF3,9,Orthoptera,0.6895,0.9758,0.808
67,Test,PF3,10,Trichoptera,0.9909,0.9823,0.9866
67,Test,PF2,0,Apocrita,0.833,0.8382,0.8356
67,Test,PF2,1,Arneomorphae,0.7277,0.8758,0.7949
67,Test,PF2,2,Brachycera,0.8799,0.9473,0.9124
67,Test,PF2,3,Forficulina,0.8413,0.155,0.2617
67,Test,PF2,4,Glossata,0.7626,0.6201,0.684
67,Test,PF2,5,Hemerobiiformia,0.7622,0.4717,0.5827
67,Test,PF2,6,Heteroptera,0.9755,0.7065,0.8195
67,Test,PF2,7,Integripalpia,0.9952,0.9797,0.9874
67,Test,PF2,8,Nematocera,0.9693,0.9571,0.9632
67,Test,PF2,9,Polyphaga,0.9222,0.7854,0.8483
67,Test,PF2,10,Symphyta,0.8492,0.7159,0.7769
67,Test,PF2,11,grasshopper,0.5983,0.986,0.7447
67,Test,PF2,12,scorpion_fly,0.1354,0.0636,0.0865
67,Test,PF1,0,Aculeata,0.8327,0.8747,0.8532
67,Test,PF1,1,Araneomorphae,0.7009,0.8758,0.7787
67,Test,PF1,2,Asilomorpha,0.8003,0.7652,0.7824
67,Test,PF1,3,Bibionomorpha,0.9975,0.8613,0.9244
67,Test,PF1,4,Cucujiformia,0.9158,0.7863,0.8461
67,Test,PF1,5,Culicomorpha,0.9601,0.992,0.9758
67,Test,PF1,6,Epidermaptera,0.8836,0.1628,0.2749
67,Test,PF1,7,Heterocera,0.774,0.7208,0.7464
67,Test,PF1,8,Muscomorpha,0.8041,0.9295,0.8623
67,Test,PF1,9,Parasitica,0.5846,0.6121,0.598
67,Test,PF1,10,Pentatomomorpha,0.9561,0.7049,0.8115
67,Test,PF1,11,Plenitentoria,0.99,0.9849,0.9875
67,Test,PF1,12,Rhopalocera,0.7764,0.9133,0.8393
67,Test,PF1,13,lacewing,0.7244,0.5289,0.6114
67,Test,PF1,14,saw_fly,0.8494,0.7073,0.7719
67,Test,Leaf Class (Softmax),0,Ichneumonoidea,0.5586,0.6413,0.5971
67,Test,Leaf Class (Softmax),1,Muscoidea,0.353,0.637,0.4542
67,Test,Leaf Class (Softmax),2,ant,0.8183,0.857,0.8372
67,Test,Leaf Class (Softmax),3,ant_beetle,0.8941,0.9424,0.9176
67,Test,Leaf Class (Softmax),4,bug,0.9827,0.7018,0.8189
67,Test,Leaf Class (Softmax),5,butterfly,0.7902,0.9054,0.8439
67,Test,Leaf Class (Softmax),6,caddisfly,0.9891,0.9819,0.9855
67,Test,Leaf Class (Softmax),7,dance_fly,0.8533,0.6034,0.7069
67,Test,Leaf Class (Softmax),8,earwig,0.7967,0.0955,0.1706
67,Test,Leaf Class (Softmax),9,fever_fly,0.9975,0.8386,0.9112
67,Test,Leaf Class (Softmax),10,flesh_fly,0.7481,0.75,0.7491
67,Test,Leaf Class (Softmax),11,fly,0.3946,0.442,0.417
67,Test,Leaf Class (Softmax),12,fruit_fly,0.8206,0.614,0.7024
67,Test,Leaf Class (Softmax),13,hoverfly,0.8311,0.8522,0.8415
67,Test,Leaf Class (Softmax),14,ladybug,0.9346,0.936,0.9353
67,Test,Leaf Class (Softmax),15,leaf_beetle,0.0956,0.0331,0.0491
67,Test,Leaf Class (Softmax),16,midge,0.9633,0.9918,0.9773
67,Test,Leaf Class (Softmax),17,moth,0.8828,0.8455,0.8637
67,Test,Leaf Class (Softmax),18,robber_fly,0.7895,0.7912,0.7904
67,Test,Leaf Class (Softmax),19,spider,0.6999,0.8758,0.778
67,Test,Leaf Class (Softmax),20,wasp,0.8808,0.8414,0.8606
67,Test,Leaf Class (Softmax),21,weevil,0.9483,0.756,0.8413
67,Test,Leaf Class (Sigmoid),0,Ichneumonoidea,0.6333,0.6233,0.6282
67,Test,Leaf Class (Sigmoid),1,Muscoidea,0.3745,0.5838,0.4563
67,Test,Leaf Class (Sigmoid),2,ant,0.7984,0.8762,0.8355
67,Test,Leaf Class (Sigmoid),3,ant_beetle,0.9109,0.9446,0.9274
67,Test,Leaf Class (Sigmoid),4,bug,0.9525,0.7111,0.8143
67,Test,Leaf Class (Sigmoid),5,butterfly,0.7913,0.9192,0.8505
67,Test,Leaf Class (Sigmoid),6,caddisfly,0.993,0.9815,0.9872
67,Test,Leaf Class (Sigmoid),7,dance_fly,0.7748,0.6247,0.6917
67,Test,Leaf Class (Sigmoid),8,earwig,0.8393,0.1374,0.2362
67,Test,Leaf Class (Sigmoid),9,fever_fly,0.9975,0.862,0.9248
67,Test,Leaf Class (Sigmoid),10,flesh_fly,0.7849,0.7528,0.7685
67,Test,Leaf Class (Sigmoid),11,fly,0.3915,0.4865,0.4338
67,Test,Leaf Class (Sigmoid),12,fruit_fly,0.8555,0.6008,0.7058
67,Test,Leaf Class (Sigmoid),13,hoverfly,0.8372,0.8588,0.8478
67,Test,Leaf Class (Sigmoid),14,ladybug,0.9497,0.9308,0.9402
67,Test,Leaf Class (Sigmoid),15,leaf_beetle,0.089,0.0231,0.0366
67,Test,Leaf Class (Sigmoid),16,midge,0.9521,0.993,0.9721
67,Test,Leaf Class (Sigmoid),17,moth,0.7991,0.8732,0.8345
67,Test,Leaf Class (Sigmoid),18,robber_fly,0.8218,0.7942,0.8078
67,Test,Leaf Class (Sigmoid),19,spider,0.6891,0.8752,0.7711
67,Test,Leaf Class (Sigmoid),20,wasp,0.8521,0.8446,0.8483
67,Test,Leaf Class (Sigmoid),21,weevil,0.918,0.7612,0.8323
68,Train,PF4,0,Arachnida,0.9601,0.997,0.9782
68,Train,PF4,1,Insecta,1.0,0.9996,0.9998
68,Train,PF3,0,Araneae,0.9846,0.9905,0.9876
68,Train,PF3,1,Coleoptera,0.9939,0.9943,0.9941
68,Train,PF3,2,Dermaptera,0.9709,0.9814,0.9761
68,Train,PF3,3,Diptera,0.9949,0.9934,0.9941
68,Train,PF3,4,Hemiptera,0.9873,0.9673,0.9772
68,Train,PF3,5,Hymenoptera,0.9869,0.986,0.9864
68,Train,PF3,6,Lepidoptera,0.9867,0.9736,0.9801
68,Train,PF3,7,Mecoptera,0.8542,0.3221,0.4678
68,Train,PF3,8,Neuroptera,0.9906,0.9973,0.994
68,Train,PF3,9,Orthoptera,0.8821,0.9939,0.9346
68,Train,PF3,10,Trichoptera,0.9989,0.9974,0.9981
68,Train,PF2,0,Apocrita,0.9923,0.985,0.9887
68,Train,PF2,1,Arneomorphae,0.9914,0.973,0.9821
68,Train,PF2,2,Brachycera,0.9938,0.9942,0.994
68,Train,PF2,3,Forficulina,0.9723,0.9791,0.9757
68,Train,PF2,4,Glossata,0.9876,0.9618,0.9745
68,Train,PF2,5,Hemerobiiformia,0.9928,0.9964,0.9946
68,Train,PF2,6,Heteroptera,0.9908,0.9729,0.9818
68,Train,PF2,7,Integripalpia,0.9985,0.9939,0.9962
68,Train,PF2,8,Nematocera,0.998,0.9883,0.9931
68,Train,PF2,9,Polyphaga,0.9963,0.9933,0.9948
68,Train,PF2,10,Symphyta,0.9719,0.9803,0.9761
68,Train,PF2,11,grasshopper,0.8391,0.9963,0.911
68,Train,PF2,12,scorpion_fly,0.7445,0.0973,0.1721
68,Train,PF1,0,Aculeata,0.991,0.9873,0.9891
68,Train,PF1,1,Araneomorphae,0.9895,0.9875,0.9885
68,Train,PF1,2,Asilomorpha,0.9922,0.9937,0.9929
68,Train,PF1,3,Bibionomorpha,0.9961,0.9975,0.9968
68,Train,PF1,4,Cucujiformia,0.9968,0.9948,0.9958
68,Train,PF1,5,Culicomorpha,0.9983,0.9932,0.9957
68,Train,PF1,6,Epidermaptera,0.9768,0.9775,0.9771
68,Train,PF1,7,Heterocera,0.9953,0.9779,0.9865
68,Train,PF1,8,Muscomorpha,0.9919,0.9961,0.994
68,Train,PF1,9,Parasitica,0.9808,0.9707,0.9758
68,Train,PF1,10,Pentatomomorpha,0.9936,0.9684,0.9809
68,Train,PF1,11,Plenitentoria,0.9989,0.9985,0.9987
68,Train,PF1,12,Rhopalocera,0.9854,0.9854,0.9854
68,Train,PF1,13,lacewing,0.989,0.9979,0.9934
68,Train,PF1,14,saw_fly,0.9826,0.979,0.9808
68,Train,Leaf Class (Softmax),0,Ichneumonoidea,0.9809,0.9761,0.9785
68,Train,Leaf Class (Softmax),1,Muscoidea,0.8911,0.8666,0.8787
68,Train,Leaf Class (Softmax),2,ant,0.9923,0.9947,0.9935
68,Train,Leaf Class (Softmax),3,ant_beetle,0.9959,0.9963,0.9961
68,Train,Leaf Class (Softmax),4,bug,0.9876,0.9881,0.9879
68,Train,Leaf Class (Softmax),5,butterfly,0.9927,0.9903,0.9915
68,Train,Leaf Class (Softmax),6,caddisfly,0.9996,0.9981,0.9989
68,Train,Leaf Class (Softmax),7,dance_fly,0.9845,0.9799,0.9822
68,Train,Leaf Class (Softmax),8,earwig,0.9868,0.9868,0.9868
68,Train,Leaf Class (Softmax),9,fever_fly,0.9957,0.9968,0.9963
68,Train,Leaf Class (Softmax),10,flesh_fly,0.9794,0.9797,0.9796
68,Train,Leaf Class (Softmax),11,fly,0.8656,0.8881,0.8767
68,Train,Leaf Class (Softmax),12,fruit_fly,0.9931,0.9934,0.9933
68,Train,Leaf Class (Softmax),13,hoverfly,0.9885,0.9899,0.9892
68,Train,Leaf Class (Softmax),14,ladybug,0.9949,0.9952,0.9951
68,Train,Leaf Class (Softmax),15,leaf_beetle,0.9963,0.9975,0.9969
68,Train,Leaf Class (Softmax),16,midge,0.9977,0.9947,0.9962
68,Train,Leaf Class (Softmax),17,moth,0.9915,0.9915,0.9915
68,Train,Leaf Class (Softmax),18,robber_fly,0.9957,0.9949,0.9953
68,Train,Leaf Class (Softmax),19,spider,0.9881,0.9935,0.9908
68,Train,Leaf Class (Softmax),20,wasp,0.9538,0.9462,0.9499
68,Train,Leaf Class (Softmax),21,weevil,0.9977,0.9971,0.9974
68,Train,Leaf Class (Sigmoid),0,Ichneumonoidea,0.9734,0.9794,0.9764
68,Train,Leaf Class (Sigmoid),1,Muscoidea,0.8208,0.9262,0.8704
68,Train,Leaf Class (Sigmoid),2,ant,0.9929,0.993,0.993
68,Train,Leaf Class (Sigmoid),3,ant_beetle,0.9948,0.9951,0.9949
68,Train,Leaf Class (Sigmoid),4,bug,0.9936,0.9712,0.9823
68,Train,Leaf Class (Sigmoid),5,butterfly,0.9942,0.9782,0.9861
68,Train,Leaf Class (Sigmoid),6,caddisfly,0.9989,0.9974,0.9981
68,Train,Leaf Class (Sigmoid),7,dance_fly,0.9898,0.9739,0.9818
68,Train,Leaf Class (Sigmoid),8,earwig,0.9875,0.9806,0.9841
68,Train,Leaf Class (Sigmoid),9,fever_fly,0.9968,0.9954,0.9961
68,Train,Leaf Class (Sigmoid),10,flesh_fly,0.9753,0.9801,0.9777
68,Train,Leaf Class (Sigmoid),11,fly,0.9117,0.8028,0.8538
68,Train,Leaf Class (Sigmoid),12,fruit_fly,0.9903,0.9937,0.992
68,Train,Leaf Class (Sigmoid),13,hoverfly,0.9888,0.9894,0.9891
68,Train,Leaf Class (Sigmoid),14,ladybug,0.9915,0.9967,0.9941
68,Train,Leaf Class (Sigmoid),15,leaf_beetle,0.9941,0.9975,0.9958
68,Train,Leaf Class (Sigmoid),16,midge,0.999,0.9924,0.9957
68,Train,Leaf Class (Sigmoid),17,moth,0.9973,0.9789,0.988
68,Train,Leaf Class (Sigmoid),18,robber_fly,0.9931,0.9956,0.9944
68,Train,Leaf Class (Sigmoid),19,spider,0.9866,0.9895,0.988
68,Train,Leaf Class (Sigmoid),20,wasp,0.9577,0.9327,0.945
68,Train,Leaf Class (Sigmoid),21,weevil,0.9988,0.9944,0.9966
68,Test,PF4,0,Arachnida,0.6724,0.874,0.7601
68,Test,PF4,1,Insecta,0.9971,0.9901,0.9936
68,Test,PF3,0,Araneae,0.7049,0.868,0.778
68,Test,PF3,1,Coleoptera,0.9371,0.7925,0.8587
68,Test,PF3,2,Dermaptera,0.9439,0.1803,0.3028
68,Test,PF3,3,Diptera,0.8974,0.9562,0.9259
68,Test,PF3,4,Hemiptera,0.9575,0.7111,0.8161
68,Test,PF3,5,Hymenoptera,0.8637,0.8383,0.8508
68,Test,PF3,6,Lepidoptera,0.7819,0.676,0.7251
68,Test,PF3,7,Mecoptera,0.2275,0.1971,0.2113
68,Test,PF3,8,Neuroptera,0.8379,0.5107,0.6346
68,Test,PF3,9,Orthoptera,0.6316,0.977,0.7673
68,Test,PF3,10,Trichoptera,0.9972,0.9297,0.9623
68,Test,PF2,0,Apocrita,0.8649,0.8333,0.8488
68,Test,PF2,1,Arneomorphae,0.7392,0.8667,0.7979
68,Test,PF2,2,Brachycera,0.8837,0.9518,0.9165
68,Test,PF2,3,Forficulina,0.9396,0.1667,0.2831
68,Test,PF2,4,Glossata,0.7859,0.6544,0.7142
68,Test,PF2,5,Hemerobiiformia,0.8866,0.5003,0.6396
68,Test,PF2,6,Heteroptera,0.9585,0.7119,0.817
68,Test,PF2,7,Integripalpia,0.998,0.8784,0.9344
68,Test,PF2,8,Nematocera,0.957,0.9734,0.9651
68,Test,PF2,9,Polyphaga,0.9523,0.7911,0.8642
68,Test,PF2,10,Symphyta,0.8689,0.8276,0.8478
68,Test,PF2,11,grasshopper,0.5625,0.986,0.7164
68,Test,PF2,12,scorpion_fly,0.1223,0.0584,0.079
68,Test,PF1,0,Aculeata,0.8712,0.8752,0.8732
68,Test,PF1,1,Araneomorphae,0.7146,0.8674,0.7836
68,Test,PF1,2,Asilomorpha,0.8406,0.8149,0.8275
68,Test,PF1,3,Bibionomorpha,0.9917,0.9285,0.9591
68,Test,PF1,4,Cucujiformia,0.9479,0.791,0.8624
68,Test,PF1,5,Culicomorpha,0.9449,0.9912,0.9675
68,Test,PF1,6,Epidermaptera,0.9371,0.1452,0.2515
68,Test,PF1,7,Heterocera,0.7707,0.5085,0.6127
68,Test,PF1,8,Muscomorpha,0.8119,0.9515,0.8762
68,Test,PF1,9,Parasitica,0.6489,0.6009,0.624
68,Test,PF1,10,Pentatomomorpha,0.9665,0.7103,0.8188
68,Test,PF1,11,Plenitentoria,0.9934,0.9698,0.9815
68,Test,PF1,12,Rhopalocera,0.7549,0.9438,0.8389
68,Test,PF1,13,lacewing,0.4857,0.6022,0.5377
68,Test,PF1,14,saw_fly,0.8634,0.8179,0.84
68,Test,Leaf Class (Softmax),0,Ichneumonoidea,0.6123,0.6233,0.6178
68,Test,Leaf Class (Softmax),1,Muscoidea,0.3639,0.599,0.4528
68,Test,Leaf Class (Softmax),2,ant,0.8807,0.895,0.8878
68,Test,Leaf Class (Softmax),3,ant_beetle,0.9106,0.9557,0.9326
68,Test,Leaf Class (Softmax),4,bug,0.9564,0.7103,0.8152
68,Test,Leaf Class (Softmax),5,butterfly,0.7527,0.9448,0.8379
68,Test,Leaf Class (Softmax),6,caddisfly,0.9943,0.9698,0.9819
68,Test,Leaf Class (Softmax),7,dance_fly,0.8484,0.6232,0.7186
68,Test,Leaf Class (Softmax),8,earwig,0.9407,0.1082,0.1941
68,Test,Leaf Class (Softmax),9,fever_fly,0.9954,0.9193,0.9558
68,Test,Leaf Class (Softmax),10,flesh_fly,0.7821,0.8032,0.7926
68,Test,Leaf Class (Softmax),11,fly,0.3846,0.488,0.4301
68,Test,Leaf Class (Softmax),12,fruit_fly,0.9204,0.5865,0.7164
68,Test,Leaf Class (Softmax),13,hoverfly,0.8301,0.8845,0.8565
68,Test,Leaf Class (Softmax),14,ladybug,0.9207,0.9498,0.935
68,Test,Leaf Class (Softmax),15,leaf_beetle,0.0284,0.0061,0.0101
68,Test,Leaf Class (Softmax),16,midge,0.9445,0.9792,0.9616
68,Test,Leaf Class (Softmax),17,moth,0.8678,0.678,0.7613
68,Test,Leaf Class (Softmax),18,robber_fly,0.699,0.8602,0.7713
68,Test,Leaf Class (Softmax),19,spider,0.7182,0.8674,0.7857
68,Test,Leaf Class (Softmax),20,wasp,0.8558,0.8266,0.841
68,Test,Leaf Class (Softmax),21,weevil,0.9201,0.7375,0.8188
68,Test,Leaf Class (Sigmoid),0,Ichneumonoidea,0.7003,0.6076,0.6507
68,Test,Leaf Class (Sigmoid),1,Muscoidea,0.385,0.4978,0.4341
68,Test,Leaf Class (Sigmoid),2,ant,0.8718,0.8995,0.8854
68,Test,Leaf Class (Sigmoid),3,ant_beetle,0.9256,0.9557,0.9404
68,Test,Leaf Class (Sigmoid),4,bug,0.9279,0.7134,0.8066
68,Test,Leaf Class (Sigmoid),5,butterfly,0.763,0.9517,0.847
68,Test,Leaf Class (Sigmoid),6,caddisfly,0.9982,0.9664,0.982
68,Test,Leaf Class (Sigmoid),7,dance_fly,0.8312,0.6423,0.7246
68,Test,Leaf Class (Sigmoid),8,earwig,0.9568,0.1296,0.2283
68,Test,Leaf Class (Sigmoid),9,fever_fly,0.9947,0.9285,0.9605
68,Test,Leaf Class (Sigmoid),10,flesh_fly,0.8176,0.8,0.8087
68,Test,Leaf Class (Sigmoid),11,fly,0.3796,0.5903,0.4621
68,Test,Leaf Class (Sigmoid),12,fruit_fly,0.9429,0.5735,0.7132
68,Test,Leaf Class (Sigmoid),13,hoverfly,0.8156,0.889,0.8507
68,Test,Leaf Class (Sigmoid),14,ladybug,0.9484,0.9458,0.9471
68,Test,Leaf Class (Sigmoid),15,leaf_beetle,0.0216,0.0038,0.0065
68,Test,Leaf Class (Sigmoid),16,midge,0.9382,0.9902,0.9635
68,Test,Leaf Class (Sigmoid),17,moth,0.8328,0.883,0.8572
68,Test,Leaf Class (Sigmoid),18,robber_fly,0.8381,0.8605,0.8491
68,Test,Leaf Class (Sigmoid),19,spider,0.7027,0.8661,0.7759
68,Test,Leaf Class (Sigmoid),20,wasp,0.8449,0.8285,0.8366
68,Test,Leaf Class (Sigmoid),21,weevil,0.8893,0.747,0.812
69,Train,PF4,0,Arachnida,0.9646,0.9935,0.9789
69,Train,PF4,1,Insecta,0.9999,0.9997,0.9998
69,Train,PF3,0,Araneae,0.988,0.9895,0.9888
69,Train,PF3,1,Coleoptera,0.9938,0.9942,0.994
69,Train,PF3,2,Dermaptera,0.9762,0.9868,0.9815
69,Train,PF3,3,Diptera,0.9953,0.9934,0.9943
69,Train,PF3,4,Hemiptera,0.9896,0.9667,0.978
69,Train,PF3,5,Hymenoptera,0.9873,0.9866,0.9869
69,Train,PF3,6,Lepidoptera,0.9857,0.9764,0.981
69,Train,PF3,7,Mecoptera,0.8696,0.3177,0.4654
69,Train,PF3,8,Neuroptera,0.9914,0.9978,0.9946
69,Train,PF3,9,Orthoptera,0.8813,0.9948,0.9346
69,Train,PF3,10,Trichoptera,0.9989,0.9936,0.9962
69,Train,PF2,0,Apocrita,0.9926,0.9863,0.9894
69,Train,PF2,1,Arneomorphae,0.9924,0.9721,0.9821
69,Train,PF2,2,Brachycera,0.9945,0.9941,0.9943
69,Train,PF2,3,Forficulina,0.9792,0.9876,0.9834
69,Train,PF2,4,Glossata,0.9878,0.9652,0.9764
69,Train,PF2,5,Hemerobiiformia,0.9938,0.9967,0.9952
69,Train,PF2,6,Heteroptera,0.9908,0.9684,0.9795
69,Train,PF2,7,Integripalpia,0.9992,0.9879,0.9935
69,Train,PF2,8,Nematocera,0.9972,0.9898,0.9935
69,Train,PF2,9,Polyphaga,0.9958,0.9933,0.9946
69,Train,PF2,10,Symphyta,0.9697,0.9826,0.9761
69,Train,PF2,11,grasshopper,0.837,0.9974,0.9102
69,Train,PF2,12,scorpion_fly,0.7454,0.0823,0.1482
69,Train,PF1,0,Aculeata,0.9918,0.9879,0.9898
69,Train,PF1,1,Araneomorphae,0.99,0.9885,0.9893
69,Train,PF1,2,Asilomorpha,0.9937,0.9931,0.9934
69,Train,PF1,3,Bibionomorpha,0.9939,0.9943,0.9941
69,Train,PF1,4,Cucujiformia,0.9966,0.9951,0.9958
69,Train,PF1,5,Culicomorpha,0.999,0.9928,0.9959
69,Train,PF1,6,Epidermaptera,0.9845,0.986,0.9853
69,Train,PF1,7,Heterocera,0.9958,0.9783,0.987
69,Train,PF1,8,Muscomorpha,0.9919,0.9964,0.9942
69,Train,PF1,9,Parasitica,0.9804,0.9711,0.9758
69,Train,PF1,10,Pentatomomorpha,0.993,0.9662,0.9794
69,Train,PF1,11,Plenitentoria,0.997,0.9981,0.9975
69,Train,PF1,12,Rhopalocera,0.9903,0.9943,0.9923
69,Train,PF1,13,lacewing,0.9905,0.9989,0.9947
69,Train,PF1,14,saw_fly,0.9823,0.9811,0.9817
69,Train,Leaf Class (Softmax),0,Ichneumonoidea,0.9863,0.9769,0.9816
69,Train,Leaf Class (Softmax),1,Muscoidea,0.8948,0.8742,0.8844
69,Train,Leaf Class (Softmax),2,ant,0.9936,0.9957,0.9946
69,Train,Leaf Class (Softmax),3,ant_beetle,0.997,0.9959,0.9964
69,Train,Leaf Class (Softmax),4,bug,0.9831,0.9848,0.9839
69,Train,Leaf Class (Softmax),5,butterfly,0.9927,0.9951,0.9939
69,Train,Leaf Class (Softmax),6,caddisfly,0.9981,0.9981,0.9981
69,Train,Leaf Class (Softmax),7,dance_fly,0.9872,0.9839,0.9856
69,Train,Leaf Class (Softmax),8,earwig,0.9914,0.9845,0.9879
69,Train,Leaf Class (Softmax),9,fever_fly,0.9954,0.9943,0.9948
69,Train,Leaf Class (Softmax),10,flesh_fly,0.9809,0.9808,0.9809
69,Train,Leaf Class (Softmax),11,fly,0.8689,0.8934,0.881
69,Train,Leaf Class (Softmax),12,fruit_fly,0.9945,0.9933,0.9939
69,Train,Leaf Class (Softmax),13,hoverfly,0.9898,0.9907,0.9903
69,Train,Leaf Class (Softmax),14,ladybug,0.9948,0.9954,0.9951
69,Train,Leaf Class (Softmax),15,leaf_beetle,0.9967,0.9967,0.9967
69,Train,Leaf Class (Softmax),16,midge,0.9973,0.9951,0.9962
69,Train,Leaf Class (Softmax),17,moth,0.9915,0.991,0.9913
69,Train,Leaf Class (Softmax),18,robber_fly,0.9969,0.9952,0.9961
69,Train,Leaf Class (Softmax),19,spider,0.992,0.9925,0.9923
69,Train,Leaf Class (Softmax),20,wasp,0.9666,0.9499,0.9582
69,Train,Leaf Class (Softmax),21,weevil,0.9962,0.9964,0.9963
69,Train,Leaf Class (Sigmoid),0,Ichneumonoidea,0.9766,0.979,0.9778
69,Train,Leaf Class (Sigmoid),1,Muscoidea,0.8278,0.9276,0.8749
69,Train,Leaf Class (Sigmoid),2,ant,0.9935,0.9946,0.994
69,Train,Leaf Class (Sigmoid),3,ant_beetle,0.9966,0.9933,0.9949
69,Train,Leaf Class (Sigmoid),4,bug,0.993,0.9639,0.9782
69,Train,Leaf Class (Sigmoid),5,butterfly,0.9927,0.9919,0.9923
69,Train,Leaf Class (Sigmoid),6,caddisfly,0.9974,0.9977,0.9975
69,Train,Leaf Class (Sigmoid),7,dance_fly,0.9911,0.9739,0.9824
69,Train,Leaf Class (Sigmoid),8,earwig,0.9922,0.9845,0.9883
69,Train,Leaf Class (Sigmoid),9,fever_fly,0.9961,0.9932,0.9946
69,Train,Leaf Class (Sigmoid),10,flesh_fly,0.976,0.9823,0.9791
69,Train,Leaf Class (Sigmoid),11,fly,0.9112,0.8122,0.8589
69,Train,Leaf Class (Sigmoid),12,fruit_fly,0.9921,0.9942,0.9932
69,Train,Leaf Class (Sigmoid),13,hoverfly,0.9892,0.9898,0.9895
69,Train,Leaf Class (Sigmoid),14,ladybug,0.9917,0.9963,0.994
69,Train,Leaf Class (Sigmoid),15,leaf_beetle,0.9951,0.9968,0.9959
69,Train,Leaf Class (Sigmoid),16,midge,0.9987,0.993,0.9958
69,Train,Leaf Class (Sigmoid),17,moth,0.9963,0.9808,0.9885
69,Train,Leaf Class (Sigmoid),18,robber_fly,0.9946,0.9954,0.995
69,Train,Leaf Class (Sigmoid),19,spider,0.9871,0.99,0.9885
69,Train,Leaf Class (Sigmoid),20,wasp,0.971,0.9281,0.949
69,Train,Leaf Class (Sigmoid),21,weevil,0.9979,0.9948,0.9963
69,Test,PF4,0,Arachnida,0.5995,0.8758,0.7118
69,Test,PF4,1,Insecta,0.9971,0.9865,0.9917
69,Test,PF3,0,Araneae,0.623,0.8758,0.7281
69,Test,PF3,1,Coleoptera,0.9223,0.7944,0.8536
69,Test,PF3,2,Dermaptera,0.4138,0.0117,0.0227
69,Test,PF3,3,Diptera,0.9074,0.957,0.9315
69,Test,PF3,4,Hemiptera,0.9378,0.7088,0.8074
69,Test,PF3,5,Hymenoptera,0.8393,0.8317,0.8355
69,Test,PF3,6,Lepidoptera,0.8092,0.6456,0.7182
69,Test,PF3,7,Mecoptera,0.2533,0.3281,0.2859
69,Test,PF3,8,Neuroptera,0.7368,0.5242,0.6126
69,Test,PF3,9,Orthoptera,0.6623,0.9702,0.7872
69,Test,PF3,10,Trichoptera,0.9987,0.9707,0.9845
69,Test,PF2,0,Apocrita,0.8321,0.833,0.8325
69,Test,PF2,1,Arneomorphae,0.6421,0.8758,0.741
69,Test,PF2,2,Brachycera,0.8831,0.9556,0.9179
69,Test,PF2,3,Forficulina,0.2857,0.0078,0.0152
69,Test,PF2,4,Glossata,0.8122,0.6078,0.6953
69,Test,PF2,5,Hemerobiiformia,0.872,0.5065,0.6408
69,Test,PF2,6,Heteroptera,0.9522,0.7065,0.8111
69,Test,PF2,7,Integripalpia,0.9991,0.9629,0.9807
69,Test,PF2,8,Nematocera,0.9543,0.9577,0.956
69,Test,PF2,9,Polyphaga,0.9482,0.791,0.8625
69,Test,PF2,10,Symphyta,0.8998,0.7869,0.8396
69,Test,PF2,11,grasshopper,0.5746,0.983,0.7253
69,Test,PF2,12,scorpion_fly,0.1886,0.0856,0.1178
69,Test,PF1,0,Aculeata,0.8447,0.8535,0.8491
69,Test,PF1,1,Araneomorphae,0.6348,0.8758,0.7361
69,Test,PF1,2,Asilomorpha,0.8199,0.7784,0.7986
69,Test,PF1,3,Bibionomorpha,0.9414,0.8648,0.9015
69,Test,PF1,4,Cucujiformia,0.9324,0.7926,0.8568
69,Test,PF1,5,Culicomorpha,0.9548,0.9932,0.9737
69,Test,PF1,6,Epidermaptera,0.3704,0.0097,0.019
69,Test,PF1,7,Heterocera,0.8025,0.6602,0.7245
69,Test,PF1,8,Muscomorpha,0.8129,0.954,0.8778
69,Test,PF1,9,Parasitica,0.4158,0.6143,0.4959
69,Test,PF1,10,Pentatomomorpha,0.9623,0.7072,0.8153
69,Test,PF1,11,Plenitentoria,0.9965,0.9724,0.9843
69,Test,PF1,12,Rhopalocera,0.7955,0.8966,0.843
69,Test,PF1,13,lacewing,0.7478,0.6058,0.6693
69,Test,PF1,14,saw_fly,0.8993,0.7726,0.8312
69,Test,Leaf Class (Softmax),0,Ichneumonoidea,0.4383,0.6525,0.5243
69,Test,Leaf Class (Softmax),1,Muscoidea,0.35,0.6405,0.4527
69,Test,Leaf Class (Softmax),2,ant,0.8382,0.856,0.847
69,Test,Leaf Class (Softmax),3,ant_beetle,0.8959,0.935,0.915
69,Test,Leaf Class (Softmax),4,bug,0.9706,0.7111,0.8208
69,Test,Leaf Class (Softmax),5,butterfly,0.8368,0.8837,0.8596
69,Test,Leaf Class (Softmax),6,caddisfly,0.9978,0.9707,0.9841
69,Test,Leaf Class (Softmax),7,dance_fly,0.7983,0.6278,0.7028
69,Test,Leaf Class (Softmax),8,earwig,0.2353,0.0039,0.0077
69,Test,Leaf Class (Softmax),9,fever_fly,0.9708,0.8705,0.9179
69,Test,Leaf Class (Softmax),10,flesh_fly,0.7291,0.7665,0.7473
69,Test,Leaf Class (Softmax),11,fly,0.3884,0.4525,0.418
69,Test,Leaf Class (Softmax),12,fruit_fly,0.8153,0.6048,0.6944
69,Test,Leaf Class (Softmax),13,hoverfly,0.8559,0.857,0.8565
69,Test,Leaf Class (Softmax),14,ladybug,0.9061,0.948,0.9266
69,Test,Leaf Class (Softmax),15,leaf_beetle,0.0956,0.0215,0.0351
69,Test,Leaf Class (Softmax),16,midge,0.9541,0.9928,0.973
69,Test,Leaf Class (Softmax),17,moth,0.8738,0.71,0.7834
69,Test,Leaf Class (Softmax),18,robber_fly,0.7955,0.8012,0.7984
69,Test,Leaf Class (Softmax),19,spider,0.647,0.8758,0.7442
69,Test,Leaf Class (Softmax),20,wasp,0.843,0.8216,0.8321
69,Test,Leaf Class (Softmax),21,weevil,0.9532,0.744,0.8357
69,Test,Leaf Class (Sigmoid),0,Ichneumonoidea,0.5,0.6435,0.5627
69,Test,Leaf Class (Sigmoid),1,Muscoidea,0.3974,0.5632,0.466
69,Test,Leaf Class (Sigmoid),2,ant,0.8328,0.8678,0.8499
69,Test,Leaf Class (Sigmoid),3,ant_beetle,0.9116,0.9446,0.9278
69,Test,Leaf Class (Sigmoid),4,bug,0.915,0.7134,0.8017
69,Test,Leaf Class (Sigmoid),5,butterfly,0.8261,0.9034,0.8631
69,Test,Leaf Class (Sigmoid),6,caddisfly,0.9991,0.9655,0.982
69,Test,Leaf Class (Sigmoid),7,dance_fly,0.7476,0.6552,0.6984
69,Test,Leaf Class (Sigmoid),8,earwig,0.2727,0.0058,0.0115
69,Test,Leaf Class (Sigmoid),9,fever_fly,0.9471,0.8875,0.9163
69,Test,Leaf Class (Sigmoid),10,flesh_fly,0.7637,0.7618,0.7627
69,Test,Leaf Class (Sigmoid),11,fly,0.3937,0.5498,0.4588
69,Test,Leaf Class (Sigmoid),12,fruit_fly,0.8511,0.5918,0.6981
69,Test,Leaf Class (Sigmoid),13,hoverfly,0.8553,0.8588,0.857
69,Test,Leaf Class (Sigmoid),14,ladybug,0.9368,0.9442,0.9405
69,Test,Leaf Class (Sigmoid),15,leaf_beetle,0.1111,0.0184,0.0316
69,Test,Leaf Class (Sigmoid),16,midge,0.9433,0.9935,0.9677
69,Test,Leaf Class (Sigmoid),17,moth,0.8434,0.875,0.8589
69,Test,Leaf Class (Sigmoid),18,robber_fly,0.8355,0.7985,0.8166
69,Test,Leaf Class (Sigmoid),19,spider,0.629,0.8758,0.7322
69,Test,Leaf Class (Sigmoid),20,wasp,0.7991,0.829,0.8138
69,Test,Leaf Class (Sigmoid),21,weevil,0.931,0.762,0.8381
70,Train,PF4,0,Arachnida,0.9671,0.9975,0.9821
70,Train,PF4,1,Insecta,1.0,0.9997,0.9998
70,Train,PF3,0,Araneae,0.989,0.99,0.9895
70,Train,PF3,1,Coleoptera,0.9946,0.9945,0.9946
70,Train,PF3,2,Dermaptera,0.9732,0.9837,0.9784
70,Train,PF3,3,Diptera,0.9949,0.9936,0.9942
70,Train,PF3,4,Hemiptera,0.9896,0.9701,0.9798
70,Train,PF3,5,Hymenoptera,0.9876,0.9877,0.9877
70,Train,PF3,6,Lepidoptera,0.986,0.9745,0.9802
70,Train,PF3,7,Mecoptera,0.8484,0.294,0.4366
70,Train,PF3,8,Neuroptera,0.9917,0.9971,0.9944
70,Train,PF3,9,Orthoptera,0.8797,0.9935,0.9332
70,Train,PF3,10,Trichoptera,0.9989,0.9947,0.9968
70,Train,PF2,0,Apocrita,0.9934,0.9875,0.9905
70,Train,PF2,1,Arneomorphae,0.9949,0.981,0.9879
70,Train,PF2,2,Brachycera,0.994,0.9943,0.9941
70,Train,PF2,3,Forficulina,0.9777,0.9837,0.9807
70,Train,PF2,4,Glossata,0.987,0.9642,0.9754
70,Train,PF2,5,Hemerobiiformia,0.9934,0.9963,0.9948
70,Train,PF2,6,Heteroptera,0.9891,0.9712,0.9801
70,Train,PF2,7,Integripalpia,0.9992,0.9928,0.996
70,Train,PF2,8,Nematocera,0.997,0.9899,0.9935
70,Train,PF2,9,Polyphaga,0.9964,0.9933,0.9949
70,Train,PF2,10,Symphyta,0.9702,0.9819,0.976
70,Train,PF2,11,grasshopper,0.8398,0.9967,0.9116
70,Train,PF2,12,scorpion_fly,0.7519,0.079,0.143
70,Train,PF1,0,Aculeata,0.9918,0.9896,0.9907
70,Train,PF1,1,Araneomorphae,0.9925,0.99,0.9913
70,Train,PF1,2,Asilomorpha,0.9943,0.9935,0.9939
70,Train,PF1,3,Bibionomorpha,0.9939,0.9961,0.995
70,Train,PF1,4,Cucujiformia,0.9967,0.9944,0.9956
70,Train,PF1,5,Culicomorpha,0.9987,0.9924,0.9955
70,Train,PF1,6,Epidermaptera,0.9844,0.9806,0.9825
70,Train,PF1,7,Heterocera,0.9939,0.9785,0.9861
70,Train,PF1,8,Muscomorpha,0.9918,0.9963,0.9941
70,Train,PF1,9,Parasitica,0.9867,0.9753,0.9809
70,Train,PF1,10,Pentatomomorpha,0.9919,0.965,0.9783
70,Train,PF1,11,Plenitentoria,0.9981,0.9992,0.9987
70,Train,PF1,12,Rhopalocera,0.9943,0.9919,0.9931
70,Train,PF1,13,lacewing,0.991,0.9975,0.9942
70,Train,PF1,14,saw_fly,0.9796,0.9806,0.9801
70,Train,Leaf Class (Softmax),0,Ichneumonoidea,0.9884,0.9794,0.9839
70,Train,Leaf Class (Softmax),1,Muscoidea,0.8914,0.8722,0.8817
70,Train,Leaf Class (Softmax),2,ant,0.9935,0.9957,0.9946
70,Train,Leaf Class (Softmax),3,ant_beetle,0.9985,0.9959,0.9972
70,Train,Leaf Class (Softmax),4,bug,0.9825,0.9808,0.9817
70,Train,Leaf Class (Softmax),5,butterfly,0.9967,0.9919,0.9943
70,Train,Leaf Class (Softmax),6,caddisfly,0.9992,0.9996,0.9994
70,Train,Leaf Class (Softmax),7,dance_fly,0.9865,0.9812,0.9839
70,Train,Leaf Class (Softmax),8,earwig,0.986,0.9829,0.9845
70,Train,Leaf Class (Softmax),9,fever_fly,0.9968,0.9968,0.9968
70,Train,Leaf Class (Softmax),10,flesh_fly,0.981,0.9802,0.9806
70,Train,Leaf Class (Softmax),11,fly,0.8699,0.8896,0.8796
70,Train,Leaf Class (Softmax),12,fruit_fly,0.9933,0.9936,0.9934
70,Train,Leaf Class (Softmax),13,hoverfly,0.9886,0.9908,0.9897
70,Train,Leaf Class (Softmax),14,ladybug,0.9951,0.9951,0.9951
70,Train,Leaf Class (Softmax),15,leaf_beetle,0.9965,0.9974,0.997
70,Train,Leaf Class (Softmax),16,midge,0.9971,0.9947,0.9959
70,Train,Leaf Class (Softmax),17,moth,0.99,0.9917,0.9909
70,Train,Leaf Class (Softmax),18,robber_fly,0.9965,0.9951,0.9958
70,Train,Leaf Class (Softmax),19,spider,0.992,0.994,0.993
70,Train,Leaf Class (Softmax),20,wasp,0.9655,0.9525,0.9589
70,Train,Leaf Class (Softmax),21,weevil,0.9975,0.9971,0.9973
70,Train,Leaf Class (Sigmoid),0,Ichneumonoidea,0.977,0.9823,0.9797
70,Train,Leaf Class (Sigmoid),1,Muscoidea,0.8257,0.9274,0.8736
70,Train,Leaf Class (Sigmoid),2,ant,0.9934,0.9943,0.9939
70,Train,Leaf Class (Sigmoid),3,ant_beetle,0.9974,0.9955,0.9964
70,Train,Leaf Class (Sigmoid),4,bug,0.9885,0.9662,0.9772
70,Train,Leaf Class (Sigmoid),5,butterfly,0.9975,0.9854,0.9915
70,Train,Leaf Class (Sigmoid),6,caddisfly,0.9981,0.9996,0.9989
70,Train,Leaf Class (Sigmoid),7,dance_fly,0.9952,0.9739,0.9844
70,Train,Leaf Class (Sigmoid),8,earwig,0.9891,0.9814,0.9852
70,Train,Leaf Class (Sigmoid),9,fever_fly,0.9961,0.9943,0.9952
70,Train,Leaf Class (Sigmoid),10,flesh_fly,0.976,0.9815,0.9788
70,Train,Leaf Class (Sigmoid),11,fly,0.9133,0.8106,0.8589
70,Train,Leaf Class (Sigmoid),12,fruit_fly,0.9912,0.9941,0.9926
70,Train,Leaf Class (Sigmoid),13,hoverfly,0.9891,0.9901,0.9896
70,Train,Leaf Class (Sigmoid),14,ladybug,0.9919,0.9959,0.9939
70,Train,Leaf Class (Sigmoid),15,leaf_beetle,0.9946,0.9977,0.9961
70,Train,Leaf Class (Sigmoid),16,midge,0.9989,0.9922,0.9955
70,Train,Leaf Class (Sigmoid),17,moth,0.9959,0.9781,0.9869
70,Train,Leaf Class (Sigmoid),18,robber_fly,0.9944,0.9959,0.9952
70,Train,Leaf Class (Sigmoid),19,spider,0.9905,0.9895,0.99
70,Train,Leaf Class (Sigmoid),20,wasp,0.9678,0.9352,0.9512
70,Train,Leaf Class (Sigmoid),21,weevil,0.9982,0.9958,0.997
70,Test,PF4,0,Arachnida,0.6012,0.8758,0.713
70,Test,PF4,1,Insecta,0.9971,0.9866,0.9918
70,Test,PF3,0,Araneae,0.6161,0.8758,0.7234
70,Test,PF3,1,Coleoptera,0.8822,0.7982,0.8381
70,Test,PF3,2,Dermaptera,0.4651,0.0195,0.0374
70,Test,PF3,3,Diptera,0.9222,0.9439,0.933
70,Test,PF3,4,Hemiptera,0.8671,0.7088,0.78
70,Test,PF3,5,Hymenoptera,0.8017,0.8341,0.8176
70,Test,PF3,6,Lepidoptera,0.7849,0.6007,0.6806
70,Test,PF3,7,Mecoptera,0.2168,0.214,0.2154
70,Test,PF3,8,Neuroptera,0.5591,0.5091,0.5329
70,Test,PF3,9,Orthoptera,0.6529,0.9832,0.7847
70,Test,PF3,10,Trichoptera,0.9978,0.9573,0.9771
70,Test,PF2,0,Apocrita,0.8046,0.8517,0.8275
70,Test,PF2,1,Arneomorphae,0.6238,0.8758,0.7286
70,Test,PF2,2,Brachycera,0.9029,0.9413,0.9217
70,Test,PF2,3,Forficulina,0.3889,0.0136,0.0264
70,Test,PF2,4,Glossata,0.7947,0.6074,0.6885
70,Test,PF2,5,Hemerobiiformia,0.6564,0.4888,0.5604
70,Test,PF2,6,Heteroptera,0.8792,0.7065,0.7834
70,Test,PF2,7,Integripalpia,0.9995,0.922,0.9592
70,Test,PF2,8,Nematocera,0.9664,0.9555,0.9609
70,Test,PF2,9,Polyphaga,0.9073,0.7972,0.8487
70,Test,PF2,10,Symphyta,0.8655,0.7405,0.7981
70,Test,PF2,11,grasshopper,0.5773,0.9888,0.729
70,Test,PF2,12,scorpion_fly,0.1879,0.0765,0.1088
70,Test,PF1,0,Aculeata,0.8171,0.8744,0.8448
70,Test,PF1,1,Araneomorphae,0.6241,0.8758,0.7288
70,Test,PF1,2,Asilomorpha,0.8522,0.7959,0.8231
70,Test,PF1,3,Bibionomorpha,0.9951,0.862,0.9238
70,Test,PF1,4,Cucujiformia,0.9022,0.7989,0.8474
70,Test,PF1,5,Culicomorpha,0.9566,0.992,0.974
70,Test,PF1,6,Epidermaptera,0.3333,0.0088,0.0171
70,Test,PF1,7,Heterocera,0.8224,0.7558,0.7876
70,Test,PF1,8,Muscomorpha,0.8427,0.9379,0.8878
70,Test,PF1,9,Parasitica,0.5153,0.6054,0.5567
70,Test,PF1,10,Pentatomomorpha,0.8696,0.7042,0.7782
70,Test,PF1,11,Plenitentoria,0.9965,0.9741,0.9852
70,Test,PF1,12,Rhopalocera,0.7557,0.8867,0.816
70,Test,PF1,13,lacewing,0.67,0.6199,0.644
70,Test,PF1,14,saw_fly,0.8588,0.7314,0.79
70,Test,Leaf Class (Softmax),0,Ichneumonoidea,0.5221,0.6345,0.5729
70,Test,Leaf Class (Softmax),1,Muscoidea,0.3498,0.5915,0.4397
70,Test,Leaf Class (Softmax),2,ant,0.8375,0.8955,0.8655
70,Test,Leaf Class (Softmax),3,ant_beetle,0.8513,0.9564,0.9008
70,Test,Leaf Class (Softmax),4,bug,0.8847,0.7034,0.7837
70,Test,Leaf Class (Softmax),5,butterfly,0.7869,0.8877,0.8343
70,Test,Leaf Class (Softmax),6,caddisfly,0.9973,0.972,0.9845
70,Test,Leaf Class (Softmax),7,dance_fly,0.8107,0.6499,0.7214
70,Test,Leaf Class (Softmax),8,earwig,0.1818,0.0019,0.0039
70,Test,Leaf Class (Softmax),9,fever_fly,0.995,0.85,0.9168
70,Test,Leaf Class (Softmax),10,flesh_fly,0.7888,0.7115,0.7482
70,Test,Leaf Class (Softmax),11,fly,0.4015,0.5062,0.4478
70,Test,Leaf Class (Softmax),12,fruit_fly,0.8656,0.6008,0.7093
70,Test,Leaf Class (Softmax),13,hoverfly,0.8404,0.869,0.8545
70,Test,Leaf Class (Softmax),14,ladybug,0.8627,0.95,0.9042
70,Test,Leaf Class (Softmax),15,leaf_beetle,0.1006,0.0246,0.0395
70,Test,Leaf Class (Softmax),16,midge,0.9596,0.9912,0.9752
70,Test,Leaf Class (Softmax),17,moth,0.878,0.7715,0.8213
70,Test,Leaf Class (Softmax),18,robber_fly,0.8586,0.823,0.8404
70,Test,Leaf Class (Softmax),19,spider,0.6303,0.8758,0.7331
70,Test,Leaf Class (Softmax),20,wasp,0.8406,0.8193,0.8298
70,Test,Leaf Class (Softmax),21,weevil,0.9048,0.7505,0.8204
70,Test,Leaf Class (Sigmoid),0,Ichneumonoidea,0.5821,0.6121,0.5967
70,Test,Leaf Class (Sigmoid),1,Muscoidea,0.3721,0.5275,0.4364
70,Test,Leaf Class (Sigmoid),2,ant,0.8233,0.8995,0.8597
70,Test,Leaf Class (Sigmoid),3,ant_beetle,0.8675,0.9579,0.9104
70,Test,Leaf Class (Sigmoid),4,bug,0.8168,0.7111,0.7603
70,Test,Leaf Class (Sigmoid),5,butterfly,0.7845,0.9005,0.8385
70,Test,Leaf Class (Sigmoid),6,caddisfly,0.9987,0.9724,0.9854
70,Test,Leaf Class (Sigmoid),7,dance_fly,0.7443,0.6705,0.7055
70,Test,Leaf Class (Sigmoid),8,earwig,0.1053,0.0019,0.0038
70,Test,Leaf Class (Sigmoid),9,fever_fly,0.9942,0.8549,0.9193
70,Test,Leaf Class (Sigmoid),10,flesh_fly,0.8208,0.711,0.762
70,Test,Leaf Class (Sigmoid),11,fly,0.4048,0.5835,0.478
70,Test,Leaf Class (Sigmoid),12,fruit_fly,0.8916,0.5903,0.7103
70,Test,Leaf Class (Sigmoid),13,hoverfly,0.8299,0.8795,0.854
70,Test,Leaf Class (Sigmoid),14,ladybug,0.9372,0.947,0.9421
70,Test,Leaf Class (Sigmoid),15,leaf_beetle,0.0778,0.0154,0.0257
70,Test,Leaf Class (Sigmoid),16,midge,0.9562,0.993,0.9742
70,Test,Leaf Class (Sigmoid),17,moth,0.8519,0.8542,0.8531
70,Test,Leaf Class (Sigmoid),18,robber_fly,0.8753,0.811,0.8419
70,Test,Leaf Class (Sigmoid),19,spider,0.6187,0.8758,0.7252
70,Test,Leaf Class (Sigmoid),20,wasp,0.8046,0.822,0.8132
70,Test,Leaf Class (Sigmoid),21,weevil,0.8705,0.7595,0.8112
71,Train,PF4,0,Arachnida,0.9614,0.995,0.9779
71,Train,PF4,1,Insecta,1.0,0.9997,0.9998
71,Train,PF3,0,Araneae,0.991,0.9905,0.9908
71,Train,PF3,1,Coleoptera,0.9944,0.9951,0.9947
71,Train,PF3,2,Dermaptera,0.9741,0.9899,0.9819
71,Train,PF3,3,Diptera,0.9952,0.9938,0.9945
71,Train,PF3,4,Hemiptera,0.9885,0.9684,0.9783
71,Train,PF3,5,Hymenoptera,0.9889,0.9881,0.9885
71,Train,PF3,6,Lepidoptera,0.9857,0.9745,0.98
71,Train,PF3,7,Mecoptera,0.831,0.2643,0.401
71,Train,PF3,8,Neuroptera,0.9926,0.9981,0.9953
71,Train,PF3,9,Orthoptera,0.8769,0.9939,0.9317
71,Train,PF3,10,Trichoptera,0.9985,0.9974,0.9979
71,Train,PF2,0,Apocrita,0.9943,0.987,0.9906
71,Train,PF2,1,Arneomorphae,0.9939,0.981,0.9874
71,Train,PF2,2,Brachycera,0.9945,0.9942,0.9944
71,Train,PF2,3,Forficulina,0.9748,0.9884,0.9815
71,Train,PF2,4,Glossata,0.9876,0.9671,0.9773
71,Train,PF2,5,Hemerobiiformia,0.994,0.9976,0.9958
71,Train,PF2,6,Heteroptera,0.9897,0.9752,0.9824
71,Train,PF2,7,Integripalpia,0.9989,0.9955,0.9972
71,Train,PF2,8,Nematocera,0.9978,0.9917,0.9947
71,Train,PF2,9,Polyphaga,0.996,0.9939,0.995
71,Train,PF2,10,Symphyta,0.9725,0.9854,0.9789
71,Train,PF2,11,grasshopper,0.8398,0.997,0.9117
71,Train,PF2,12,scorpion_fly,0.6795,0.0647,0.1182
71,Train,PF1,0,Aculeata,0.9927,0.9893,0.991
71,Train,PF1,1,Araneomorphae,0.992,0.9915,0.9918
71,Train,PF1,2,Asilomorpha,0.9941,0.9943,0.9942
71,Train,PF1,3,Bibionomorpha,0.9964,0.9964,0.9964
71,Train,PF1,4,Cucujiformia,0.9971,0.9951,0.9961
71,Train,PF1,5,Culicomorpha,0.9994,0.9935,0.9965
71,Train,PF1,6,Epidermaptera,0.9845,0.9845,0.9845
71,Train,PF1,7,Heterocera,0.9948,0.9796,0.9872
71,Train,PF1,8,Muscomorpha,0.9926,0.9967,0.9946
71,Train,PF1,9,Parasitica,0.9793,0.9749,0.9771
71,Train,PF1,10,Pentatomomorpha,0.996,0.9712,0.9834
71,Train,PF1,11,Plenitentoria,0.9985,0.9992,0.9989
71,Train,PF1,12,Rhopalocera,0.9902,0.9854,0.9878
71,Train,PF1,13,lacewing,0.9919,0.9989,0.9954
71,Train,PF1,14,saw_fly,0.9837,0.9849,0.9843
71,Train,Leaf Class (Softmax),0,Ichneumonoidea,0.9814,0.9786,0.98
71,Train,Leaf Class (Softmax),1,Muscoidea,0.893,0.8724,0.8826
71,Train,Leaf Class (Softmax),2,ant,0.9931,0.9956,0.9944
71,Train,Leaf Class (Softmax),3,ant_beetle,0.9978,0.9978,0.9978
71,Train,Leaf Class (Softmax),4,bug,0.9848,0.9842,0.9845
71,Train,Leaf Class (Softmax),5,butterfly,0.9919,0.9854,0.9886
71,Train,Leaf Class (Softmax),6,caddisfly,0.9996,0.9989,0.9992
71,Train,Leaf Class (Softmax),7,dance_fly,0.9872,0.9826,0.9849
71,Train,Leaf Class (Softmax),8,earwig,0.9922,0.9891,0.9907
71,Train,Leaf Class (Softmax),9,fever_fly,0.9964,0.9961,0.9963
71,Train,Leaf Class (Softmax),10,flesh_fly,0.9799,0.9807,0.9803
71,Train,Leaf Class (Softmax),11,fly,0.8707,0.8912,0.8808
71,Train,Leaf Class (Softmax),12,fruit_fly,0.9938,0.9943,0.9941
71,Train,Leaf Class (Softmax),13,hoverfly,0.9901,0.9922,0.9912
71,Train,Leaf Class (Softmax),14,ladybug,0.9955,0.9953,0.9954
71,Train,Leaf Class (Softmax),15,leaf_beetle,0.9975,0.9979,0.9977
71,Train,Leaf Class (Softmax),16,midge,0.9975,0.9956,0.9966
71,Train,Leaf Class (Softmax),17,moth,0.9923,0.9917,0.992
71,Train,Leaf Class (Softmax),18,robber_fly,0.9964,0.9956,0.996
71,Train,Leaf Class (Softmax),19,spider,0.9876,0.9935,0.9905
71,Train,Leaf Class (Softmax),20,wasp,0.9679,0.9512,0.9595
71,Train,Leaf Class (Softmax),21,weevil,0.9977,0.9963,0.997
71,Train,Leaf Class (Sigmoid),0,Ichneumonoidea,0.9739,0.9843,0.9791
71,Train,Leaf Class (Sigmoid),1,Muscoidea,0.8297,0.9257,0.8751
71,Train,Leaf Class (Sigmoid),2,ant,0.9938,0.9941,0.9939
71,Train,Leaf Class (Sigmoid),3,ant_beetle,0.997,0.9959,0.9964
71,Train,Leaf Class (Sigmoid),4,bug,0.9936,0.9695,0.9814
71,Train,Leaf Class (Sigmoid),5,butterfly,0.9926,0.9814,0.987
71,Train,Leaf Class (Sigmoid),6,caddisfly,0.9992,0.9981,0.9987
71,Train,Leaf Class (Sigmoid),7,dance_fly,0.9925,0.9772,0.9848
71,Train,Leaf Class (Sigmoid),8,earwig,0.993,0.986,0.9895
71,Train,Leaf Class (Sigmoid),9,fever_fly,0.9961,0.995,0.9955
71,Train,Leaf Class (Sigmoid),10,flesh_fly,0.9756,0.9814,0.9785
71,Train,Leaf Class (Sigmoid),11,fly,0.9136,0.8153,0.8617
71,Train,Leaf Class (Sigmoid),12,fruit_fly,0.9925,0.9944,0.9934
71,Train,Leaf Class (Sigmoid),13,hoverfly,0.9894,0.9906,0.99
71,Train,Leaf Class (Sigmoid),14,ladybug,0.991,0.9967,0.9938
71,Train,Leaf Class (Sigmoid),15,leaf_beetle,0.9954,0.9975,0.9964
71,Train,Leaf Class (Sigmoid),16,midge,0.9998,0.9928,0.9963
71,Train,Leaf Class (Sigmoid),17,moth,0.9966,0.982,0.9893
71,Train,Leaf Class (Sigmoid),18,robber_fly,0.9952,0.9956,0.9954
71,Train,Leaf Class (Sigmoid),19,spider,0.9866,0.9915,0.989
71,Train,Leaf Class (Sigmoid),20,wasp,0.9669,0.9348,0.9506
71,Train,Leaf Class (Sigmoid),21,weevil,0.9983,0.995,0.9967
71,Test,PF4,0,Arachnida,0.6188,0.8752,0.725
71,Test,PF4,1,Insecta,0.9971,0.9875,0.9923
71,Test,PF3,0,Araneae,0.6376,0.8716,0.7364
71,Test,PF3,1,Coleoptera,0.8842,0.825,0.8536
71,Test,PF3,2,Dermaptera,0.6984,0.0429,0.0808
71,Test,PF3,3,Diptera,0.9215,0.9512,0.9361
71,Test,PF3,4,Hemiptera,0.8024,0.7103,0.7536
71,Test,PF3,5,Hymenoptera,0.8335,0.8127,0.823
71,Test,PF3,6,Lepidoptera,0.7728,0.6597,0.7118
71,Test,PF3,7,Mecoptera,0.2146,0.332,0.2607
71,Test,PF3,8,Neuroptera,0.787,0.4899,0.6038
71,Test,PF3,9,Orthoptera,0.6747,0.9618,0.793
71,Test,PF3,10,Trichoptera,0.9981,0.8935,0.9429
71,Test,PF2,0,Apocrita,0.8354,0.8292,0.8323
71,Test,PF2,1,Arneomorphae,0.6715,0.8692,0.7577
71,Test,PF2,2,Brachycera,0.9033,0.9482,0.9252
71,Test,PF2,3,Forficulina,0.6429,0.0351,0.0665
71,Test,PF2,4,Glossata,0.7882,0.6471,0.7107
71,Test,PF2,5,Hemerobiiformia,0.8195,0.4841,0.6087
71,Test,PF2,6,Heteroptera,0.8391,0.7072,0.7676
71,Test,PF2,7,Integripalpia,0.998,0.8539,0.9203
71,Test,PF2,8,Nematocera,0.9688,0.9691,0.969
71,Test,PF2,9,Polyphaga,0.9131,0.8254,0.867
71,Test,PF2,10,Symphyta,0.885,0.7228,0.7957
71,Test,PF2,11,grasshopper,0.5602,0.9785,0.7125
71,Test,PF2,12,scorpion_fly,0.1812,0.0973,0.1266
71,Test,PF1,0,Aculeata,0.8551,0.8478,0.8514
71,Test,PF1,1,Araneomorphae,0.6583,0.8704,0.7496
71,Test,PF1,2,Asilomorpha,0.836,0.7739,0.8038
71,Test,PF1,3,Bibionomorpha,0.99,0.9151,0.9511
71,Test,PF1,4,Cucujiformia,0.9038,0.8241,0.8621
71,Test,PF1,5,Culicomorpha,0.9514,0.9928,0.9716
71,Test,PF1,6,Epidermaptera,0.7021,0.0322,0.0615
71,Test,PF1,7,Heterocera,0.7681,0.8452,0.8048
71,Test,PF1,8,Muscomorpha,0.8499,0.9378,0.8917
71,Test,PF1,9,Parasitica,0.4567,0.6502,0.5365
71,Test,PF1,10,Pentatomomorpha,0.8317,0.708,0.7649
71,Test,PF1,11,Plenitentoria,0.9982,0.9746,0.9863
71,Test,PF1,12,Rhopalocera,0.7549,0.9192,0.829
71,Test,PF1,13,lacewing,0.7979,0.5585,0.6571
71,Test,PF1,14,saw_fly,0.8726,0.7176,0.7876
71,Test,Leaf Class (Softmax),0,Ichneumonoidea,0.4602,0.713,0.5594
71,Test,Leaf Class (Softmax),1,Muscoidea,0.3687,0.6135,0.4606
71,Test,Leaf Class (Softmax),2,ant,0.8909,0.8392,0.8643
71,Test,Leaf Class (Softmax),3,ant_beetle,0.9068,0.9424,0.9242
71,Test,Leaf Class (Softmax),4,bug,0.8607,0.7096,0.7779
71,Test,Leaf Class (Softmax),5,butterfly,0.7498,0.9094,0.8219
71,Test,Leaf Class (Softmax),6,caddisfly,0.9991,0.9707,0.9847
71,Test,Leaf Class (Softmax),7,dance_fly,0.8769,0.5812,0.6991
71,Test,Leaf Class (Softmax),8,earwig,0.6071,0.0166,0.0323
71,Test,Leaf Class (Softmax),9,fever_fly,0.9846,0.9073,0.9444
71,Test,Leaf Class (Softmax),10,flesh_fly,0.8186,0.7692,0.7931
71,Test,Leaf Class (Softmax),11,fly,0.3846,0.4768,0.4258
71,Test,Leaf Class (Softmax),12,fruit_fly,0.898,0.6072,0.7245
71,Test,Leaf Class (Softmax),13,hoverfly,0.8628,0.8238,0.8428
71,Test,Leaf Class (Softmax),14,ladybug,0.8962,0.9522,0.9234
71,Test,Leaf Class (Softmax),15,leaf_beetle,0.0763,0.0215,0.0336
71,Test,Leaf Class (Softmax),16,midge,0.9496,0.993,0.9708
71,Test,Leaf Class (Softmax),17,moth,0.8531,0.881,0.8668
71,Test,Leaf Class (Softmax),18,robber_fly,0.8211,0.8275,0.8243
71,Test,Leaf Class (Softmax),19,spider,0.6644,0.8704,0.7535
71,Test,Leaf Class (Softmax),20,wasp,0.8435,0.8225,0.8329
71,Test,Leaf Class (Softmax),21,weevil,0.8805,0.781,0.8278
71,Test,Leaf Class (Sigmoid),0,Ichneumonoidea,0.4968,0.704,0.5826
71,Test,Leaf Class (Sigmoid),1,Muscoidea,0.4008,0.5395,0.4599
71,Test,Leaf Class (Sigmoid),2,ant,0.8777,0.8488,0.863
71,Test,Leaf Class (Sigmoid),3,ant_beetle,0.9247,0.9527,0.9385
71,Test,Leaf Class (Sigmoid),4,bug,0.8031,0.7134,0.7556
71,Test,Leaf Class (Sigmoid),5,butterfly,0.7819,0.9291,0.8492
71,Test,Leaf Class (Sigmoid),6,caddisfly,0.9987,0.9694,0.9838
71,Test,Leaf Class (Sigmoid),7,dance_fly,0.8546,0.5965,0.7026
71,Test,Leaf Class (Sigmoid),8,earwig,0.6471,0.0214,0.0415
71,Test,Leaf Class (Sigmoid),9,fever_fly,0.9732,0.8995,0.9349
71,Test,Leaf Class (Sigmoid),10,flesh_fly,0.8454,0.7682,0.805
71,Test,Leaf Class (Sigmoid),11,fly,0.3872,0.5688,0.4607
71,Test,Leaf Class (Sigmoid),12,fruit_fly,0.9223,0.5903,0.7198
71,Test,Leaf Class (Sigmoid),13,hoverfly,0.8605,0.8125,0.8358
71,Test,Leaf Class (Sigmoid),14,ladybug,0.9401,0.9455,0.9428
71,Test,Leaf Class (Sigmoid),15,leaf_beetle,0.0772,0.0177,0.0288
71,Test,Leaf Class (Sigmoid),16,midge,0.9428,0.9932,0.9674
71,Test,Leaf Class (Sigmoid),17,moth,0.7955,0.9022,0.8455
71,Test,Leaf Class (Sigmoid),18,robber_fly,0.836,0.827,0.8315
71,Test,Leaf Class (Sigmoid),19,spider,0.6495,0.8698,0.7437
71,Test,Leaf Class (Sigmoid),20,wasp,0.8001,0.8377,0.8185
71,Test,Leaf Class (Sigmoid),21,weevil,0.8313,0.7897,0.81
72,Train,PF4,0,Arachnida,0.9704,0.9975,0.9838
72,Train,PF4,1,Insecta,1.0,0.9997,0.9999
72,Train,PF3,0,Araneae,0.9905,0.9895,0.99
72,Train,PF3,1,Coleoptera,0.9945,0.9946,0.9945
72,Train,PF3,2,Dermaptera,0.974,0.9884,0.9811
72,Train,PF3,3,Diptera,0.9949,0.9942,0.9945
72,Train,PF3,4,Hemiptera,0.9873,0.9678,0.9775
72,Train,PF3,5,Hymenoptera,0.9884,0.9868,0.9876
72,Train,PF3,6,Lepidoptera,0.9874,0.9758,0.9816
72,Train,PF3,7,Mecoptera,0.8825,0.3119,0.4609
72,Train,PF3,8,Neuroptera,0.9927,0.998,0.9953
72,Train,PF3,9,Orthoptera,0.8827,0.994,0.935
72,Train,PF3,10,Trichoptera,0.9989,0.9962,0.9975
72,Train,PF2,0,Apocrita,0.9938,0.9869,0.9903
72,Train,PF2,1,Arneomorphae,0.9949,0.9741,0.9844
72,Train,PF2,2,Brachycera,0.9943,0.9944,0.9944
72,Train,PF2,3,Forficulina,0.9777,0.9853,0.9815
72,Train,PF2,4,Glossata,0.9873,0.9672,0.9771
72,Train,PF2,5,Hemerobiiformia,0.9949,0.9972,0.9961
72,Train,PF2,6,Heteroptera,0.9896,0.9695,0.9795
72,Train,PF2,7,Integripalpia,0.9992,0.9905,0.9949
72,Train,PF2,8,Nematocera,0.9978,0.9921,0.9949
72,Train,PF2,9,Polyphaga,0.9963,0.9941,0.9952
72,Train,PF2,10,Symphyta,0.9682,0.9798,0.974
72,Train,PF2,11,grasshopper,0.8401,0.9966,0.9117
72,Train,PF2,12,scorpion_fly,0.7611,0.0765,0.1391
72,Train,PF1,0,Aculeata,0.9935,0.9897,0.9916
72,Train,PF1,1,Araneomorphae,0.993,0.988,0.9905
72,Train,PF1,2,Asilomorpha,0.9938,0.9949,0.9943
72,Train,PF1,3,Bibionomorpha,0.9957,0.9979,0.9968
72,Train,PF1,4,Cucujiformia,0.9971,0.9955,0.9963
72,Train,PF1,5,Culicomorpha,0.9992,0.9937,0.9965
72,Train,PF1,6,Epidermaptera,0.9807,0.986,0.9834
72,Train,PF1,7,Heterocera,0.9955,0.9802,0.9878
72,Train,PF1,8,Muscomorpha,0.9926,0.9964,0.9945
72,Train,PF1,9,Parasitica,0.9843,0.9823,0.9833
72,Train,PF1,10,Pentatomomorpha,0.9931,0.9684,0.9806
72,Train,PF1,11,Plenitentoria,0.9985,0.9989,0.9987
72,Train,PF1,12,Rhopalocera,0.9911,0.9887,0.9899
72,Train,PF1,13,lacewing,0.9919,0.9982,0.9951
72,Train,PF1,14,saw_fly,0.9793,0.9793,0.9793
72,Train,Leaf Class (Softmax),0,Ichneumonoidea,0.988,0.9856,0.9868
72,Train,Leaf Class (Softmax),1,Muscoidea,0.8941,0.8761,0.885
72,Train,Leaf Class (Softmax),2,ant,0.9948,0.9967,0.9958
72,Train,Leaf Class (Softmax),3,ant_beetle,0.9985,0.9963,0.9974
72,Train,Leaf Class (Softmax),4,bug,0.9859,0.9831,0.9845
72,Train,Leaf Class (Softmax),5,butterfly,0.9943,0.9895,0.9919
72,Train,Leaf Class (Softmax),6,caddisfly,0.9992,0.9985,0.9989
72,Train,Leaf Class (Softmax),7,dance_fly,0.9893,0.9866,0.9879
72,Train,Leaf Class (Softmax),8,earwig,0.9922,0.9915,0.9919
72,Train,Leaf Class (Softmax),9,fever_fly,0.9971,0.9982,0.9977
72,Train,Leaf Class (Softmax),10,flesh_fly,0.9811,0.982,0.9816
72,Train,Leaf Class (Softmax),11,fly,0.8729,0.8915,0.8821
72,Train,Leaf Class (Softmax),12,fruit_fly,0.9939,0.9935,0.9937
72,Train,Leaf Class (Softmax),13,hoverfly,0.9889,0.9907,0.9898
72,Train,Leaf Class (Softmax),14,ladybug,0.9956,0.9962,0.9959
72,Train,Leaf Class (Softmax),15,leaf_beetle,0.9971,0.9975,0.9973
72,Train,Leaf Class (Softmax),16,midge,0.9977,0.9949,0.9963
72,Train,Leaf Class (Softmax),17,moth,0.992,0.9911,0.9916
72,Train,Leaf Class (Softmax),18,robber_fly,0.9963,0.996,0.9962
72,Train,Leaf Class (Softmax),19,spider,0.9915,0.9925,0.992
72,Train,Leaf Class (Softmax),20,wasp,0.9667,0.9529,0.9597
72,Train,Leaf Class (Softmax),21,weevil,0.998,0.9972,0.9976
72,Train,Leaf Class (Sigmoid),0,Ichneumonoidea,0.9796,0.9889,0.9842
72,Train,Leaf Class (Sigmoid),1,Muscoidea,0.8316,0.9313,0.8786
72,Train,Leaf Class (Sigmoid),2,ant,0.995,0.9954,0.9952
72,Train,Leaf Class (Sigmoid),3,ant_beetle,0.9974,0.9948,0.9961
72,Train,Leaf Class (Sigmoid),4,bug,0.9936,0.9667,0.98
72,Train,Leaf Class (Sigmoid),5,butterfly,0.9926,0.9822,0.9874
72,Train,Leaf Class (Sigmoid),6,caddisfly,0.9989,0.9974,0.9981
72,Train,Leaf Class (Sigmoid),7,dance_fly,0.9925,0.9799,0.9862
72,Train,Leaf Class (Sigmoid),8,earwig,0.9961,0.9891,0.9926
72,Train,Leaf Class (Sigmoid),9,fever_fly,0.9961,0.9971,0.9966
72,Train,Leaf Class (Sigmoid),10,flesh_fly,0.9764,0.9847,0.9805
72,Train,Leaf Class (Sigmoid),11,fly,0.917,0.8139,0.8624
72,Train,Leaf Class (Sigmoid),12,fruit_fly,0.992,0.9938,0.9929
72,Train,Leaf Class (Sigmoid),13,hoverfly,0.988,0.9904,0.9892
72,Train,Leaf Class (Sigmoid),14,ladybug,0.9925,0.997,0.9947
72,Train,Leaf Class (Sigmoid),15,leaf_beetle,0.9953,0.9978,0.9965
72,Train,Leaf Class (Sigmoid),16,midge,0.9994,0.993,0.9962
72,Train,Leaf Class (Sigmoid),17,moth,0.9966,0.9803,0.9884
72,Train,Leaf Class (Sigmoid),18,robber_fly,0.9952,0.9962,0.9957
72,Train,Leaf Class (Sigmoid),19,spider,0.9876,0.991,0.9893
72,Train,Leaf Class (Sigmoid),20,wasp,0.9732,0.9327,0.9525
72,Train,Leaf Class (Sigmoid),21,weevil,0.9981,0.9956,0.9968
72,Test,PF4,0,Arachnida,0.7054,0.8758,0.7814
72,Test,PF4,1,Insecta,0.9971,0.9915,0.9943
72,Test,PF3,0,Araneae,0.7208,0.8758,0.7908
72,Test,PF3,1,Coleoptera,0.9081,0.7977,0.8493
72,Test,PF3,2,Dermaptera,0.8593,0.1131,0.1998
72,Test,PF3,3,Diptera,0.9049,0.9607,0.932
72,Test,PF3,4,Hemiptera,0.9548,0.7003,0.808
72,Test,PF3,5,Hymenoptera,0.8586,0.7913,0.8236
72,Test,PF3,6,Lepidoptera,0.7409,0.6271,0.6793
72,Test,PF3,7,Mecoptera,0.1848,0.3528,0.2425
72,Test,PF3,8,Neuroptera,0.665,0.5491,0.6015
72,Test,PF3,9,Orthoptera,0.7344,0.9698,0.8358
72,Test,PF3,10,Trichoptera,0.9991,0.9681,0.9834
72,Test,PF2,0,Apocrita,0.8719,0.8068,0.8381
72,Test,PF2,1,Arneomorphae,0.7796,0.874,0.8241
72,Test,PF2,2,Brachycera,0.8755,0.9586,0.9152
72,Test,PF2,3,Forficulina,0.8403,0.0975,0.1747
72,Test,PF2,4,Glossata,0.7572,0.5964,0.6673
72,Test,PF2,5,Hemerobiiformia,0.7758,0.5273,0.6279
72,Test,PF2,6,Heteroptera,0.9505,0.6957,0.8034
72,Test,PF2,7,Integripalpia,0.9991,0.9586,0.9784
72,Test,PF2,8,Nematocera,0.9596,0.957,0.9583
72,Test,PF2,9,Polyphaga,0.9259,0.7945,0.8552
72,Test,PF2,10,Symphyta,0.8754,0.7039,0.7803
72,Test,PF2,11,grasshopper,0.5803,0.9852,0.7304
72,Test,PF2,12,scorpion_fly,0.1855,0.0895,0.1207
72,Test,PF1,0,Aculeata,0.88,0.8489,0.8642
72,Test,PF1,1,Araneomorphae,0.7734,0.8746,0.8209
72,Test,PF1,2,Asilomorpha,0.8493,0.7437,0.793
72,Test,PF1,3,Bibionomorpha,0.9975,0.8627,0.9252
72,Test,PF1,4,Cucujiformia,0.9232,0.794,0.8537
72,Test,PF1,5,Culicomorpha,0.9493,0.993,0.9707
72,Test,PF1,6,Epidermaptera,0.8601,0.1199,0.2104
72,Test,PF1,7,Heterocera,0.7885,0.657,0.7168
72,Test,PF1,8,Muscomorpha,0.783,0.9527,0.8595
72,Test,PF1,9,Parasitica,0.5516,0.6233,0.5853
72,Test,PF1,10,Pentatomomorpha,0.9444,0.6934,0.7996
72,Test,PF1,11,Plenitentoria,0.9987,0.9625,0.9802
72,Test,PF1,12,Rhopalocera,0.807,0.9143,0.8573
72,Test,PF1,13,lacewing,0.6631,0.6365,0.6495
72,Test,PF1,14,saw_fly,0.8717,0.6924,0.7718
72,Test,Leaf Class (Softmax),0,Ichneumonoidea,0.4975,0.6794,0.5744
72,Test,Leaf Class (Softmax),1,Muscoidea,0.3574,0.6228,0.4541
72,Test,Leaf Class (Softmax),2,ant,0.8886,0.8295,0.858
72,Test,Leaf Class (Softmax),3,ant_beetle,0.9063,0.8936,0.8999
72,Test,Leaf Class (Softmax),4,bug,0.9526,0.6965,0.8046
72,Test,Leaf Class (Softmax),5,butterfly,0.7968,0.8966,0.8438
72,Test,Leaf Class (Softmax),6,caddisfly,0.9978,0.9625,0.9798
72,Test,Leaf Class (Softmax),7,dance_fly,0.89,0.611,0.7246
72,Test,Leaf Class (Softmax),8,earwig,0.8679,0.0448,0.0853
72,Test,Leaf Class (Softmax),9,fever_fly,0.9983,0.8563,0.9219
72,Test,Leaf Class (Softmax),10,flesh_fly,0.7193,0.765,0.7415
72,Test,Leaf Class (Softmax),11,fly,0.3562,0.4578,0.4006
72,Test,Leaf Class (Softmax),12,fruit_fly,0.7372,0.6355,0.6826
72,Test,Leaf Class (Softmax),13,hoverfly,0.8298,0.8445,0.8371
72,Test,Leaf Class (Softmax),14,ladybug,0.9017,0.9472,0.9239
72,Test,Leaf Class (Softmax),15,leaf_beetle,0.1207,0.0269,0.044
72,Test,Leaf Class (Softmax),16,midge,0.9436,0.9918,0.9671
72,Test,Leaf Class (Softmax),17,moth,0.8571,0.8278,0.8422
72,Test,Leaf Class (Softmax),18,robber_fly,0.8399,0.767,0.8018
72,Test,Leaf Class (Softmax),19,spider,0.7971,0.8734,0.8335
72,Test,Leaf Class (Softmax),20,wasp,0.8257,0.8188,0.8222
72,Test,Leaf Class (Softmax),21,weevil,0.9041,0.6952,0.786
72,Test,Leaf Class (Sigmoid),0,Ichneumonoidea,0.5868,0.6592,0.6209
72,Test,Leaf Class (Sigmoid),1,Muscoidea,0.3838,0.5198,0.4415
72,Test,Leaf Class (Sigmoid),2,ant,0.8854,0.8302,0.8569
72,Test,Leaf Class (Sigmoid),3,ant_beetle,0.9253,0.8973,0.9111
72,Test,Leaf Class (Sigmoid),4,bug,0.9103,0.7034,0.7936
72,Test,Leaf Class (Sigmoid),5,butterfly,0.816,0.9133,0.8619
72,Test,Leaf Class (Sigmoid),6,caddisfly,0.9991,0.9539,0.976
72,Test,Leaf Class (Sigmoid),7,dance_fly,0.8618,0.6232,0.7233
72,Test,Leaf Class (Sigmoid),8,earwig,0.9136,0.0721,0.1337
72,Test,Leaf Class (Sigmoid),9,fever_fly,0.9976,0.8691,0.9289
72,Test,Leaf Class (Sigmoid),10,flesh_fly,0.7536,0.7552,0.7544
72,Test,Leaf Class (Sigmoid),11,fly,0.3601,0.596,0.449
72,Test,Leaf Class (Sigmoid),12,fruit_fly,0.8221,0.6228,0.7087
72,Test,Leaf Class (Sigmoid),13,hoverfly,0.8362,0.8385,0.8373
72,Test,Leaf Class (Sigmoid),14,ladybug,0.9373,0.9425,0.9399
72,Test,Leaf Class (Sigmoid),15,leaf_beetle,0.1319,0.0184,0.0324
72,Test,Leaf Class (Sigmoid),16,midge,0.9298,0.9932,0.9605
72,Test,Leaf Class (Sigmoid),17,moth,0.7958,0.8702,0.8314
72,Test,Leaf Class (Sigmoid),18,robber_fly,0.8543,0.7708,0.8104
72,Test,Leaf Class (Sigmoid),19,spider,0.7715,0.8752,0.8201
72,Test,Leaf Class (Sigmoid),20,wasp,0.7851,0.8303,0.8071
72,Test,Leaf Class (Sigmoid),21,weevil,0.8836,0.7535,0.8134
73,Train,PF4,0,Arachnida,0.9666,0.9955,0.9808
73,Train,PF4,1,Insecta,1.0,0.9997,0.9998
73,Train,PF3,0,Araneae,0.9881,0.9925,0.9903
73,Train,PF3,1,Coleoptera,0.9945,0.9949,0.9947
73,Train,PF3,2,Dermaptera,0.9747,0.9845,0.9796
73,Train,PF3,3,Diptera,0.9958,0.9939,0.9949
73,Train,PF3,4,Hemiptera,0.9902,0.9707,0.9803
73,Train,PF3,5,Hymenoptera,0.9892,0.9892,0.9892
73,Train,PF3,6,Lepidoptera,0.9864,0.9775,0.9819
73,Train,PF3,7,Mecoptera,0.8561,0.298,0.4422
73,Train,PF3,8,Neuroptera,0.9911,0.9974,0.9942
73,Train,PF3,9,Orthoptera,0.8802,0.9938,0.9336
73,Train,PF3,10,Trichoptera,1.0,0.9962,0.9981
73,Train,PF2,0,Apocrita,0.9937,0.9881,0.9909
73,Train,PF2,1,Arneomorphae,0.9934,0.9795,0.9864
73,Train,PF2,2,Brachycera,0.995,0.9945,0.9947
73,Train,PF2,3,Forficulina,0.9731,0.9814,0.9772
73,Train,PF2,4,Glossata,0.989,0.9688,0.9788
73,Train,PF2,5,Hemerobiiformia,0.9932,0.9968,0.995
73,Train,PF2,6,Heteroptera,0.9914,0.9752,0.9832
73,Train,PF2,7,Integripalpia,1.0,0.9966,0.9983
73,Train,PF2,8,Nematocera,0.9976,0.9906,0.9941
73,Train,PF2,9,Polyphaga,0.9963,0.9939,0.9951
73,Train,PF2,10,Symphyta,0.975,0.9857,0.9803
73,Train,PF2,11,grasshopper,0.8385,0.9971,0.911
73,Train,PF2,12,scorpion_fly,0.6818,0.0611,0.1121
73,Train,PF1,0,Aculeata,0.9931,0.9906,0.9919
73,Train,PF1,1,Araneomorphae,0.9935,0.991,0.9923
73,Train,PF1,2,Asilomorpha,0.9949,0.9939,0.9944
73,Train,PF1,3,Bibionomorpha,0.9954,0.9943,0.9948
73,Train,PF1,4,Cucujiformia,0.9976,0.995,0.9963
73,Train,PF1,5,Culicomorpha,0.9987,0.9926,0.9956
73,Train,PF1,6,Epidermaptera,0.9822,0.9829,0.9826
73,Train,PF1,7,Heterocera,0.995,0.9802,0.9875
73,Train,PF1,8,Muscomorpha,0.9925,0.9971,0.9948
73,Train,PF1,9,Parasitica,0.9888,0.9823,0.9855
73,Train,PF1,10,Pentatomomorpha,0.9931,0.9724,0.9826
73,Train,PF1,11,Plenitentoria,0.9992,0.9992,0.9992
73,Train,PF1,12,Rhopalocera,0.9927,0.9951,0.9939
73,Train,PF1,13,lacewing,0.9916,0.9977,0.9946
73,Train,PF1,14,saw_fly,0.9831,0.9831,0.9831
73,Train,Leaf Class (Softmax),0,Ichneumonoidea,0.9884,0.9843,0.9864
73,Train,Leaf Class (Softmax),1,Muscoidea,0.8991,0.8808,0.8899
73,Train,Leaf Class (Softmax),2,ant,0.9941,0.9956,0.9948
73,Train,Leaf Class (Softmax),3,ant_beetle,0.9985,0.9981,0.9983
73,Train,Leaf Class (Softmax),4,bug,0.9876,0.9853,0.9864
73,Train,Leaf Class (Softmax),5,butterfly,0.9976,0.9984,0.998
73,Train,Leaf Class (Softmax),6,caddisfly,1.0,0.9992,0.9996
73,Train,Leaf Class (Softmax),7,dance_fly,0.9906,0.9839,0.9872
73,Train,Leaf Class (Softmax),8,earwig,0.9914,0.986,0.9887
73,Train,Leaf Class (Softmax),9,fever_fly,0.9968,0.9954,0.9961
73,Train,Leaf Class (Softmax),10,flesh_fly,0.9825,0.9826,0.9825
73,Train,Leaf Class (Softmax),11,fly,0.8792,0.8984,0.8887
73,Train,Leaf Class (Softmax),12,fruit_fly,0.9932,0.9939,0.9936
73,Train,Leaf Class (Softmax),13,hoverfly,0.9901,0.9921,0.9911
73,Train,Leaf Class (Softmax),14,ladybug,0.9957,0.9959,0.9958
73,Train,Leaf Class (Softmax),15,leaf_beetle,0.9969,0.9973,0.9971
73,Train,Leaf Class (Softmax),16,midge,0.9969,0.9945,0.9957
73,Train,Leaf Class (Softmax),17,moth,0.9929,0.9925,0.9927
73,Train,Leaf Class (Softmax),18,robber_fly,0.9961,0.9951,0.9956
73,Train,Leaf Class (Softmax),19,spider,0.993,0.9935,0.9933
73,Train,Leaf Class (Softmax),20,wasp,0.9681,0.9579,0.963
73,Train,Leaf Class (Softmax),21,weevil,0.9974,0.9966,0.997
73,Train,Leaf Class (Sigmoid),0,Ichneumonoidea,0.9799,0.9856,0.9827
73,Train,Leaf Class (Sigmoid),1,Muscoidea,0.8341,0.9318,0.8802
73,Train,Leaf Class (Sigmoid),2,ant,0.9944,0.9942,0.9943
73,Train,Leaf Class (Sigmoid),3,ant_beetle,0.9981,0.9974,0.9978
73,Train,Leaf Class (Sigmoid),4,bug,0.9908,0.9679,0.9792
73,Train,Leaf Class (Sigmoid),5,butterfly,0.9976,0.9895,0.9935
73,Train,Leaf Class (Sigmoid),6,caddisfly,1.0,0.9992,0.9996
73,Train,Leaf Class (Sigmoid),7,dance_fly,0.9912,0.9793,0.9852
73,Train,Leaf Class (Sigmoid),8,earwig,0.9906,0.9814,0.986
73,Train,Leaf Class (Sigmoid),9,fever_fly,0.9954,0.9936,0.9945
73,Train,Leaf Class (Sigmoid),10,flesh_fly,0.9776,0.9846,0.9811
73,Train,Leaf Class (Sigmoid),11,fly,0.9195,0.8196,0.8667
73,Train,Leaf Class (Sigmoid),12,fruit_fly,0.9911,0.994,0.9925
73,Train,Leaf Class (Sigmoid),13,hoverfly,0.9898,0.9918,0.9908
73,Train,Leaf Class (Sigmoid),14,ladybug,0.993,0.9965,0.9947
73,Train,Leaf Class (Sigmoid),15,leaf_beetle,0.9955,0.9971,0.9963
73,Train,Leaf Class (Sigmoid),16,midge,0.9992,0.9928,0.996
73,Train,Leaf Class (Sigmoid),17,moth,0.9967,0.982,0.9893
73,Train,Leaf Class (Sigmoid),18,robber_fly,0.9948,0.9956,0.9952
73,Train,Leaf Class (Sigmoid),19,spider,0.991,0.99,0.9905
73,Train,Leaf Class (Sigmoid),20,wasp,0.974,0.944,0.9588
73,Train,Leaf Class (Sigmoid),21,weevil,0.9985,0.9954,0.9969
73,Test,PF4,0,Arachnida,0.7018,0.8752,0.779
73,Test,PF4,1,Insecta,0.9971,0.9914,0.9942
73,Test,PF3,0,Araneae,0.7486,0.8746,0.8067
73,Test,PF3,1,Coleoptera,0.9046,0.781,0.8383
73,Test,PF3,2,Dermaptera,0.8912,0.1277,0.2234
73,Test,PF3,3,Diptera,0.8994,0.9585,0.928
73,Test,PF3,4,Hemiptera,0.9742,0.6995,0.8143
73,Test,PF3,5,Hymenoptera,0.8144,0.8332,0.8236
73,Test,PF3,6,Lepidoptera,0.8041,0.6417,0.7138
73,Test,PF3,7,Mecoptera,0.2418,0.1816,0.2074
73,Test,PF3,8,Neuroptera,0.8967,0.4831,0.6279
73,Test,PF3,9,Orthoptera,0.6274,0.9825,0.7658
73,Test,PF3,10,Trichoptera,0.9982,0.9672,0.9825
73,Test,PF2,0,Apocrita,0.8237,0.8378,0.8307
73,Test,PF2,1,Arneomorphae,0.7865,0.8746,0.8282
73,Test,PF2,2,Brachycera,0.8692,0.9554,0.9103
73,Test,PF2,3,Forficulina,0.8786,0.1199,0.211
73,Test,PF2,4,Glossata,0.7829,0.5494,0.6457
73,Test,PF2,5,Hemerobiiformia,0.947,0.4743,0.632
73,Test,PF2,6,Heteroptera,0.9628,0.6988,0.8098
73,Test,PF2,7,Integripalpia,0.9991,0.9591,0.9787
73,Test,PF2,8,Nematocera,0.968,0.9666,0.9673
73,Test,PF2,9,Polyphaga,0.9202,0.7828,0.846
73,Test,PF2,10,Symphyta,0.8593,0.7658,0.8098
73,Test,PF2,11,grasshopper,0.5724,0.9878,0.7248
73,Test,PF2,12,scorpion_fly,0.2108,0.061,0.0946
73,Test,PF1,0,Aculeata,0.8258,0.8697,0.8471
73,Test,PF1,1,Araneomorphae,0.7551,0.8758,0.811
73,Test,PF1,2,Asilomorpha,0.8124,0.7972,0.8047
73,Test,PF1,3,Bibionomorpha,0.9931,0.9101,0.9498
73,Test,PF1,4,Cucujiformia,0.919,0.7826,0.8453
73,Test,PF1,5,Culicomorpha,0.9557,0.9922,0.9736
73,Test,PF1,6,Epidermaptera,0.8819,0.1238,0.2171
73,Test,PF1,7,Heterocera,0.797,0.682,0.735
73,Test,PF1,8,Muscomorpha,0.806,0.9457,0.8703
73,Test,PF1,9,Parasitica,0.5637,0.6054,0.5838
73,Test,PF1,10,Pentatomomorpha,0.9699,0.6941,0.8092
73,Test,PF1,11,Plenitentoria,0.9978,0.9707,0.9841
73,Test,PF1,12,Rhopalocera,0.7848,0.9163,0.8455
73,Test,PF1,13,lacewing,0.8949,0.6245,0.7357
73,Test,PF1,14,saw_fly,0.8482,0.7583,0.8007
73,Test,Leaf Class (Softmax),0,Ichneumonoidea,0.5286,0.6211,0.5711
73,Test,Leaf Class (Softmax),1,Muscoidea,0.3616,0.604,0.4524
73,Test,Leaf Class (Softmax),2,ant,0.8759,0.8735,0.8747
73,Test,Leaf Class (Softmax),3,ant_beetle,0.8669,0.9534,0.9081
73,Test,Leaf Class (Softmax),4,bug,0.9783,0.6941,0.8121
73,Test,Leaf Class (Softmax),5,butterfly,0.7804,0.8966,0.8345
73,Test,Leaf Class (Softmax),6,caddisfly,0.9973,0.9685,0.9827
73,Test,Leaf Class (Softmax),7,dance_fly,0.8624,0.6072,0.7126
73,Test,Leaf Class (Softmax),8,earwig,0.8816,0.0653,0.1216
73,Test,Leaf Class (Softmax),9,fever_fly,0.9961,0.896,0.9434
73,Test,Leaf Class (Softmax),10,flesh_fly,0.762,0.7948,0.778
73,Test,Leaf Class (Softmax),11,fly,0.3586,0.4995,0.4175
73,Test,Leaf Class (Softmax),12,fruit_fly,0.8644,0.617,0.7201
73,Test,Leaf Class (Softmax),13,hoverfly,0.814,0.8382,0.826
73,Test,Leaf Class (Softmax),14,ladybug,0.877,0.9485,0.9114
73,Test,Leaf Class (Softmax),15,leaf_beetle,0.0577,0.0138,0.0223
73,Test,Leaf Class (Softmax),16,midge,0.9559,0.991,0.9731
73,Test,Leaf Class (Softmax),17,moth,0.8724,0.7538,0.8087
73,Test,Leaf Class (Softmax),18,robber_fly,0.803,0.8242,0.8135
73,Test,Leaf Class (Softmax),19,spider,0.7991,0.8746,0.8352
73,Test,Leaf Class (Softmax),20,wasp,0.8158,0.8391,0.8273
73,Test,Leaf Class (Softmax),21,weevil,0.9649,0.7015,0.8124
73,Test,Leaf Class (Sigmoid),0,Ichneumonoidea,0.5661,0.6143,0.5892
73,Test,Leaf Class (Sigmoid),1,Muscoidea,0.3972,0.51,0.4466
73,Test,Leaf Class (Sigmoid),2,ant,0.8647,0.8855,0.875
73,Test,Leaf Class (Sigmoid),3,ant_beetle,0.8784,0.9557,0.9154
73,Test,Leaf Class (Sigmoid),4,bug,0.956,0.7034,0.8105
73,Test,Leaf Class (Sigmoid),5,butterfly,0.7883,0.9133,0.8462
73,Test,Leaf Class (Sigmoid),6,caddisfly,0.9987,0.9685,0.9834
73,Test,Leaf Class (Sigmoid),7,dance_fly,0.8222,0.6316,0.7144
73,Test,Leaf Class (Sigmoid),8,earwig,0.8654,0.0877,0.1593
73,Test,Leaf Class (Sigmoid),9,fever_fly,0.9953,0.9066,0.9489
73,Test,Leaf Class (Sigmoid),10,flesh_fly,0.8133,0.783,0.7979
73,Test,Leaf Class (Sigmoid),11,fly,0.3654,0.617,0.4589
73,Test,Leaf Class (Sigmoid),12,fruit_fly,0.9081,0.6052,0.7264
73,Test,Leaf Class (Sigmoid),13,hoverfly,0.8156,0.8405,0.8279
73,Test,Leaf Class (Sigmoid),14,ladybug,0.9115,0.9455,0.9282
73,Test,Leaf Class (Sigmoid),15,leaf_beetle,0.0591,0.01,0.0171
73,Test,Leaf Class (Sigmoid),16,midge,0.9471,0.9928,0.9694
73,Test,Leaf Class (Sigmoid),17,moth,0.844,0.8198,0.8317
73,Test,Leaf Class (Sigmoid),18,robber_fly,0.814,0.8368,0.8252
73,Test,Leaf Class (Sigmoid),19,spider,0.7855,0.874,0.8274
73,Test,Leaf Class (Sigmoid),20,wasp,0.7495,0.8456,0.7946
73,Test,Leaf Class (Sigmoid),21,weevil,0.949,0.7352,0.8286
74,Train,PF4,0,Arachnida,0.9634,0.998,0.9804
74,Train,PF4,1,Insecta,1.0,0.9997,0.9998
74,Train,PF3,0,Araneae,0.9881,0.992,0.99
74,Train,PF3,1,Coleoptera,0.9947,0.9951,0.9949
74,Train,PF3,2,Dermaptera,0.9815,0.9853,0.9834
74,Train,PF3,3,Diptera,0.9957,0.9942,0.995
74,Train,PF3,4,Hemiptera,0.988,0.9735,0.9807
74,Train,PF3,5,Hymenoptera,0.989,0.9893,0.9892
74,Train,PF3,6,Lepidoptera,0.9884,0.9785,0.9834
74,Train,PF3,7,Mecoptera,0.8757,0.3099,0.4577
74,Train,PF3,8,Neuroptera,0.9932,0.9982,0.9957
74,Train,PF3,9,Orthoptera,0.8832,0.9946,0.9356
74,Train,PF3,10,Trichoptera,0.9996,0.9958,0.9977
74,Train,PF2,0,Apocrita,0.9934,0.9893,0.9913
74,Train,PF2,1,Arneomorphae,0.991,0.984,0.9875
74,Train,PF2,2,Brachycera,0.9952,0.9947,0.9949
74,Train,PF2,3,Forficulina,0.9845,0.9845,0.9845
74,Train,PF2,4,Glossata,0.99,0.9684,0.9791
74,Train,PF2,5,Hemerobiiformia,0.9947,0.9974,0.9961
74,Train,PF2,6,Heteroptera,0.9925,0.9763,0.9844
74,Train,PF2,7,Integripalpia,0.9992,0.9958,0.9975
74,Train,PF2,8,Nematocera,0.9981,0.9921,0.9951
74,Train,PF2,9,Polyphaga,0.9964,0.9944,0.9954
74,Train,PF2,10,Symphyta,0.9764,0.9854,0.9809
74,Train,PF2,11,grasshopper,0.8425,0.9974,0.9134
74,Train,PF2,12,scorpion_fly,0.7821,0.0892,0.1601
74,Train,PF1,0,Aculeata,0.993,0.9904,0.9917
74,Train,PF1,1,Araneomorphae,0.99,0.9905,0.9903
74,Train,PF1,2,Asilomorpha,0.9948,0.993,0.9939
74,Train,PF1,3,Bibionomorpha,0.9975,0.9968,0.9971
74,Train,PF1,4,Cucujiformia,0.997,0.9959,0.9964
74,Train,PF1,5,Culicomorpha,0.9983,0.9933,0.9958
74,Train,PF1,6,Epidermaptera,0.9884,0.9868,0.9876
74,Train,PF1,7,Heterocera,0.9951,0.9824,0.9887
74,Train,PF1,8,Muscomorpha,0.9929,0.9968,0.9948
74,Train,PF1,9,Parasitica,0.9855,0.979,0.9822
74,Train,PF1,10,Pentatomomorpha,0.9965,0.9724,0.9843
74,Train,PF1,11,Plenitentoria,0.9977,0.9985,0.9981
74,Train,PF1,12,Rhopalocera,0.9879,0.9895,0.9887
74,Train,PF1,13,lacewing,0.9934,0.9984,0.9959
74,Train,PF1,14,saw_fly,0.9869,0.9836,0.9853
74,Train,Leaf Class (Softmax),0,Ichneumonoidea,0.9867,0.9806,0.9837
74,Train,Leaf Class (Softmax),1,Muscoidea,0.8987,0.8819,0.8902
74,Train,Leaf Class (Softmax),2,ant,0.9936,0.9962,0.9949
74,Train,Leaf Class (Softmax),3,ant_beetle,0.9989,0.997,0.9979
74,Train,Leaf Class (Softmax),4,bug,0.9938,0.987,0.9904
74,Train,Leaf Class (Softmax),5,butterfly,0.9919,0.9911,0.9915
74,Train,Leaf Class (Softmax),6,caddisfly,0.9989,0.9974,0.9981
74,Train,Leaf Class (Softmax),7,dance_fly,0.9886,0.9873,0.9879
74,Train,Leaf Class (Softmax),8,earwig,0.9922,0.9891,0.9907
74,Train,Leaf Class (Softmax),9,fever_fly,0.9982,0.9982,0.9982
74,Train,Leaf Class (Softmax),10,flesh_fly,0.9818,0.9825,0.9822
74,Train,Leaf Class (Softmax),11,fly,0.8794,0.8966,0.8879
74,Train,Leaf Class (Softmax),12,fruit_fly,0.9944,0.9949,0.9947
74,Train,Leaf Class (Softmax),13,hoverfly,0.9906,0.9912,0.9909
74,Train,Leaf Class (Softmax),14,ladybug,0.9949,0.9962,0.9956
74,Train,Leaf Class (Softmax),15,leaf_beetle,0.9978,0.9977,0.9978
74,Train,Leaf Class (Softmax),16,midge,0.9966,0.9949,0.9957
74,Train,Leaf Class (Softmax),17,moth,0.9931,0.9923,0.9927
74,Train,Leaf Class (Softmax),18,robber_fly,0.9956,0.9953,0.9955
74,Train,Leaf Class (Softmax),19,spider,0.9915,0.9945,0.993
74,Train,Leaf Class (Softmax),20,wasp,0.9663,0.9525,0.9593
74,Train,Leaf Class (Softmax),21,weevil,0.9977,0.997,0.9973
74,Train,Leaf Class (Sigmoid),0,Ichneumonoidea,0.9807,0.9831,0.9819
74,Train,Leaf Class (Sigmoid),1,Muscoidea,0.8389,0.9326,0.8832
74,Train,Leaf Class (Sigmoid),2,ant,0.9939,0.9951,0.9945
74,Train,Leaf Class (Sigmoid),3,ant_beetle,0.9981,0.9966,0.9974
74,Train,Leaf Class (Sigmoid),4,bug,0.9965,0.9718,0.984
74,Train,Leaf Class (Sigmoid),5,butterfly,0.9943,0.9862,0.9903
74,Train,Leaf Class (Sigmoid),6,caddisfly,0.9989,0.997,0.9979
74,Train,Leaf Class (Sigmoid),7,dance_fly,0.9939,0.9793,0.9865
74,Train,Leaf Class (Sigmoid),8,earwig,0.9891,0.9822,0.9856
74,Train,Leaf Class (Sigmoid),9,fever_fly,0.9982,0.9968,0.9975
74,Train,Leaf Class (Sigmoid),10,flesh_fly,0.977,0.9838,0.9804
74,Train,Leaf Class (Sigmoid),11,fly,0.9185,0.8239,0.8686
74,Train,Leaf Class (Sigmoid),12,fruit_fly,0.9925,0.9949,0.9937
74,Train,Leaf Class (Sigmoid),13,hoverfly,0.9906,0.9915,0.991
74,Train,Leaf Class (Sigmoid),14,ladybug,0.9928,0.9969,0.9948
74,Train,Leaf Class (Sigmoid),15,leaf_beetle,0.9966,0.9981,0.9974
74,Train,Leaf Class (Sigmoid),16,midge,0.9989,0.993,0.9959
74,Train,Leaf Class (Sigmoid),17,moth,0.9966,0.9834,0.9899
74,Train,Leaf Class (Sigmoid),18,robber_fly,0.9953,0.9954,0.9954
74,Train,Leaf Class (Sigmoid),19,spider,0.9875,0.9885,0.988
74,Train,Leaf Class (Sigmoid),20,wasp,0.9683,0.9373,0.9525
74,Train,Leaf Class (Sigmoid),21,weevil,0.9989,0.9955,0.9972
74,Test,PF4,0,Arachnida,0.6474,0.8752,0.7443
74,Test,PF4,1,Insecta,0.9971,0.989,0.993
74,Test,PF3,0,Araneae,0.6718,0.874,0.7597
74,Test,PF3,1,Coleoptera,0.893,0.8086,0.8487
74,Test,PF3,2,Dermaptera,0.8346,0.1082,0.1915
74,Test,PF3,3,Diptera,0.8928,0.9651,0.9275
74,Test,PF3,4,Hemiptera,0.9611,0.7049,0.8133
74,Test,PF3,5,Hymenoptera,0.8846,0.7949,0.8373
74,Test,PF3,6,Lepidoptera,0.8086,0.6149,0.6986
74,Test,PF3,7,Mecoptera,0.3225,0.3087,0.3154
74,Test,PF3,8,Neuroptera,0.7705,0.48,0.5915
74,Test,PF3,9,Orthoptera,0.6555,0.9795,0.7854
74,Test,PF3,10,Trichoptera,0.9978,0.9746,0.986
74,Test,PF2,0,Apocrita,0.8835,0.8071,0.8436
74,Test,PF2,1,Arneomorphae,0.7176,0.874,0.7881
74,Test,PF2,2,Brachycera,0.8681,0.9613,0.9123
74,Test,PF2,3,Forficulina,0.8168,0.1043,0.185
74,Test,PF2,4,Glossata,0.81,0.5797,0.6757
74,Test,PF2,5,Hemerobiiformia,0.8192,0.4784,0.6041
74,Test,PF2,6,Heteroptera,0.9537,0.6988,0.8066
74,Test,PF2,7,Integripalpia,0.9991,0.9703,0.9845
74,Test,PF2,8,Nematocera,0.9667,0.9597,0.9632
74,Test,PF2,9,Polyphaga,0.925,0.8042,0.8604
74,Test,PF2,10,Symphyta,0.9175,0.7194,0.8064
74,Test,PF2,11,grasshopper,0.5805,0.9855,0.7306
74,Test,PF2,12,scorpion_fly,0.1753,0.083,0.1127
74,Test,PF1,0,Aculeata,0.8828,0.8533,0.8678
74,Test,PF1,1,Araneomorphae,0.6908,0.874,0.7717
74,Test,PF1,2,Asilomorpha,0.8143,0.7944,0.8042
74,Test,PF1,3,Bibionomorpha,0.992,0.8762,0.9305
74,Test,PF1,4,Cucujiformia,0.9157,0.8037,0.8561
74,Test,PF1,5,Culicomorpha,0.9525,0.9932,0.9725
74,Test,PF1,6,Epidermaptera,0.8387,0.1014,0.1809
74,Test,PF1,7,Heterocera,0.8175,0.7088,0.7592
74,Test,PF1,8,Muscomorpha,0.7983,0.9494,0.8673
74,Test,PF1,9,Parasitica,0.5781,0.5807,0.5794
74,Test,PF1,10,Pentatomomorpha,0.9608,0.6995,0.8096
74,Test,PF1,11,Plenitentoria,0.9969,0.9767,0.9867
74,Test,PF1,12,Rhopalocera,0.8045,0.9241,0.8602
74,Test,PF1,13,lacewing,0.7602,0.5439,0.6341
74,Test,PF1,14,saw_fly,0.9151,0.7039,0.7957
74,Test,Leaf Class (Softmax),0,Ichneumonoidea,0.5467,0.6031,0.5736
74,Test,Leaf Class (Softmax),1,Muscoidea,0.3589,0.5732,0.4414
74,Test,Leaf Class (Softmax),2,ant,0.8889,0.8378,0.8625
74,Test,Leaf Class (Softmax),3,ant_beetle,0.8791,0.9564,0.9161
74,Test,Leaf Class (Softmax),4,bug,0.9641,0.7026,0.8128
74,Test,Leaf Class (Softmax),5,butterfly,0.8007,0.9103,0.852
74,Test,Leaf Class (Softmax),6,caddisfly,0.9969,0.9767,0.9867
74,Test,Leaf Class (Softmax),7,dance_fly,0.8522,0.5805,0.6906
74,Test,Leaf Class (Softmax),8,earwig,0.86,0.0838,0.1528
74,Test,Leaf Class (Softmax),9,fever_fly,0.9976,0.8726,0.9309
74,Test,Leaf Class (Softmax),10,flesh_fly,0.796,0.7698,0.7827
74,Test,Leaf Class (Softmax),11,fly,0.3895,0.5528,0.457
74,Test,Leaf Class (Softmax),12,fruit_fly,0.879,0.6122,0.7218
74,Test,Leaf Class (Softmax),13,hoverfly,0.8206,0.8508,0.8354
74,Test,Leaf Class (Softmax),14,ladybug,0.9282,0.9432,0.9356
74,Test,Leaf Class (Softmax),15,leaf_beetle,0.0951,0.0346,0.0507
74,Test,Leaf Class (Softmax),16,midge,0.9627,0.9928,0.9775
74,Test,Leaf Class (Softmax),17,moth,0.8933,0.81,0.8496
74,Test,Leaf Class (Softmax),18,robber_fly,0.7586,0.8365,0.7956
74,Test,Leaf Class (Softmax),19,spider,0.7178,0.8734,0.788
74,Test,Leaf Class (Softmax),20,wasp,0.8625,0.8243,0.843
74,Test,Leaf Class (Softmax),21,weevil,0.9222,0.765,0.8363
74,Test,Leaf Class (Sigmoid),0,Ichneumonoidea,0.6032,0.5964,0.5998
74,Test,Leaf Class (Sigmoid),1,Muscoidea,0.3873,0.501,0.4369
74,Test,Leaf Class (Sigmoid),2,ant,0.8795,0.8485,0.8637
74,Test,Leaf Class (Sigmoid),3,ant_beetle,0.8967,0.9564,0.9256
74,Test,Leaf Class (Sigmoid),4,bug,0.9443,0.7057,0.8078
74,Test,Leaf Class (Sigmoid),5,butterfly,0.8146,0.9261,0.8668
74,Test,Leaf Class (Sigmoid),6,caddisfly,0.9987,0.9737,0.986
74,Test,Leaf Class (Sigmoid),7,dance_fly,0.8241,0.6003,0.6946
74,Test,Leaf Class (Sigmoid),8,earwig,0.8403,0.0975,0.1747
74,Test,Leaf Class (Sigmoid),9,fever_fly,0.996,0.8832,0.9362
74,Test,Leaf Class (Sigmoid),10,flesh_fly,0.8417,0.7562,0.7967
74,Test,Leaf Class (Sigmoid),11,fly,0.3761,0.6348,0.4724
74,Test,Leaf Class (Sigmoid),12,fruit_fly,0.894,0.599,0.7174
74,Test,Leaf Class (Sigmoid),13,hoverfly,0.8078,0.8615,0.8338
74,Test,Leaf Class (Sigmoid),14,ladybug,0.955,0.9385,0.9467
74,Test,Leaf Class (Sigmoid),15,leaf_beetle,0.0805,0.0238,0.0368
74,Test,Leaf Class (Sigmoid),16,midge,0.9557,0.9935,0.9743
74,Test,Leaf Class (Sigmoid),17,moth,0.8578,0.8838,0.8706
74,Test,Leaf Class (Sigmoid),18,robber_fly,0.8178,0.845,0.8312
74,Test,Leaf Class (Sigmoid),19,spider,0.6954,0.874,0.7746
74,Test,Leaf Class (Sigmoid),20,wasp,0.8546,0.8317,0.843
74,Test,Leaf Class (Sigmoid),21,weevil,0.8913,0.773,0.828
75,Train,PF4,0,Arachnida,0.977,0.998,0.9874
75,Train,PF4,1,Insecta,1.0,0.9998,0.9999
75,Train,PF3,0,Araneae,0.9915,0.9945,0.993
75,Train,PF3,1,Coleoptera,0.9953,0.9953,0.9953
75,Train,PF3,2,Dermaptera,0.9762,0.9853,0.9807
75,Train,PF3,3,Diptera,0.9957,0.9944,0.995
75,Train,PF3,4,Hemiptera,0.992,0.9735,0.9826
75,Train,PF3,5,Hymenoptera,0.9892,0.9879,0.9885
75,Train,PF3,6,Lepidoptera,0.9878,0.9797,0.9837
75,Train,PF3,7,Mecoptera,0.9003,0.3347,0.488
75,Train,PF3,8,Neuroptera,0.9938,0.9981,0.9959
75,Train,PF3,9,Orthoptera,0.8855,0.9955,0.9373
75,Train,PF3,10,Trichoptera,0.9992,0.9955,0.9973
75,Train,PF2,0,Apocrita,0.9938,0.987,0.9904
75,Train,PF2,1,Arneomorphae,0.9959,0.9795,0.9877
75,Train,PF2,2,Brachycera,0.9951,0.995,0.995
75,Train,PF2,3,Forficulina,0.9785,0.986,0.9822
75,Train,PF2,4,Glossata,0.9887,0.9725,0.9806
75,Train,PF2,5,Hemerobiiformia,0.9953,0.9976,0.9964
75,Train,PF2,6,Heteroptera,0.9909,0.9786,0.9847
75,Train,PF2,7,Integripalpia,0.9992,0.9921,0.9956
75,Train,PF2,8,Nematocera,0.9986,0.9919,0.9953
75,Train,PF2,9,Polyphaga,0.997,0.9943,0.9957
75,Train,PF2,10,Symphyta,0.9737,0.9831,0.9784
75,Train,PF2,11,grasshopper,0.844,0.9977,0.9145
75,Train,PF2,12,scorpion_fly,0.7891,0.0945,0.1687
75,Train,PF1,0,Aculeata,0.9932,0.9908,0.992
75,Train,PF1,1,Araneomorphae,0.9925,0.9945,0.9935
75,Train,PF1,2,Asilomorpha,0.9949,0.9946,0.9948
75,Train,PF1,3,Bibionomorpha,0.9982,0.9971,0.9977
75,Train,PF1,4,Cucujiformia,0.9978,0.9955,0.9966
75,Train,PF1,5,Culicomorpha,0.9987,0.9935,0.9961
75,Train,PF1,6,Epidermaptera,0.9837,0.9853,0.9845
75,Train,PF1,7,Heterocera,0.9959,0.9823,0.9891
75,Train,PF1,8,Muscomorpha,0.9928,0.997,0.9949
75,Train,PF1,9,Parasitica,0.9879,0.979,0.9834
75,Train,PF1,10,Pentatomomorpha,0.9931,0.9746,0.9838
75,Train,PF1,11,Plenitentoria,0.9981,0.9981,0.9981
75,Train,PF1,12,Rhopalocera,0.9911,0.9911,0.9911
75,Train,PF1,13,lacewing,0.9931,0.9984,0.9958
75,Train,PF1,14,saw_fly,0.9859,0.9826,0.9843
75,Train,Leaf Class (Softmax),0,Ichneumonoidea,0.9888,0.9819,0.9853
75,Train,Leaf Class (Softmax),1,Muscoidea,0.9023,0.882,0.892
75,Train,Leaf Class (Softmax),2,ant,0.9946,0.9971,0.9958
75,Train,Leaf Class (Softmax),3,ant_beetle,1.0,0.9974,0.9987
75,Train,Leaf Class (Softmax),4,bug,0.9904,0.9882,0.9893
75,Train,Leaf Class (Softmax),5,butterfly,0.9911,0.9927,0.9919
75,Train,Leaf Class (Softmax),6,caddisfly,0.9981,0.9981,0.9981
75,Train,Leaf Class (Softmax),7,dance_fly,0.9893,0.9859,0.9876
75,Train,Leaf Class (Softmax),8,earwig,0.9899,0.9853,0.9876
75,Train,Leaf Class (Softmax),9,fever_fly,0.9982,0.9968,0.9975
75,Train,Leaf Class (Softmax),10,flesh_fly,0.9835,0.9847,0.9841
75,Train,Leaf Class (Softmax),11,fly,0.8793,0.8995,0.8893
75,Train,Leaf Class (Softmax),12,fruit_fly,0.9943,0.9952,0.9947
75,Train,Leaf Class (Softmax),13,hoverfly,0.9918,0.9927,0.9922
75,Train,Leaf Class (Softmax),14,ladybug,0.9957,0.9959,0.9958
75,Train,Leaf Class (Softmax),15,leaf_beetle,0.9976,0.9983,0.998
75,Train,Leaf Class (Softmax),16,midge,0.9971,0.9951,0.9961
75,Train,Leaf Class (Softmax),17,moth,0.9935,0.9928,0.9931
75,Train,Leaf Class (Softmax),18,robber_fly,0.9969,0.9956,0.9962
75,Train,Leaf Class (Softmax),19,spider,0.9935,0.997,0.9953
75,Train,Leaf Class (Softmax),20,wasp,0.9681,0.9567,0.9623
75,Train,Leaf Class (Softmax),21,weevil,0.9972,0.9971,0.9971
75,Train,Leaf Class (Sigmoid),0,Ichneumonoidea,0.9843,0.9839,0.9841
75,Train,Leaf Class (Sigmoid),1,Muscoidea,0.8383,0.9329,0.8831
75,Train,Leaf Class (Sigmoid),2,ant,0.9951,0.9959,0.9955
75,Train,Leaf Class (Sigmoid),3,ant_beetle,0.9981,0.9963,0.9972
75,Train,Leaf Class (Sigmoid),4,bug,0.9948,0.9746,0.9846
75,Train,Leaf Class (Sigmoid),5,butterfly,0.9919,0.9871,0.9895
75,Train,Leaf Class (Sigmoid),6,caddisfly,0.9977,0.9977,0.9977
75,Train,Leaf Class (Sigmoid),7,dance_fly,0.9959,0.9793,0.9875
75,Train,Leaf Class (Sigmoid),8,earwig,0.9883,0.9845,0.9864
75,Train,Leaf Class (Sigmoid),9,fever_fly,0.9979,0.9961,0.997
75,Train,Leaf Class (Sigmoid),10,flesh_fly,0.9785,0.9859,0.9822
75,Train,Leaf Class (Sigmoid),11,fly,0.9189,0.8226,0.8681
75,Train,Leaf Class (Sigmoid),12,fruit_fly,0.9928,0.9954,0.9941
75,Train,Leaf Class (Sigmoid),13,hoverfly,0.9914,0.9914,0.9914
75,Train,Leaf Class (Sigmoid),14,ladybug,0.9925,0.9962,0.9943
75,Train,Leaf Class (Sigmoid),15,leaf_beetle,0.9959,0.9985,0.9972
75,Train,Leaf Class (Sigmoid),16,midge,0.9987,0.9932,0.9959
75,Train,Leaf Class (Sigmoid),17,moth,0.9972,0.9833,0.9902
75,Train,Leaf Class (Sigmoid),18,robber_fly,0.9956,0.9958,0.9957
75,Train,Leaf Class (Sigmoid),19,spider,0.992,0.994,0.993
75,Train,Leaf Class (Sigmoid),20,wasp,0.9696,0.9403,0.9547
75,Train,Leaf Class (Sigmoid),21,weevil,0.998,0.9954,0.9967
75,Test,PF4,0,Arachnida,0.6283,0.8752,0.7315
75,Test,PF4,1,Insecta,0.9971,0.988,0.9925
75,Test,PF3,0,Araneae,0.6781,0.8752,0.7641
75,Test,PF3,1,Coleoptera,0.9123,0.7975,0.8511
75,Test,PF3,2,Dermaptera,0.7867,0.0575,0.1072
75,Test,PF3,3,Diptera,0.9007,0.9561,0.9276
75,Test,PF3,4,Hemiptera,0.9703,0.7042,0.8161
75,Test,PF3,5,Hymenoptera,0.843,0.8111,0.8268
75,Test,PF3,6,Lepidoptera,0.7399,0.5872,0.6548
75,Test,PF3,7,Mecoptera,0.2574,0.2711,0.2641
75,Test,PF3,8,Neuroptera,0.7448,0.481,0.5845
75,Test,PF3,9,Orthoptera,0.621,0.985,0.7617
75,Test,PF3,10,Trichoptera,0.9981,0.925,0.9602
75,Test,PF2,0,Apocrita,0.8429,0.8263,0.8345
75,Test,PF2,1,Arneomorphae,0.7205,0.8728,0.7894
75,Test,PF2,2,Brachycera,0.8749,0.951,0.9114
75,Test,PF2,3,Forficulina,0.7403,0.0556,0.1034
75,Test,PF2,4,Glossata,0.7263,0.5424,0.621
75,Test,PF2,5,Hemerobiiformia,0.8762,0.4748,0.6159
75,Test,PF2,6,Heteroptera,0.9734,0.7057,0.8182
75,Test,PF2,7,Integripalpia,0.9986,0.8966,0.9448
75,Test,PF2,8,Nematocera,0.9622,0.9584,0.9603
75,Test,PF2,9,Polyphaga,0.9282,0.7946,0.8562
75,Test,PF2,10,Symphyta,0.8876,0.7279,0.7999
75,Test,PF2,11,grasshopper,0.5535,0.9882,0.7096
75,Test,PF2,12,scorpion_fly,0.1634,0.0856,0.1123
75,Test,PF1,0,Aculeata,0.8511,0.8551,0.8531
75,Test,PF1,1,Araneomorphae,0.6916,0.8746,0.7724
75,Test,PF1,2,Asilomorpha,0.8161,0.7844,0.7999
75,Test,PF1,3,Bibionomorpha,0.9984,0.8662,0.9276
75,Test,PF1,4,Cucujiformia,0.9209,0.7959,0.8538
75,Test,PF1,5,Culicomorpha,0.9471,0.9932,0.9696
75,Test,PF1,6,Epidermaptera,0.7941,0.0526,0.0987
75,Test,PF1,7,Heterocera,0.7408,0.6502,0.6926
75,Test,PF1,8,Muscomorpha,0.801,0.9378,0.864
75,Test,PF1,9,Parasitica,0.5127,0.6345,0.5671
75,Test,PF1,10,Pentatomomorpha,0.9538,0.7003,0.8076
75,Test,PF1,11,Plenitentoria,0.9951,0.9716,0.9832
75,Test,PF1,12,Rhopalocera,0.8191,0.9192,0.8663
75,Test,PF1,13,lacewing,0.7516,0.6105,0.6737
75,Test,PF1,14,saw_fly,0.8654,0.7182,0.785
75,Test,Leaf Class (Softmax),0,Ichneumonoidea,0.4894,0.6749,0.5674
75,Test,Leaf Class (Softmax),1,Muscoidea,0.3585,0.5732,0.4411
75,Test,Leaf Class (Softmax),2,ant,0.8756,0.8638,0.8696
75,Test,Leaf Class (Softmax),3,ant_beetle,0.9008,0.9401,0.9201
75,Test,Leaf Class (Softmax),4,bug,0.9776,0.7065,0.8202
75,Test,Leaf Class (Softmax),5,butterfly,0.8249,0.8956,0.8588
75,Test,Leaf Class (Softmax),6,caddisfly,0.9969,0.972,0.9843
75,Test,Leaf Class (Softmax),7,dance_fly,0.8434,0.6613,0.7413
75,Test,Leaf Class (Softmax),8,earwig,0.6571,0.0224,0.0434
75,Test,Leaf Class (Softmax),9,fever_fly,0.9983,0.8485,0.9174
75,Test,Leaf Class (Softmax),10,flesh_fly,0.7899,0.7792,0.7845
75,Test,Leaf Class (Softmax),11,fly,0.3588,0.5405,0.4313
75,Test,Leaf Class (Softmax),12,fruit_fly,0.8937,0.6035,0.7205
75,Test,Leaf Class (Softmax),13,hoverfly,0.7901,0.831,0.81
75,Test,Leaf Class (Softmax),14,ladybug,0.9187,0.9405,0.9295
75,Test,Leaf Class (Softmax),15,leaf_beetle,0.0901,0.0161,0.0274
75,Test,Leaf Class (Softmax),16,midge,0.9498,0.9925,0.9707
75,Test,Leaf Class (Softmax),17,moth,0.8201,0.7135,0.7631
75,Test,Leaf Class (Softmax),18,robber_fly,0.7998,0.8078,0.8037
75,Test,Leaf Class (Softmax),19,spider,0.7072,0.8734,0.7816
75,Test,Leaf Class (Softmax),20,wasp,0.8456,0.8105,0.8277
75,Test,Leaf Class (Softmax),21,weevil,0.9144,0.764,0.8325
75,Test,Leaf Class (Sigmoid),0,Ichneumonoidea,0.5408,0.6682,0.5978
75,Test,Leaf Class (Sigmoid),1,Muscoidea,0.3851,0.4898,0.4312
75,Test,Leaf Class (Sigmoid),2,ant,0.8631,0.859,0.861
75,Test,Leaf Class (Sigmoid),3,ant_beetle,0.9255,0.946,0.9357
75,Test,Leaf Class (Sigmoid),4,bug,0.9426,0.7088,0.8091
75,Test,Leaf Class (Sigmoid),5,butterfly,0.8359,0.9133,0.8729
75,Test,Leaf Class (Sigmoid),6,caddisfly,0.9987,0.9698,0.984
75,Test,Leaf Class (Sigmoid),7,dance_fly,0.8044,0.6743,0.7336
75,Test,Leaf Class (Sigmoid),8,earwig,0.6964,0.038,0.0721
75,Test,Leaf Class (Sigmoid),9,fever_fly,0.9984,0.8669,0.928
75,Test,Leaf Class (Sigmoid),10,flesh_fly,0.8327,0.7662,0.7981
75,Test,Leaf Class (Sigmoid),11,fly,0.3797,0.6282,0.4733
75,Test,Leaf Class (Sigmoid),12,fruit_fly,0.92,0.5865,0.7163
75,Test,Leaf Class (Sigmoid),13,hoverfly,0.7859,0.8362,0.8103
75,Test,Leaf Class (Sigmoid),14,ladybug,0.9443,0.9368,0.9405
75,Test,Leaf Class (Sigmoid),15,leaf_beetle,0.0756,0.01,0.0177
75,Test,Leaf Class (Sigmoid),16,midge,0.9419,0.9935,0.967
75,Test,Leaf Class (Sigmoid),17,moth,0.7637,0.8275,0.7943
75,Test,Leaf Class (Sigmoid),18,robber_fly,0.8149,0.8145,0.8147
75,Test,Leaf Class (Sigmoid),19,spider,0.6893,0.8734,0.7705
75,Test,Leaf Class (Sigmoid),20,wasp,0.8018,0.817,0.8093
75,Test,Leaf Class (Sigmoid),21,weevil,0.8837,0.7695,0.8227
76,Train,PF4,0,Arachnida,0.9732,0.998,0.9855
76,Train,PF4,1,Insecta,1.0,0.9998,0.9999
76,Train,PF3,0,Araneae,0.9925,0.992,0.9923
76,Train,PF3,1,Coleoptera,0.995,0.9952,0.9951
76,Train,PF3,2,Dermaptera,0.98,0.9899,0.985
76,Train,PF3,3,Diptera,0.9958,0.9943,0.9951
76,Train,PF3,4,Hemiptera,0.992,0.9752,0.9835
76,Train,PF3,5,Hymenoptera,0.9889,0.9888,0.9888
76,Train,PF3,6,Lepidoptera,0.9874,0.9799,0.9836
76,Train,PF3,7,Mecoptera,0.8716,0.2903,0.4356
76,Train,PF3,8,Neuroptera,0.9921,0.9977,0.9949
76,Train,PF3,9,Orthoptera,0.881,0.9944,0.9343
76,Train,PF3,10,Trichoptera,0.9996,0.9962,0.9979
76,Train,PF2,0,Apocrita,0.9941,0.9885,0.9913
76,Train,PF2,1,Arneomorphae,0.9954,0.979,0.9872
76,Train,PF2,2,Brachycera,0.995,0.995,0.995
76,Train,PF2,3,Forficulina,0.983,0.9884,0.9857
76,Train,PF2,4,Glossata,0.9892,0.9715,0.9803
76,Train,PF2,5,Hemerobiiformia,0.9943,0.997,0.9957
76,Train,PF2,6,Heteroptera,0.9908,0.9741,0.9824
76,Train,PF2,7,Integripalpia,0.9989,0.9943,0.9966
76,Train,PF2,8,Nematocera,0.9981,0.9923,0.9952
76,Train,PF2,9,Polyphaga,0.9966,0.9944,0.9955
76,Train,PF2,10,Symphyta,0.9722,0.9826,0.9774
76,Train,PF2,11,grasshopper,0.8428,0.9967,0.9134
76,Train,PF2,12,scorpion_fly,0.7615,0.0741,0.1351
76,Train,PF1,0,Aculeata,0.9938,0.9901,0.992
76,Train,PF1,1,Araneomorphae,0.9945,0.993,0.9938
76,Train,PF1,2,Asilomorpha,0.995,0.9947,0.9949
76,Train,PF1,3,Bibionomorpha,0.9979,0.9986,0.9982
76,Train,PF1,4,Cucujiformia,0.9972,0.9955,0.9964
76,Train,PF1,5,Culicomorpha,0.9989,0.9933,0.9961
76,Train,PF1,6,Epidermaptera,0.9891,0.9868,0.988
76,Train,PF1,7,Heterocera,0.9966,0.983,0.9897
76,Train,PF1,8,Muscomorpha,0.9929,0.9971,0.995
76,Train,PF1,9,Parasitica,0.9859,0.9806,0.9833
76,Train,PF1,10,Pentatomomorpha,0.996,0.9712,0.9834
76,Train,PF1,11,Plenitentoria,0.9981,0.9981,0.9981
76,Train,PF1,12,Rhopalocera,0.9935,0.9919,0.9927
76,Train,PF1,13,lacewing,0.9925,0.9981,0.9953
76,Train,PF1,14,saw_fly,0.9818,0.9811,0.9815
76,Train,Leaf Class (Softmax),0,Ichneumonoidea,0.9864,0.9847,0.9856
76,Train,Leaf Class (Softmax),1,Muscoidea,0.9034,0.8854,0.8943
76,Train,Leaf Class (Softmax),2,ant,0.9946,0.9955,0.9951
76,Train,Leaf Class (Softmax),3,ant_beetle,0.9959,0.9974,0.9966
76,Train,Leaf Class (Softmax),4,bug,0.9859,0.9853,0.9856
76,Train,Leaf Class (Softmax),5,butterfly,0.9968,0.9943,0.9955
76,Train,Leaf Class (Softmax),6,caddisfly,0.9989,0.9981,0.9985
76,Train,Leaf Class (Softmax),7,dance_fly,0.9906,0.9853,0.9879
76,Train,Leaf Class (Softmax),8,earwig,0.993,0.9884,0.9907
76,Train,Leaf Class (Softmax),9,fever_fly,0.9982,0.9989,0.9986
76,Train,Leaf Class (Softmax),10,flesh_fly,0.9834,0.9836,0.9835
76,Train,Leaf Class (Softmax),11,fly,0.8838,0.9021,0.8929
76,Train,Leaf Class (Softmax),12,fruit_fly,0.9943,0.9943,0.9943
76,Train,Leaf Class (Softmax),13,hoverfly,0.9906,0.9918,0.9912
76,Train,Leaf Class (Softmax),14,ladybug,0.9954,0.9959,0.9957
76,Train,Leaf Class (Softmax),15,leaf_beetle,0.9976,0.9978,0.9977
76,Train,Leaf Class (Softmax),16,midge,0.9985,0.9954,0.997
76,Train,Leaf Class (Softmax),17,moth,0.9928,0.9934,0.9931
76,Train,Leaf Class (Softmax),18,robber_fly,0.9964,0.9961,0.9962
76,Train,Leaf Class (Softmax),19,spider,0.994,0.996,0.995
76,Train,Leaf Class (Softmax),20,wasp,0.966,0.9554,0.9607
76,Train,Leaf Class (Softmax),21,weevil,0.9979,0.9973,0.9976
76,Train,Leaf Class (Sigmoid),0,Ichneumonoidea,0.9811,0.9864,0.9838
76,Train,Leaf Class (Sigmoid),1,Muscoidea,0.8438,0.9345,0.8869
76,Train,Leaf Class (Sigmoid),2,ant,0.9953,0.9939,0.9946
76,Train,Leaf Class (Sigmoid),3,ant_beetle,0.9944,0.9963,0.9953
76,Train,Leaf Class (Sigmoid),4,bug,0.9942,0.9701,0.982
76,Train,Leaf Class (Sigmoid),5,butterfly,0.9967,0.9919,0.9943
76,Train,Leaf Class (Sigmoid),6,caddisfly,0.9981,0.9985,0.9983
76,Train,Leaf Class (Sigmoid),7,dance_fly,0.9912,0.9806,0.9859
76,Train,Leaf Class (Sigmoid),8,earwig,0.9938,0.9868,0.9903
76,Train,Leaf Class (Sigmoid),9,fever_fly,0.9979,0.9971,0.9975
76,Train,Leaf Class (Sigmoid),10,flesh_fly,0.9787,0.985,0.9818
76,Train,Leaf Class (Sigmoid),11,fly,0.9216,0.8299,0.8734
76,Train,Leaf Class (Sigmoid),12,fruit_fly,0.9932,0.9949,0.994
76,Train,Leaf Class (Sigmoid),13,hoverfly,0.9901,0.9921,0.9911
76,Train,Leaf Class (Sigmoid),14,ladybug,0.9935,0.9966,0.995
76,Train,Leaf Class (Sigmoid),15,leaf_beetle,0.9956,0.9978,0.9967
76,Train,Leaf Class (Sigmoid),16,midge,0.9992,0.9926,0.9959
76,Train,Leaf Class (Sigmoid),17,moth,0.9977,0.985,0.9913
76,Train,Leaf Class (Sigmoid),18,robber_fly,0.9956,0.9963,0.9959
76,Train,Leaf Class (Sigmoid),19,spider,0.993,0.993,0.993
76,Train,Leaf Class (Sigmoid),20,wasp,0.9693,0.9432,0.9561
76,Train,Leaf Class (Sigmoid),21,weevil,0.9984,0.9958,0.9971
76,Test,PF4,0,Arachnida,0.6502,0.8758,0.7463
76,Test,PF4,1,Insecta,0.9971,0.9891,0.9931
76,Test,PF3,0,Araneae,0.6774,0.8752,0.7637
76,Test,PF3,1,Coleoptera,0.924,0.7901,0.8519
76,Test,PF3,2,Dermaptera,0.88,0.1501,0.2565
76,Test,PF3,3,Diptera,0.8963,0.9623,0.9281
76,Test,PF3,4,Hemiptera,0.9641,0.7034,0.8134
76,Test,PF3,5,Hymenoptera,0.8663,0.8477,0.8569
76,Test,PF3,6,Lepidoptera,0.7605,0.5783,0.657
76,Test,PF3,7,Mecoptera,0.2222,0.3035,0.2566
76,Test,PF3,8,Neuroptera,0.7038,0.4758,0.5678
76,Test,PF3,9,Orthoptera,0.6886,0.9795,0.8087
76,Test,PF3,10,Trichoptera,0.9964,0.9616,0.9787
76,Test,PF2,0,Apocrita,0.8654,0.8476,0.8564
76,Test,PF2,1,Arneomorphae,0.6993,0.8746,0.7772
76,Test,PF2,2,Brachycera,0.8664,0.958,0.9099
76,Test,PF2,3,Forficulina,0.8779,0.1472,0.2521
76,Test,PF2,4,Glossata,0.7708,0.5472,0.64
76,Test,PF2,5,Hemerobiiformia,0.86,0.4727,0.6101
76,Test,PF2,6,Heteroptera,0.964,0.7018,0.8123
76,Test,PF2,7,Integripalpia,0.9972,0.9241,0.9593
76,Test,PF2,8,Nematocera,0.9661,0.9488,0.9574
76,Test,PF2,9,Polyphaga,0.9448,0.7859,0.8581
76,Test,PF2,10,Symphyta,0.9021,0.8076,0.8522
76,Test,PF2,11,grasshopper,0.5752,0.985,0.7263
76,Test,PF2,12,scorpion_fly,0.2199,0.083,0.1205
76,Test,PF1,0,Aculeata,0.8758,0.8812,0.8785
76,Test,PF1,1,Araneomorphae,0.6837,0.8746,0.7675
76,Test,PF1,2,Asilomorpha,0.834,0.7769,0.8044
76,Test,PF1,3,Bibionomorpha,0.9957,0.828,0.9042
76,Test,PF1,4,Cucujiformia,0.935,0.7862,0.8542
76,Test,PF1,5,Culicomorpha,0.9553,0.9928,0.9736
76,Test,PF1,6,Epidermaptera,0.8589,0.1365,0.2355
76,Test,PF1,7,Heterocera,0.771,0.639,0.6988
76,Test,PF1,8,Muscomorpha,0.7924,0.9507,0.8644
76,Test,PF1,9,Parasitica,0.5744,0.6143,0.5937
76,Test,PF1,10,Pentatomomorpha,0.9568,0.7003,0.8087
76,Test,PF1,11,Plenitentoria,0.9961,0.981,0.9885
76,Test,PF1,12,Rhopalocera,0.7789,0.9163,0.842
76,Test,PF1,13,lacewing,0.7656,0.5824,0.6615
76,Test,PF1,14,saw_fly,0.8953,0.7835,0.8357
76,Test,Leaf Class (Softmax),0,Ichneumonoidea,0.6171,0.6794,0.6467
76,Test,Leaf Class (Softmax),1,Muscoidea,0.3578,0.6168,0.4529
76,Test,Leaf Class (Softmax),2,ant,0.8815,0.8775,0.8795
76,Test,Leaf Class (Softmax),3,ant_beetle,0.8929,0.9549,0.9229
76,Test,Leaf Class (Softmax),4,bug,0.9561,0.7042,0.811
76,Test,Leaf Class (Softmax),5,butterfly,0.7795,0.8916,0.8318
76,Test,Leaf Class (Softmax),6,caddisfly,0.9974,0.9784,0.9878
76,Test,Leaf Class (Softmax),7,dance_fly,0.8172,0.6377,0.7164
76,Test,Leaf Class (Softmax),8,earwig,0.8425,0.1043,0.1856
76,Test,Leaf Class (Softmax),9,fever_fly,0.9983,0.8195,0.9001
76,Test,Leaf Class (Softmax),10,flesh_fly,0.7784,0.8185,0.798
76,Test,Leaf Class (Softmax),11,fly,0.3613,0.4718,0.4092
76,Test,Leaf Class (Softmax),12,fruit_fly,0.8649,0.5843,0.6974
76,Test,Leaf Class (Softmax),13,hoverfly,0.8226,0.8438,0.833
76,Test,Leaf Class (Softmax),14,ladybug,0.9321,0.9405,0.9363
76,Test,Leaf Class (Softmax),15,leaf_beetle,0.0662,0.0154,0.025
76,Test,Leaf Class (Softmax),16,midge,0.9564,0.9918,0.9737
76,Test,Leaf Class (Softmax),17,moth,0.8757,0.7975,0.8348
76,Test,Leaf Class (Softmax),18,robber_fly,0.8315,0.829,0.8302
76,Test,Leaf Class (Softmax),19,spider,0.7089,0.8746,0.7831
76,Test,Leaf Class (Softmax),20,wasp,0.8661,0.8377,0.8517
76,Test,Leaf Class (Softmax),21,weevil,0.91,0.7505,0.8226
76,Test,Leaf Class (Sigmoid),0,Ichneumonoidea,0.6621,0.6547,0.6584
76,Test,Leaf Class (Sigmoid),1,Muscoidea,0.3802,0.538,0.4455
76,Test,Leaf Class (Sigmoid),2,ant,0.8733,0.8842,0.8788
76,Test,Leaf Class (Sigmoid),3,ant_beetle,0.9184,0.9571,0.9374
76,Test,Leaf Class (Sigmoid),4,bug,0.9108,0.708,0.7967
76,Test,Leaf Class (Sigmoid),5,butterfly,0.7907,0.9232,0.8518
76,Test,Leaf Class (Sigmoid),6,caddisfly,0.9987,0.9772,0.9878
76,Test,Leaf Class (Sigmoid),7,dance_fly,0.7763,0.6644,0.716
76,Test,Leaf Class (Sigmoid),8,earwig,0.8511,0.117,0.2057
76,Test,Leaf Class (Sigmoid),9,fever_fly,0.9975,0.8393,0.9116
76,Test,Leaf Class (Sigmoid),10,flesh_fly,0.8027,0.8158,0.8092
76,Test,Leaf Class (Sigmoid),11,fly,0.3721,0.57,0.4503
76,Test,Leaf Class (Sigmoid),12,fruit_fly,0.8983,0.57,0.6975
76,Test,Leaf Class (Sigmoid),13,hoverfly,0.8314,0.8482,0.8397
76,Test,Leaf Class (Sigmoid),14,ladybug,0.9499,0.9348,0.9423
76,Test,Leaf Class (Sigmoid),15,leaf_beetle,0.0685,0.0115,0.0197
76,Test,Leaf Class (Sigmoid),16,midge,0.9501,0.9995,0.9742
76,Test,Leaf Class (Sigmoid),17,moth,0.8342,0.8375,0.8358
76,Test,Leaf Class (Sigmoid),18,robber_fly,0.8425,0.8252,0.8338
76,Test,Leaf Class (Sigmoid),19,spider,0.6923,0.8734,0.7724
76,Test,Leaf Class (Sigmoid),20,wasp,0.8282,0.8423,0.8352
76,Test,Leaf Class (Sigmoid),21,weevil,0.8842,0.758,0.8163
77,Train,PF4,0,Arachnida,0.9713,0.996,0.9835
77,Train,PF4,1,Insecta,1.0,0.9997,0.9999
77,Train,PF3,0,Araneae,0.991,0.991,0.991
77,Train,PF3,1,Coleoptera,0.9951,0.9954,0.9953
77,Train,PF3,2,Dermaptera,0.9725,0.9876,0.98
77,Train,PF3,3,Diptera,0.9961,0.9941,0.9951
77,Train,PF3,4,Hemiptera,0.996,0.9774,0.9866
77,Train,PF3,5,Hymenoptera,0.9896,0.9898,0.9897
77,Train,PF3,6,Lepidoptera,0.9879,0.982,0.9849
77,Train,PF3,7,Mecoptera,0.87,0.3542,0.5035
77,Train,PF3,8,Neuroptera,0.9929,0.9982,0.9956
77,Train,PF3,9,Orthoptera,0.8897,0.9942,0.9391
77,Train,PF3,10,Trichoptera,0.9981,0.9955,0.9968
77,Train,PF2,0,Apocrita,0.9942,0.9891,0.9917
77,Train,PF2,1,Arneomorphae,0.9965,0.9805,0.9884
77,Train,PF2,2,Brachycera,0.9953,0.9947,0.995
77,Train,PF2,3,Forficulina,0.9777,0.986,0.9819
77,Train,PF2,4,Glossata,0.9898,0.9722,0.9809
77,Train,PF2,5,Hemerobiiformia,0.9941,0.9982,0.9962
77,Train,PF2,6,Heteroptera,0.9937,0.9763,0.9849
77,Train,PF2,7,Integripalpia,0.9989,0.9943,0.9966
77,Train,PF2,8,Nematocera,0.9981,0.9922,0.9951
77,Train,PF2,9,Polyphaga,0.9968,0.9949,0.9958
77,Train,PF2,10,Symphyta,0.9744,0.9836,0.979
77,Train,PF2,11,grasshopper,0.8448,0.9972,0.9147
77,Train,PF2,12,scorpion_fly,0.7845,0.0949,0.1693
77,Train,PF1,0,Aculeata,0.9945,0.9905,0.9925
77,Train,PF1,1,Araneomorphae,0.993,0.9935,0.9933
77,Train,PF1,2,Asilomorpha,0.9946,0.995,0.9948
77,Train,PF1,3,Bibionomorpha,0.9968,0.9971,0.997
77,Train,PF1,4,Cucujiformia,0.9974,0.9955,0.9965
77,Train,PF1,5,Culicomorpha,0.9985,0.9928,0.9956
77,Train,PF1,6,Epidermaptera,0.9815,0.9845,0.983
77,Train,PF1,7,Heterocera,0.997,0.9852,0.9911
77,Train,PF1,8,Muscomorpha,0.9933,0.9969,0.9951
77,Train,PF1,9,Parasitica,0.9851,0.9782,0.9816
77,Train,PF1,10,Pentatomomorpha,0.9942,0.9741,0.984
77,Train,PF1,11,Plenitentoria,0.9977,0.9989,0.9983
77,Train,PF1,12,Rhopalocera,0.9911,0.9943,0.9927
77,Train,PF1,13,lacewing,0.9925,0.9986,0.9956
77,Train,PF1,14,saw_fly,0.9846,0.9826,0.9836
77,Train,Leaf Class (Softmax),0,Ichneumonoidea,0.9859,0.9798,0.9828
77,Train,Leaf Class (Softmax),1,Muscoidea,0.9042,0.8869,0.8954
77,Train,Leaf Class (Softmax),2,ant,0.9941,0.9959,0.995
77,Train,Leaf Class (Softmax),3,ant_beetle,0.9981,0.9966,0.9974
77,Train,Leaf Class (Softmax),4,bug,0.992,0.9848,0.9884
77,Train,Leaf Class (Softmax),5,butterfly,0.9952,0.9968,0.996
77,Train,Leaf Class (Softmax),6,caddisfly,0.9981,0.9985,0.9983
77,Train,Leaf Class (Softmax),7,dance_fly,0.9919,0.9866,0.9893
77,Train,Leaf Class (Softmax),8,earwig,0.9914,0.9884,0.9899
77,Train,Leaf Class (Softmax),9,fever_fly,0.9975,0.9979,0.9977
77,Train,Leaf Class (Softmax),10,flesh_fly,0.9838,0.984,0.9839
77,Train,Leaf Class (Softmax),11,fly,0.8847,0.9022,0.8934
77,Train,Leaf Class (Softmax),12,fruit_fly,0.9942,0.9944,0.9943
77,Train,Leaf Class (Softmax),13,hoverfly,0.9921,0.9932,0.9926
77,Train,Leaf Class (Softmax),14,ladybug,0.9962,0.9967,0.9964
77,Train,Leaf Class (Softmax),15,leaf_beetle,0.9979,0.9979,0.9979
77,Train,Leaf Class (Softmax),16,midge,0.9971,0.9954,0.9963
77,Train,Leaf Class (Softmax),17,moth,0.9941,0.9939,0.994
77,Train,Leaf Class (Softmax),18,robber_fly,0.9962,0.9961,0.9962
77,Train,Leaf Class (Softmax),19,spider,0.9901,0.995,0.9925
77,Train,Leaf Class (Softmax),20,wasp,0.9703,0.9605,0.9653
77,Train,Leaf Class (Softmax),21,weevil,0.9971,0.9965,0.9968
77,Train,Leaf Class (Sigmoid),0,Ichneumonoidea,0.9839,0.9847,0.9843
77,Train,Leaf Class (Sigmoid),1,Muscoidea,0.8433,0.9339,0.8863
77,Train,Leaf Class (Sigmoid),2,ant,0.9951,0.9951,0.9951
77,Train,Leaf Class (Sigmoid),3,ant_beetle,0.9974,0.9974,0.9974
77,Train,Leaf Class (Sigmoid),4,bug,0.9965,0.9707,0.9834
77,Train,Leaf Class (Sigmoid),5,butterfly,0.9967,0.9911,0.9939
77,Train,Leaf Class (Sigmoid),6,caddisfly,0.9977,0.9985,0.9981
77,Train,Leaf Class (Sigmoid),7,dance_fly,0.9953,0.9819,0.9885
77,Train,Leaf Class (Sigmoid),8,earwig,0.993,0.986,0.9895
77,Train,Leaf Class (Sigmoid),9,fever_fly,0.9979,0.9957,0.9968
77,Train,Leaf Class (Sigmoid),10,flesh_fly,0.9791,0.9851,0.9821
77,Train,Leaf Class (Sigmoid),11,fly,0.9222,0.8307,0.8741
77,Train,Leaf Class (Sigmoid),12,fruit_fly,0.9923,0.9953,0.9938
77,Train,Leaf Class (Sigmoid),13,hoverfly,0.9918,0.9922,0.992
77,Train,Leaf Class (Sigmoid),14,ladybug,0.994,0.9974,0.9957
77,Train,Leaf Class (Sigmoid),15,leaf_beetle,0.9967,0.9983,0.9975
77,Train,Leaf Class (Sigmoid),16,midge,0.9992,0.9933,0.9963
77,Train,Leaf Class (Sigmoid),17,moth,0.9975,0.9843,0.9909
77,Train,Leaf Class (Sigmoid),18,robber_fly,0.995,0.9965,0.9958
77,Train,Leaf Class (Sigmoid),19,spider,0.9886,0.994,0.9913
77,Train,Leaf Class (Sigmoid),20,wasp,0.9762,0.9478,0.9618
77,Train,Leaf Class (Sigmoid),21,weevil,0.9978,0.9946,0.9962
77,Test,PF4,0,Arachnida,0.6896,0.8758,0.7716
77,Test,PF4,1,Insecta,0.9971,0.9909,0.994
77,Test,PF3,0,Araneae,0.7018,0.8752,0.779
77,Test,PF3,1,Coleoptera,0.9055,0.8103,0.8553
77,Test,PF3,2,Dermaptera,0.9231,0.1754,0.2948
77,Test,PF3,3,Diptera,0.9117,0.9583,0.9344
77,Test,PF3,4,Hemiptera,0.9552,0.7057,0.8117
77,Test,PF3,5,Hymenoptera,0.8745,0.8159,0.8442
77,Test,PF3,6,Lepidoptera,0.7606,0.6047,0.6737
77,Test,PF3,7,Mecoptera,0.1933,0.3515,0.2494
77,Test,PF3,8,Neuroptera,0.6445,0.4997,0.563
77,Test,PF3,9,Orthoptera,0.6793,0.9782,0.8018
77,Test,PF3,10,Trichoptera,0.9977,0.9513,0.974
77,Test,PF2,0,Apocrita,0.8824,0.8284,0.8546
77,Test,PF2,1,Arneomorphae,0.7428,0.8746,0.8033
77,Test,PF2,2,Brachycera,0.8882,0.9558,0.9208
77,Test,PF2,3,Forficulina,0.9016,0.1608,0.273
77,Test,PF2,4,Glossata,0.761,0.6,0.671
77,Test,PF2,5,Hemerobiiformia,0.8145,0.4977,0.6178
77,Test,PF2,6,Heteroptera,0.961,0.7026,0.8117
77,Test,PF2,7,Integripalpia,0.9977,0.9224,0.9586
77,Test,PF2,8,Nematocera,0.9594,0.966,0.9627
77,Test,PF2,9,Polyphaga,0.9357,0.8075,0.8669
77,Test,PF2,10,Symphyta,0.9021,0.76,0.825
77,Test,PF2,11,grasshopper,0.5578,0.9875,0.7129
77,Test,PF2,12,scorpion_fly,0.1593,0.0882,0.1135
77,Test,PF1,0,Aculeata,0.8935,0.8608,0.8768
77,Test,PF1,1,Araneomorphae,0.7136,0.874,0.7857
77,Test,PF1,2,Asilomorpha,0.8069,0.7773,0.7918
77,Test,PF1,3,Bibionomorpha,0.9976,0.8938,0.9429
77,Test,PF1,4,Cucujiformia,0.9108,0.8042,0.8542
77,Test,PF1,5,Culicomorpha,0.943,0.9928,0.9672
77,Test,PF1,6,Epidermaptera,0.9222,0.1618,0.2753
77,Test,PF1,7,Heterocera,0.7428,0.6562,0.6968
77,Test,PF1,8,Muscomorpha,0.8052,0.9423,0.8684
77,Test,PF1,9,Parasitica,0.5965,0.6031,0.5998
77,Test,PF1,10,Pentatomomorpha,0.9587,0.698,0.8078
77,Test,PF1,11,Plenitentoria,0.9965,0.9694,0.9827
77,Test,PF1,12,Rhopalocera,0.7762,0.9261,0.8446
77,Test,PF1,13,lacewing,0.7339,0.5939,0.6565
77,Test,PF1,14,saw_fly,0.898,0.7365,0.8093
77,Test,Leaf Class (Softmax),0,Ichneumonoidea,0.591,0.6188,0.6046
77,Test,Leaf Class (Softmax),1,Muscoidea,0.3539,0.572,0.4373
77,Test,Leaf Class (Softmax),2,ant,0.892,0.8755,0.8837
77,Test,Leaf Class (Softmax),3,ant_beetle,0.9177,0.9483,0.9328
77,Test,Leaf Class (Softmax),4,bug,0.96,0.7018,0.8109
77,Test,Leaf Class (Softmax),5,butterfly,0.7654,0.9034,0.8287
77,Test,Leaf Class (Softmax),6,caddisfly,0.9978,0.9672,0.9823
77,Test,Leaf Class (Softmax),7,dance_fly,0.8138,0.64,0.7165
77,Test,Leaf Class (Softmax),8,earwig,0.8846,0.1121,0.199
77,Test,Leaf Class (Softmax),9,fever_fly,0.9984,0.8974,0.9452
77,Test,Leaf Class (Softmax),10,flesh_fly,0.7864,0.7712,0.7787
77,Test,Leaf Class (Softmax),11,fly,0.3688,0.5255,0.4334
77,Test,Leaf Class (Softmax),12,fruit_fly,0.8936,0.6068,0.7228
77,Test,Leaf Class (Softmax),13,hoverfly,0.8281,0.8465,0.8372
77,Test,Leaf Class (Softmax),14,ladybug,0.9176,0.9408,0.929
77,Test,Leaf Class (Softmax),15,leaf_beetle,0.0863,0.0169,0.0283
77,Test,Leaf Class (Softmax),16,midge,0.9462,0.9932,0.9691
77,Test,Leaf Class (Softmax),17,moth,0.8501,0.8022,0.8255
77,Test,Leaf Class (Softmax),18,robber_fly,0.7965,0.8015,0.799
77,Test,Leaf Class (Softmax),19,spider,0.7422,0.8752,0.8032
77,Test,Leaf Class (Softmax),20,wasp,0.8898,0.8119,0.8491
77,Test,Leaf Class (Softmax),21,weevil,0.8809,0.7732,0.8236
77,Test,Leaf Class (Sigmoid),0,Ichneumonoidea,0.6261,0.6233,0.6247
77,Test,Leaf Class (Sigmoid),1,Muscoidea,0.3785,0.4865,0.4258
77,Test,Leaf Class (Sigmoid),2,ant,0.8806,0.8772,0.8789
77,Test,Leaf Class (Sigmoid),3,ant_beetle,0.94,0.949,0.9445
77,Test,Leaf Class (Sigmoid),4,bug,0.9302,0.7088,0.8045
77,Test,Leaf Class (Sigmoid),5,butterfly,0.7771,0.9241,0.8443
77,Test,Leaf Class (Sigmoid),6,caddisfly,0.9991,0.9582,0.9782
77,Test,Leaf Class (Sigmoid),7,dance_fly,0.7738,0.6575,0.7109
77,Test,Leaf Class (Sigmoid),8,earwig,0.9139,0.1345,0.2345
77,Test,Leaf Class (Sigmoid),9,fever_fly,0.9984,0.9016,0.9476
77,Test,Leaf Class (Sigmoid),10,flesh_fly,0.8171,0.7662,0.7909
77,Test,Leaf Class (Sigmoid),11,fly,0.3701,0.6218,0.464
77,Test,Leaf Class (Sigmoid),12,fruit_fly,0.912,0.5853,0.713
77,Test,Leaf Class (Sigmoid),13,hoverfly,0.8159,0.851,0.8331
77,Test,Leaf Class (Sigmoid),14,ladybug,0.9439,0.9372,0.9405
77,Test,Leaf Class (Sigmoid),15,leaf_beetle,0.0816,0.0123,0.0214
77,Test,Leaf Class (Sigmoid),16,midge,0.9339,0.9968,0.9643
77,Test,Leaf Class (Sigmoid),17,moth,0.8027,0.834,0.818
77,Test,Leaf Class (Sigmoid),18,robber_fly,0.8146,0.7985,0.8065
77,Test,Leaf Class (Sigmoid),19,spider,0.7261,0.8734,0.793
77,Test,Leaf Class (Sigmoid),20,wasp,0.8799,0.8239,0.851
77,Test,Leaf Class (Sigmoid),21,weevil,0.8464,0.7755,0.8094
78,Train,PF4,0,Arachnida,0.9756,0.997,0.9862
78,Train,PF4,1,Insecta,1.0,0.9998,0.9999
78,Train,PF3,0,Araneae,0.9906,0.9965,0.9935
78,Train,PF3,1,Coleoptera,0.9953,0.9957,0.9955
78,Train,PF3,2,Dermaptera,0.9815,0.9884,0.9849
78,Train,PF3,3,Diptera,0.9961,0.9946,0.9954
78,Train,PF3,4,Hemiptera,0.992,0.9735,0.9826
78,Train,PF3,5,Hymenoptera,0.9902,0.9902,0.9902
78,Train,PF3,6,Lepidoptera,0.9887,0.979,0.9838
78,Train,PF3,7,Mecoptera,0.8868,0.3445,0.4962
78,Train,PF3,8,Neuroptera,0.993,0.9984,0.9957
78,Train,PF3,9,Orthoptera,0.888,0.9948,0.9384
78,Train,PF3,10,Trichoptera,1.0,0.9966,0.9983
78,Train,PF2,0,Apocrita,0.9955,0.9894,0.9924
78,Train,PF2,1,Arneomorphae,0.996,0.986,0.991
78,Train,PF2,2,Brachycera,0.9954,0.9953,0.9953
78,Train,PF2,3,Forficulina,0.9815,0.9876,0.9845
78,Train,PF2,4,Glossata,0.9897,0.9705,0.98
78,Train,PF2,5,Hemerobiiformia,0.9946,0.9979,0.9963
78,Train,PF2,6,Heteroptera,0.9931,0.9786,0.9858
78,Train,PF2,7,Integripalpia,0.9996,0.9928,0.9962
78,Train,PF2,8,Nematocera,0.9984,0.9926,0.9955
78,Train,PF2,9,Polyphaga,0.9969,0.9947,0.9958
78,Train,PF2,10,Symphyta,0.9765,0.987,0.9817
78,Train,PF2,11,grasshopper,0.8446,0.9978,0.9148
78,Train,PF2,12,scorpion_fly,0.7979,0.0932,0.167
78,Train,PF1,0,Aculeata,0.9936,0.9925,0.9931
78,Train,PF1,1,Araneomorphae,0.996,0.9955,0.9958
78,Train,PF1,2,Asilomorpha,0.9958,0.9953,0.9955
78,Train,PF1,3,Bibionomorpha,0.9979,0.9971,0.9975
78,Train,PF1,4,Cucujiformia,0.9975,0.9958,0.9966
78,Train,PF1,5,Culicomorpha,0.9994,0.9924,0.9959
78,Train,PF1,6,Epidermaptera,0.9869,0.9891,0.988
78,Train,PF1,7,Heterocera,0.995,0.9852,0.9901
78,Train,PF1,8,Muscomorpha,0.9937,0.9971,0.9954
78,Train,PF1,9,Parasitica,0.9896,0.9794,0.9845
78,Train,PF1,10,Pentatomomorpha,0.996,0.9769,0.9863
78,Train,PF1,11,Plenitentoria,0.9989,0.9989,0.9989
78,Train,PF1,12,Rhopalocera,0.9968,0.9927,0.9947
78,Train,PF1,13,lacewing,0.9935,0.9982,0.9958
78,Train,PF1,14,saw_fly,0.9867,0.9844,0.9855
78,Train,Leaf Class (Softmax),0,Ichneumonoidea,0.988,0.9872,0.9876
78,Train,Leaf Class (Softmax),1,Muscoidea,0.9046,0.8884,0.8964
78,Train,Leaf Class (Softmax),2,ant,0.9951,0.9967,0.9959
78,Train,Leaf Class (Softmax),3,ant_beetle,0.9985,0.9974,0.9979
78,Train,Leaf Class (Softmax),4,bug,0.9876,0.9876,0.9876
78,Train,Leaf Class (Softmax),5,butterfly,0.9976,0.9927,0.9951
78,Train,Leaf Class (Softmax),6,caddisfly,0.9989,0.9989,0.9989
78,Train,Leaf Class (Softmax),7,dance_fly,0.9933,0.9913,0.9923
78,Train,Leaf Class (Softmax),8,earwig,0.9953,0.9907,0.993
78,Train,Leaf Class (Softmax),9,fever_fly,0.9968,0.9979,0.9973
78,Train,Leaf Class (Softmax),10,flesh_fly,0.9855,0.9855,0.9855
78,Train,Leaf Class (Softmax),11,fly,0.8847,0.9007,0.8926
78,Train,Leaf Class (Softmax),12,fruit_fly,0.9946,0.9954,0.995
78,Train,Leaf Class (Softmax),13,hoverfly,0.9914,0.9921,0.9918
78,Train,Leaf Class (Softmax),14,ladybug,0.9955,0.9962,0.9959
78,Train,Leaf Class (Softmax),15,leaf_beetle,0.9977,0.998,0.9979
78,Train,Leaf Class (Softmax),16,midge,0.9979,0.9952,0.9966
78,Train,Leaf Class (Softmax),17,moth,0.9929,0.993,0.9929
78,Train,Leaf Class (Softmax),18,robber_fly,0.9971,0.9962,0.9967
78,Train,Leaf Class (Softmax),19,spider,0.993,0.997,0.995
78,Train,Leaf Class (Softmax),20,wasp,0.9678,0.9605,0.9641
78,Train,Leaf Class (Softmax),21,weevil,0.9977,0.9963,0.997
78,Train,Leaf Class (Sigmoid),0,Ichneumonoidea,0.984,0.9885,0.9862
78,Train,Leaf Class (Sigmoid),1,Muscoidea,0.8473,0.9359,0.8894
78,Train,Leaf Class (Sigmoid),2,ant,0.995,0.9962,0.9956
78,Train,Leaf Class (Sigmoid),3,ant_beetle,0.997,0.9963,0.9966
78,Train,Leaf Class (Sigmoid),4,bug,0.9937,0.9746,0.9841
78,Train,Leaf Class (Sigmoid),5,butterfly,0.9975,0.9879,0.9927
78,Train,Leaf Class (Sigmoid),6,caddisfly,0.9989,0.9992,0.9991
78,Train,Leaf Class (Sigmoid),7,dance_fly,0.9952,0.9813,0.9882
78,Train,Leaf Class (Sigmoid),8,earwig,0.9953,0.9853,0.9903
78,Train,Leaf Class (Sigmoid),9,fever_fly,0.9964,0.9964,0.9964
78,Train,Leaf Class (Sigmoid),10,flesh_fly,0.9817,0.9872,0.9844
78,Train,Leaf Class (Sigmoid),11,fly,0.9227,0.8315,0.8747
78,Train,Leaf Class (Sigmoid),12,fruit_fly,0.993,0.9958,0.9944
78,Train,Leaf Class (Sigmoid),13,hoverfly,0.9913,0.9922,0.9918
78,Train,Leaf Class (Sigmoid),14,ladybug,0.9935,0.9969,0.9952
78,Train,Leaf Class (Sigmoid),15,leaf_beetle,0.9962,0.998,0.9971
78,Train,Leaf Class (Sigmoid),16,midge,0.9994,0.9928,0.9961
78,Train,Leaf Class (Sigmoid),17,moth,0.9961,0.9844,0.9902
78,Train,Leaf Class (Sigmoid),18,robber_fly,0.9959,0.9963,0.9961
78,Train,Leaf Class (Sigmoid),19,spider,0.9901,0.995,0.9925
78,Train,Leaf Class (Sigmoid),20,wasp,0.9724,0.9495,0.9608
78,Train,Leaf Class (Sigmoid),21,weevil,0.9985,0.995,0.9968
78,Test,PF4,0,Arachnida,0.735,0.8752,0.799
78,Test,PF4,1,Insecta,0.9971,0.9927,0.9949
78,Test,PF3,0,Araneae,0.7754,0.8722,0.821
78,Test,PF3,1,Coleoptera,0.9313,0.7915,0.8558
78,Test,PF3,2,Dermaptera,0.9255,0.1696,0.2867
78,Test,PF3,3,Diptera,0.8844,0.9635,0.9223
78,Test,PF3,4,Hemiptera,0.9642,0.7049,0.8144
78,Test,PF3,5,Hymenoptera,0.858,0.8451,0.8515
78,Test,PF3,6,Lepidoptera,0.7601,0.5373,0.6296
78,Test,PF3,7,Mecoptera,0.2242,0.2815,0.2496
78,Test,PF3,8,Neuroptera,0.7173,0.4737,0.5706
78,Test,PF3,9,Orthoptera,0.6631,0.9695,0.7876
78,Test,PF3,10,Trichoptera,0.9968,0.9539,0.9749
78,Test,PF2,0,Apocrita,0.8507,0.8443,0.8475
78,Test,PF2,1,Arneomorphae,0.7952,0.8704,0.8311
78,Test,PF2,2,Brachycera,0.8594,0.959,0.9065
78,Test,PF2,3,Forficulina,0.8927,0.154,0.2627
78,Test,PF2,4,Glossata,0.7609,0.5103,0.6109
78,Test,PF2,5,Hemerobiiformia,0.8581,0.4717,0.6087
78,Test,PF2,6,Heteroptera,0.9671,0.7018,0.8134
78,Test,PF2,7,Integripalpia,0.9972,0.9315,0.9632
78,Test,PF2,8,Nematocera,0.9643,0.9627,0.9635
78,Test,PF2,9,Polyphaga,0.9534,0.7895,0.8637
78,Test,PF2,10,Symphyta,0.902,0.7961,0.8458
78,Test,PF2,11,grasshopper,0.5766,0.9828,0.7268
78,Test,PF2,12,scorpion_fly,0.158,0.0713,0.0983
78,Test,PF1,0,Aculeata,0.8701,0.8708,0.8705
78,Test,PF1,1,Araneomorphae,0.7749,0.8716,0.8204
78,Test,PF1,2,Asilomorpha,0.8079,0.8038,0.8059
78,Test,PF1,3,Bibionomorpha,0.9929,0.8854,0.936
78,Test,PF1,4,Cucujiformia,0.9412,0.7887,0.8582
78,Test,PF1,5,Culicomorpha,0.9392,0.9932,0.9655
78,Test,PF1,6,Epidermaptera,0.9058,0.1686,0.2843
78,Test,PF1,7,Heterocera,0.7662,0.6875,0.7247
78,Test,PF1,8,Muscomorpha,0.7986,0.9483,0.867
78,Test,PF1,9,Parasitica,0.4559,0.6143,0.5234
78,Test,PF1,10,Pentatomomorpha,0.9497,0.6988,0.8051
78,Test,PF1,11,Plenitentoria,0.9969,0.969,0.9827
78,Test,PF1,12,Rhopalocera,0.7988,0.9232,0.8565
78,Test,PF1,13,lacewing,0.8427,0.5127,0.6376
78,Test,PF1,14,saw_fly,0.8911,0.7732,0.828
78,Test,Leaf Class (Softmax),0,Ichneumonoidea,0.4866,0.6525,0.5575
78,Test,Leaf Class (Softmax),1,Muscoidea,0.3664,0.574,0.4473
78,Test,Leaf Class (Softmax),2,ant,0.8734,0.8832,0.8783
78,Test,Leaf Class (Softmax),3,ant_beetle,0.8973,0.9431,0.9196
78,Test,Leaf Class (Softmax),4,bug,0.963,0.7026,0.8125
78,Test,Leaf Class (Softmax),5,butterfly,0.8135,0.9113,0.8597
78,Test,Leaf Class (Softmax),6,caddisfly,0.9987,0.9655,0.9818
78,Test,Leaf Class (Softmax),7,dance_fly,0.7918,0.6613,0.7207
78,Test,Leaf Class (Softmax),8,earwig,0.828,0.075,0.1376
78,Test,Leaf Class (Softmax),9,fever_fly,0.9984,0.8889,0.9405
78,Test,Leaf Class (Softmax),10,flesh_fly,0.7927,0.787,0.7899
78,Test,Leaf Class (Softmax),11,fly,0.3436,0.5522,0.4236
78,Test,Leaf Class (Softmax),12,fruit_fly,0.8811,0.6005,0.7142
78,Test,Leaf Class (Softmax),13,hoverfly,0.8391,0.849,0.844
78,Test,Leaf Class (Softmax),14,ladybug,0.9523,0.9335,0.9428
78,Test,Leaf Class (Softmax),15,leaf_beetle,0.0261,0.0061,0.01
78,Test,Leaf Class (Softmax),16,midge,0.9482,0.9922,0.9697
78,Test,Leaf Class (Softmax),17,moth,0.8552,0.7028,0.7715
78,Test,Leaf Class (Softmax),18,robber_fly,0.8109,0.8222,0.8165
78,Test,Leaf Class (Softmax),19,spider,0.8018,0.8698,0.8344
78,Test,Leaf Class (Softmax),20,wasp,0.8623,0.811,0.8358
78,Test,Leaf Class (Softmax),21,weevil,0.8869,0.7622,0.8198
78,Test,Leaf Class (Sigmoid),0,Ichneumonoidea,0.5467,0.6435,0.5911
78,Test,Leaf Class (Sigmoid),1,Muscoidea,0.4001,0.492,0.4413
78,Test,Leaf Class (Sigmoid),2,ant,0.8702,0.8968,0.8833
78,Test,Leaf Class (Sigmoid),3,ant_beetle,0.9117,0.946,0.9285
78,Test,Leaf Class (Sigmoid),4,bug,0.9178,0.7057,0.7979
78,Test,Leaf Class (Sigmoid),5,butterfly,0.8266,0.93,0.8753
78,Test,Leaf Class (Sigmoid),6,caddisfly,0.9991,0.9517,0.9748
78,Test,Leaf Class (Sigmoid),7,dance_fly,0.7679,0.6888,0.7262
78,Test,Leaf Class (Sigmoid),8,earwig,0.8779,0.1121,0.1988
78,Test,Leaf Class (Sigmoid),9,fever_fly,0.9961,0.9002,0.9457
78,Test,Leaf Class (Sigmoid),10,flesh_fly,0.8315,0.7758,0.8026
78,Test,Leaf Class (Sigmoid),11,fly,0.3411,0.645,0.4462
78,Test,Leaf Class (Sigmoid),12,fruit_fly,0.904,0.5818,0.7079
78,Test,Leaf Class (Sigmoid),13,hoverfly,0.8314,0.8518,0.8414
78,Test,Leaf Class (Sigmoid),14,ladybug,0.9717,0.9265,0.9486
78,Test,Leaf Class (Sigmoid),15,leaf_beetle,0.0044,0.0008,0.0013
78,Test,Leaf Class (Sigmoid),16,midge,0.9307,0.9935,0.9611
78,Test,Leaf Class (Sigmoid),17,moth,0.8317,0.7338,0.7797
78,Test,Leaf Class (Sigmoid),18,robber_fly,0.8209,0.8228,0.8218
78,Test,Leaf Class (Sigmoid),19,spider,0.7883,0.8704,0.8273
78,Test,Leaf Class (Sigmoid),20,wasp,0.8419,0.8174,0.8295
78,Test,Leaf Class (Sigmoid),21,weevil,0.8419,0.7692,0.8039
79,Train,PF4,0,Arachnida,0.9737,0.998,0.9857
79,Train,PF4,1,Insecta,1.0,0.9998,0.9999
79,Train,PF3,0,Araneae,0.992,0.9935,0.9928
79,Train,PF3,1,Coleoptera,0.9956,0.9955,0.9956
79,Train,PF3,2,Dermaptera,0.9807,0.9845,0.9826
79,Train,PF3,3,Diptera,0.9961,0.9947,0.9954
79,Train,PF3,4,Hemiptera,0.9908,0.9729,0.9818
79,Train,PF3,5,Hymenoptera,0.9904,0.9907,0.9906
79,Train,PF3,6,Lepidoptera,0.9888,0.9795,0.9842
79,Train,PF3,7,Mecoptera,0.8705,0.2956,0.4413
79,Train,PF3,8,Neuroptera,0.9921,0.9985,0.9953
79,Train,PF3,9,Orthoptera,0.8823,0.9951,0.9353
79,Train,PF3,10,Trichoptera,0.9996,0.997,0.9983
79,Train,PF2,0,Apocrita,0.9949,0.9892,0.992
79,Train,PF2,1,Arneomorphae,0.9965,0.981,0.9887
79,Train,PF2,2,Brachycera,0.9953,0.9953,0.9953
79,Train,PF2,3,Forficulina,0.9845,0.9837,0.9841
79,Train,PF2,4,Glossata,0.9907,0.9709,0.9807
79,Train,PF2,5,Hemerobiiformia,0.9946,0.9983,0.9965
79,Train,PF2,6,Heteroptera,0.9909,0.9774,0.9841
79,Train,PF2,7,Integripalpia,1.0,0.9947,0.9973
79,Train,PF2,8,Nematocera,0.9981,0.9909,0.9945
79,Train,PF2,9,Polyphaga,0.9971,0.995,0.9961
79,Train,PF2,10,Symphyta,0.978,0.9867,0.9823
79,Train,PF2,11,grasshopper,0.844,0.9974,0.9143
79,Train,PF2,12,scorpion_fly,0.7491,0.0863,0.1548
79,Train,PF1,0,Aculeata,0.9941,0.9921,0.9931
79,Train,PF1,1,Araneomorphae,0.994,0.994,0.994
79,Train,PF1,2,Asilomorpha,0.9952,0.9952,0.9952
79,Train,PF1,3,Bibionomorpha,0.9968,0.9964,0.9966
79,Train,PF1,4,Cucujiformia,0.998,0.9961,0.9971
79,Train,PF1,5,Culicomorpha,0.999,0.9941,0.9966
79,Train,PF1,6,Epidermaptera,0.9876,0.9876,0.9876
79,Train,PF1,7,Heterocera,0.9967,0.9837,0.9902
79,Train,PF1,8,Muscomorpha,0.9938,0.9974,0.9956
79,Train,PF1,9,Parasitica,0.9872,0.9831,0.9851
79,Train,PF1,10,Pentatomomorpha,0.9954,0.9735,0.9843
79,Train,PF1,11,Plenitentoria,0.9981,0.9989,0.9985
79,Train,PF1,12,Rhopalocera,0.9943,0.9935,0.9939
79,Train,PF1,13,lacewing,0.9934,0.999,0.9962
79,Train,PF1,14,saw_fly,0.988,0.9857,0.9868
79,Train,Leaf Class (Softmax),0,Ichneumonoidea,0.988,0.9868,0.9874
79,Train,Leaf Class (Softmax),1,Muscoidea,0.9065,0.8892,0.8977
79,Train,Leaf Class (Softmax),2,ant,0.9959,0.9978,0.9968
79,Train,Leaf Class (Softmax),3,ant_beetle,0.9981,0.9978,0.9979
79,Train,Leaf Class (Softmax),4,bug,0.9926,0.9876,0.9901
79,Train,Leaf Class (Softmax),5,butterfly,0.9976,0.9943,0.9959
79,Train,Leaf Class (Softmax),6,caddisfly,0.9996,0.9985,0.9991
79,Train,Leaf Class (Softmax),7,dance_fly,0.9886,0.988,0.9883
79,Train,Leaf Class (Softmax),8,earwig,0.9907,0.9876,0.9891
79,Train,Leaf Class (Softmax),9,fever_fly,0.9968,0.9971,0.997
79,Train,Leaf Class (Softmax),10,flesh_fly,0.9841,0.9854,0.9847
79,Train,Leaf Class (Softmax),11,fly,0.8863,0.9039,0.895
79,Train,Leaf Class (Softmax),12,fruit_fly,0.9939,0.9941,0.994
79,Train,Leaf Class (Softmax),13,hoverfly,0.9923,0.9931,0.9927
79,Train,Leaf Class (Softmax),14,ladybug,0.9962,0.9961,0.9962
79,Train,Leaf Class (Softmax),15,leaf_beetle,0.9973,0.9979,0.9976
79,Train,Leaf Class (Softmax),16,midge,0.9979,0.9954,0.9967
79,Train,Leaf Class (Softmax),17,moth,0.9928,0.993,0.9929
79,Train,Leaf Class (Softmax),18,robber_fly,0.997,0.9965,0.9967
79,Train,Leaf Class (Softmax),19,spider,0.9955,0.996,0.9958
79,Train,Leaf Class (Softmax),20,wasp,0.9762,0.9651,0.9706
79,Train,Leaf Class (Softmax),21,weevil,0.9989,0.9976,0.9983
79,Train,Leaf Class (Sigmoid),0,Ichneumonoidea,0.9824,0.9901,0.9862
79,Train,Leaf Class (Sigmoid),1,Muscoidea,0.8488,0.9369,0.8907
79,Train,Leaf Class (Sigmoid),2,ant,0.9963,0.9967,0.9965
79,Train,Leaf Class (Sigmoid),3,ant_beetle,0.9978,0.9966,0.9972
79,Train,Leaf Class (Sigmoid),4,bug,0.9948,0.9741,0.9843
79,Train,Leaf Class (Sigmoid),5,butterfly,0.9967,0.9903,0.9935
79,Train,Leaf Class (Sigmoid),6,caddisfly,0.9985,0.9989,0.9987
79,Train,Leaf Class (Sigmoid),7,dance_fly,0.9959,0.9793,0.9875
79,Train,Leaf Class (Sigmoid),8,earwig,0.9899,0.9845,0.9872
79,Train,Leaf Class (Sigmoid),9,fever_fly,0.9964,0.9964,0.9964
79,Train,Leaf Class (Sigmoid),10,flesh_fly,0.9804,0.9871,0.9837
79,Train,Leaf Class (Sigmoid),11,fly,0.925,0.8369,0.8788
79,Train,Leaf Class (Sigmoid),12,fruit_fly,0.9923,0.9944,0.9934
79,Train,Leaf Class (Sigmoid),13,hoverfly,0.9917,0.992,0.9918
79,Train,Leaf Class (Sigmoid),14,ladybug,0.9939,0.9966,0.9952
79,Train,Leaf Class (Sigmoid),15,leaf_beetle,0.9965,0.9982,0.9974
79,Train,Leaf Class (Sigmoid),16,midge,0.9996,0.9943,0.9969
79,Train,Leaf Class (Sigmoid),17,moth,0.9969,0.9832,0.99
79,Train,Leaf Class (Sigmoid),18,robber_fly,0.9958,0.9969,0.9963
79,Train,Leaf Class (Sigmoid),19,spider,0.995,0.9935,0.9943
79,Train,Leaf Class (Sigmoid),20,wasp,0.9779,0.9508,0.9642
79,Train,Leaf Class (Sigmoid),21,weevil,0.9994,0.9963,0.9979
79,Test,PF4,0,Arachnida,0.705,0.8758,0.7812
79,Test,PF4,1,Insecta,0.9971,0.9915,0.9943
79,Test,PF3,0,Araneae,0.727,0.8758,0.7945
79,Test,PF3,1,Coleoptera,0.9115,0.7864,0.8443
79,Test,PF3,2,Dermaptera,0.9398,0.2281,0.3671
79,Test,PF3,3,Diptera,0.8994,0.9657,0.9314
79,Test,PF3,4,Hemiptera,0.9784,0.6995,0.8158
79,Test,PF3,5,Hymenoptera,0.8482,0.8367,0.8424
79,Test,PF3,6,Lepidoptera,0.8176,0.628,0.7104
79,Test,PF3,7,Mecoptera,0.2779,0.3774,0.3201
79,Test,PF3,8,Neuroptera,0.7881,0.4758,0.5934
79,Test,PF3,9,Orthoptera,0.686,0.9782,0.8065
79,Test,PF3,10,Trichoptera,0.9978,0.9737,0.9856
79,Test,PF2,0,Apocrita,0.8529,0.8558,0.8544
79,Test,PF2,1,Arneomorphae,0.7611,0.8758,0.8144
79,Test,PF2,2,Brachycera,0.8743,0.9606,0.9154
79,Test,PF2,3,Forficulina,0.9171,0.194,0.3202
79,Test,PF2,4,Glossata,0.8144,0.6245,0.7069
79,Test,PF2,5,Hemerobiiformia,0.8976,0.4696,0.6166
79,Test,PF2,6,Heteroptera,0.9805,0.6957,0.8139
79,Test,PF2,7,Integripalpia,0.9991,0.9694,0.984
79,Test,PF2,8,Nematocera,0.9656,0.9529,0.9592
79,Test,PF2,9,Polyphaga,0.9354,0.7822,0.852
79,Test,PF2,10,Symphyta,0.8947,0.74,0.81
79,Test,PF2,11,grasshopper,0.5846,0.9852,0.7338
79,Test,PF2,12,scorpion_fly,0.2467,0.0973,0.1395
79,Test,PF1,0,Aculeata,0.8543,0.8794,0.8667
79,Test,PF1,1,Araneomorphae,0.7381,0.8758,0.8011
79,Test,PF1,2,Asilomorpha,0.8335,0.7609,0.7956
79,Test,PF1,3,Bibionomorpha,0.9966,0.8422,0.9129
79,Test,PF1,4,Cucujiformia,0.9235,0.7823,0.8471
79,Test,PF1,5,Culicomorpha,0.9433,0.9935,0.9677
79,Test,PF1,6,Epidermaptera,0.9268,0.1852,0.3087
79,Test,PF1,7,Heterocera,0.7982,0.712,0.7526
79,Test,PF1,8,Muscomorpha,0.7928,0.953,0.8656
79,Test,PF1,9,Parasitica,0.5794,0.6054,0.5921
79,Test,PF1,10,Pentatomomorpha,0.9784,0.6965,0.8137
79,Test,PF1,11,Plenitentoria,0.996,0.9746,0.9852
79,Test,PF1,12,Rhopalocera,0.8546,0.8857,0.8699
79,Test,PF1,13,lacewing,0.7649,0.5601,0.6467
79,Test,PF1,14,saw_fly,0.8989,0.7228,0.8013
79,Test,Leaf Class (Softmax),0,Ichneumonoidea,0.6034,0.6413,0.6217
79,Test,Leaf Class (Softmax),1,Muscoidea,0.3602,0.5988,0.4498
79,Test,Leaf Class (Softmax),2,ant,0.8691,0.8768,0.8729
79,Test,Leaf Class (Softmax),3,ant_beetle,0.8817,0.9475,0.9134
79,Test,Leaf Class (Softmax),4,bug,0.971,0.6972,0.8117
79,Test,Leaf Class (Softmax),5,butterfly,0.8595,0.8739,0.8666
79,Test,Leaf Class (Softmax),6,caddisfly,0.9973,0.9724,0.9847
79,Test,Leaf Class (Softmax),7,dance_fly,0.8288,0.6018,0.6973
79,Test,Leaf Class (Softmax),8,earwig,0.9035,0.1004,0.1807
79,Test,Leaf Class (Softmax),9,fever_fly,0.9983,0.8401,0.9124
79,Test,Leaf Class (Softmax),10,flesh_fly,0.7343,0.7985,0.765
79,Test,Leaf Class (Softmax),11,fly,0.3547,0.5055,0.4169
79,Test,Leaf Class (Softmax),12,fruit_fly,0.8923,0.5965,0.715
79,Test,Leaf Class (Softmax),13,hoverfly,0.8253,0.8515,0.8382
79,Test,Leaf Class (Softmax),14,ladybug,0.9298,0.94,0.9349
79,Test,Leaf Class (Softmax),15,leaf_beetle,0.0643,0.0138,0.0228
79,Test,Leaf Class (Softmax),16,midge,0.9566,0.9925,0.9742
79,Test,Leaf Class (Softmax),17,moth,0.8863,0.826,0.8551
79,Test,Leaf Class (Softmax),18,robber_fly,0.8463,0.8012,0.8232
79,Test,Leaf Class (Softmax),19,spider,0.7623,0.8758,0.8151
79,Test,Leaf Class (Softmax),20,wasp,0.828,0.8276,0.8278
79,Test,Leaf Class (Softmax),21,weevil,0.9198,0.7598,0.8321
79,Test,Leaf Class (Sigmoid),0,Ichneumonoidea,0.6683,0.6278,0.6474
79,Test,Leaf Class (Sigmoid),1,Muscoidea,0.3898,0.5032,0.4393
79,Test,Leaf Class (Sigmoid),2,ant,0.8544,0.8975,0.8754
79,Test,Leaf Class (Sigmoid),3,ant_beetle,0.903,0.949,0.9254
79,Test,Leaf Class (Sigmoid),4,bug,0.9461,0.7034,0.8069
79,Test,Leaf Class (Sigmoid),5,butterfly,0.8786,0.8916,0.8851
79,Test,Leaf Class (Sigmoid),6,caddisfly,0.9991,0.9681,0.9834
79,Test,Leaf Class (Sigmoid),7,dance_fly,0.7935,0.6301,0.7024
79,Test,Leaf Class (Sigmoid),8,earwig,0.9211,0.1365,0.2377
79,Test,Leaf Class (Sigmoid),9,fever_fly,0.9975,0.8535,0.9199
79,Test,Leaf Class (Sigmoid),10,flesh_fly,0.7711,0.791,0.7809
79,Test,Leaf Class (Sigmoid),11,fly,0.3565,0.6122,0.4506
79,Test,Leaf Class (Sigmoid),12,fruit_fly,0.9155,0.5798,0.7099
79,Test,Leaf Class (Sigmoid),13,hoverfly,0.8208,0.8568,0.8384
79,Test,Leaf Class (Sigmoid),14,ladybug,0.9652,0.9362,0.9505
79,Test,Leaf Class (Sigmoid),15,leaf_beetle,0.0444,0.0061,0.0108
79,Test,Leaf Class (Sigmoid),16,midge,0.9415,0.9935,0.9668
79,Test,Leaf Class (Sigmoid),17,moth,0.8528,0.8542,0.8535
79,Test,Leaf Class (Sigmoid),18,robber_fly,0.8568,0.8015,0.8282
79,Test,Leaf Class (Sigmoid),19,spider,0.7366,0.8758,0.8002
79,Test,Leaf Class (Sigmoid),20,wasp,0.7827,0.8419,0.8112
79,Test,Leaf Class (Sigmoid),21,weevil,0.8926,0.7688,0.8261
80,Train,PF4,0,Arachnida,0.9713,0.9975,0.9842
80,Train,PF4,1,Insecta,1.0,0.9997,0.9999
80,Train,PF3,0,Araneae,0.995,0.9925,0.9938
80,Train,PF3,1,Coleoptera,0.9955,0.9958,0.9957
80,Train,PF3,2,Dermaptera,0.9748,0.9884,0.9815
80,Train,PF3,3,Diptera,0.9963,0.9948,0.9955
80,Train,PF3,4,Hemiptera,0.9931,0.9763,0.9846
80,Train,PF3,5,Hymenoptera,0.9902,0.9903,0.9902
80,Train,PF3,6,Lepidoptera,0.9874,0.9803,0.9838
80,Train,PF3,7,Mecoptera,0.8871,0.307,0.4561
80,Train,PF3,8,Neuroptera,0.9932,0.9978,0.9955
80,Train,PF3,9,Orthoptera,0.8831,0.9944,0.9355
80,Train,PF3,10,Trichoptera,0.9992,0.9951,0.9972
80,Train,PF2,0,Apocrita,0.9946,0.99,0.9923
80,Train,PF2,1,Arneomorphae,0.9975,0.979,0.9882
80,Train,PF2,2,Brachycera,0.9957,0.9953,0.9955
80,Train,PF2,3,Forficulina,0.9755,0.986,0.9807
80,Train,PF2,4,Glossata,0.9888,0.9734,0.981
80,Train,PF2,5,Hemerobiiformia,0.9944,0.9976,0.996
80,Train,PF2,6,Heteroptera,0.9949,0.982,0.9884
80,Train,PF2,7,Integripalpia,0.9996,0.9939,0.9968
80,Train,PF2,8,Nematocera,0.9983,0.9928,0.9955
80,Train,PF2,9,Polyphaga,0.9972,0.9953,0.9962
80,Train,PF2,10,Symphyta,0.977,0.9882,0.9826
80,Train,PF2,11,grasshopper,0.8446,0.9963,0.9142
80,Train,PF2,12,scorpion_fly,0.7863,0.0794,0.1442
80,Train,PF1,0,Aculeata,0.9936,0.9918,0.9927
80,Train,PF1,1,Araneomorphae,0.996,0.992,0.994
80,Train,PF1,2,Asilomorpha,0.9957,0.9957,0.9957
80,Train,PF1,3,Bibionomorpha,0.9982,0.9979,0.998
80,Train,PF1,4,Cucujiformia,0.9977,0.9959,0.9968
80,Train,PF1,5,Culicomorpha,0.999,0.9931,0.9961
80,Train,PF1,6,Epidermaptera,0.983,0.9876,0.9853
80,Train,PF1,7,Heterocera,0.9962,0.9839,0.99
80,Train,PF1,8,Muscomorpha,0.9941,0.9975,0.9958
80,Train,PF1,9,Parasitica,0.9855,0.979,0.9822
80,Train,PF1,10,Pentatomomorpha,0.996,0.9803,0.9881
80,Train,PF1,11,Plenitentoria,0.9989,0.9992,0.9991
80,Train,PF1,12,Rhopalocera,0.9895,0.9927,0.9911
80,Train,PF1,13,lacewing,0.9932,0.9985,0.9958
80,Train,PF1,14,saw_fly,0.988,0.9857,0.9868
80,Train,Leaf Class (Softmax),0,Ichneumonoidea,0.988,0.9819,0.9849
80,Train,Leaf Class (Softmax),1,Muscoidea,0.9108,0.8941,0.9024
80,Train,Leaf Class (Softmax),2,ant,0.9951,0.9971,0.9961
80,Train,Leaf Class (Softmax),3,ant_beetle,0.9985,0.9989,0.9987
80,Train,Leaf Class (Softmax),4,bug,0.9882,0.9915,0.9899
80,Train,Leaf Class (Softmax),5,butterfly,0.9943,0.9911,0.9927
80,Train,Leaf Class (Softmax),6,caddisfly,1.0,0.9992,0.9996
80,Train,Leaf Class (Softmax),7,dance_fly,0.9919,0.9873,0.9896
80,Train,Leaf Class (Softmax),8,earwig,0.9915,0.9891,0.9903
80,Train,Leaf Class (Softmax),9,fever_fly,0.9975,0.9986,0.998
80,Train,Leaf Class (Softmax),10,flesh_fly,0.9861,0.9856,0.9858
80,Train,Leaf Class (Softmax),11,fly,0.8891,0.9076,0.8983
80,Train,Leaf Class (Softmax),12,fruit_fly,0.9947,0.9949,0.9948
80,Train,Leaf Class (Softmax),13,hoverfly,0.9919,0.9929,0.9924
80,Train,Leaf Class (Softmax),14,ladybug,0.9961,0.9958,0.996
80,Train,Leaf Class (Softmax),15,leaf_beetle,0.9974,0.9982,0.9978
80,Train,Leaf Class (Softmax),16,midge,0.9979,0.996,0.997
80,Train,Leaf Class (Softmax),17,moth,0.9934,0.993,0.9932
80,Train,Leaf Class (Softmax),18,robber_fly,0.9976,0.9964,0.997
80,Train,Leaf Class (Softmax),19,spider,0.9945,0.9955,0.995
80,Train,Leaf Class (Softmax),20,wasp,0.9689,0.9562,0.9625
80,Train,Leaf Class (Softmax),21,weevil,0.9984,0.9977,0.9981
80,Train,Leaf Class (Sigmoid),0,Ichneumonoidea,0.9819,0.9827,0.9823
80,Train,Leaf Class (Sigmoid),1,Muscoidea,0.8522,0.9388,0.8934
80,Train,Leaf Class (Sigmoid),2,ant,0.9951,0.9958,0.9955
80,Train,Leaf Class (Sigmoid),3,ant_beetle,0.997,0.9985,0.9978
80,Train,Leaf Class (Sigmoid),4,bug,0.9977,0.978,0.9878
80,Train,Leaf Class (Sigmoid),5,butterfly,0.9959,0.9846,0.9902
80,Train,Leaf Class (Sigmoid),6,caddisfly,1.0,0.9989,0.9994
80,Train,Leaf Class (Sigmoid),7,dance_fly,0.9959,0.9806,0.9882
80,Train,Leaf Class (Sigmoid),8,earwig,0.9899,0.9837,0.9868
80,Train,Leaf Class (Sigmoid),9,fever_fly,0.9986,0.9989,0.9988
80,Train,Leaf Class (Sigmoid),10,flesh_fly,0.9825,0.9873,0.9849
80,Train,Leaf Class (Sigmoid),11,fly,0.9225,0.8386,0.8786
80,Train,Leaf Class (Sigmoid),12,fruit_fly,0.9937,0.9951,0.9944
80,Train,Leaf Class (Sigmoid),13,hoverfly,0.9916,0.9926,0.9921
80,Train,Leaf Class (Sigmoid),14,ladybug,0.9938,0.9966,0.9952
80,Train,Leaf Class (Sigmoid),15,leaf_beetle,0.9961,0.998,0.9971
80,Train,Leaf Class (Sigmoid),16,midge,0.9994,0.9926,0.996
80,Train,Leaf Class (Sigmoid),17,moth,0.9975,0.9832,0.9903
80,Train,Leaf Class (Sigmoid),18,robber_fly,0.9959,0.9965,0.9962
80,Train,Leaf Class (Sigmoid),19,spider,0.9905,0.9935,0.992
80,Train,Leaf Class (Sigmoid),20,wasp,0.9681,0.9445,0.9561
80,Train,Leaf Class (Sigmoid),21,weevil,0.9989,0.9962,0.9975
80,Test,PF4,0,Arachnida,0.6694,0.8758,0.7589
80,Test,PF4,1,Insecta,0.9971,0.99,0.9935
80,Test,PF3,0,Araneae,0.687,0.8746,0.7695
80,Test,PF3,1,Coleoptera,0.9082,0.7917,0.846
80,Test,PF3,2,Dermaptera,0.8583,0.1062,0.1891
80,Test,PF3,3,Diptera,0.8983,0.9649,0.9304
80,Test,PF3,4,Hemiptera,0.9837,0.698,0.8166
80,Test,PF3,5,Hymenoptera,0.8441,0.8216,0.8327
80,Test,PF3,6,Lepidoptera,0.7919,0.6302,0.7019
80,Test,PF3,7,Mecoptera,0.2358,0.3995,0.2966
80,Test,PF3,8,Neuroptera,0.8356,0.4732,0.6042
80,Test,PF3,9,Orthoptera,0.7096,0.978,0.8225
80,Test,PF3,10,Trichoptera,0.9995,0.9134,0.9545
80,Test,PF2,0,Apocrita,0.8441,0.8367,0.8404
80,Test,PF2,1,Arneomorphae,0.7319,0.8746,0.7969
80,Test,PF2,2,Brachycera,0.8744,0.9599,0.9152
80,Test,PF2,3,Forficulina,0.8205,0.0936,0.168
80,Test,PF2,4,Glossata,0.8013,0.612,0.694
80,Test,PF2,5,Hemerobiiformia,0.8913,0.4607,0.6075
80,Test,PF2,6,Heteroptera,0.9836,0.6949,0.8144
80,Test,PF2,7,Integripalpia,0.9995,0.8957,0.9448
80,Test,PF2,8,Nematocera,0.9628,0.961,0.9619
80,Test,PF2,9,Polyphaga,0.9279,0.7878,0.8521
80,Test,PF2,10,Symphyta,0.8879,0.7216,0.7962
80,Test,PF2,11,grasshopper,0.5798,0.9845,0.7298
80,Test,PF2,12,scorpion_fly,0.2267,0.1232,0.1597
80,Test,PF1,0,Aculeata,0.858,0.8612,0.8596
80,Test,PF1,1,Araneomorphae,0.7006,0.8746,0.778
80,Test,PF1,2,Asilomorpha,0.8348,0.769,0.8005
80,Test,PF1,3,Bibionomorpha,0.9984,0.8747,0.9325
80,Test,PF1,4,Cucujiformia,0.9202,0.788,0.849
80,Test,PF1,5,Culicomorpha,0.9439,0.9925,0.9676
80,Test,PF1,6,Epidermaptera,0.8348,0.0936,0.1683
80,Test,PF1,7,Heterocera,0.7799,0.6335,0.6991
80,Test,PF1,8,Muscomorpha,0.7919,0.9543,0.8655
80,Test,PF1,9,Parasitica,0.525,0.5897,0.5554
80,Test,PF1,10,Pentatomomorpha,0.9825,0.6911,0.8114
80,Test,PF1,11,Plenitentoria,0.9987,0.9707,0.9845
80,Test,PF1,12,Rhopalocera,0.8466,0.9025,0.8736
80,Test,PF1,13,lacewing,0.6273,0.5252,0.5718
80,Test,PF1,14,saw_fly,0.8871,0.7062,0.7864
80,Test,Leaf Class (Softmax),0,Ichneumonoidea,0.4901,0.6076,0.5425
80,Test,Leaf Class (Softmax),1,Muscoidea,0.3593,0.6302,0.4577
80,Test,Leaf Class (Softmax),2,ant,0.8506,0.8755,0.8629
80,Test,Leaf Class (Softmax),3,ant_beetle,0.8872,0.9534,0.9191
80,Test,Leaf Class (Softmax),4,bug,0.9858,0.6941,0.8146
80,Test,Leaf Class (Softmax),5,butterfly,0.8622,0.8936,0.8776
80,Test,Leaf Class (Softmax),6,caddisfly,0.9982,0.9655,0.9816
80,Test,Leaf Class (Softmax),7,dance_fly,0.8388,0.643,0.728
80,Test,Leaf Class (Softmax),8,earwig,0.7595,0.0585,0.1086
80,Test,Leaf Class (Softmax),9,fever_fly,0.9984,0.8811,0.9361
80,Test,Leaf Class (Softmax),10,flesh_fly,0.7426,0.799,0.7697
80,Test,Leaf Class (Softmax),11,fly,0.3568,0.4732,0.4069
80,Test,Leaf Class (Softmax),12,fruit_fly,0.8749,0.6032,0.7141
80,Test,Leaf Class (Softmax),13,hoverfly,0.8215,0.8448,0.833
80,Test,Leaf Class (Softmax),14,ladybug,0.9206,0.945,0.9326
80,Test,Leaf Class (Softmax),15,leaf_beetle,0.0736,0.0184,0.0295
80,Test,Leaf Class (Softmax),16,midge,0.9552,0.9912,0.9729
80,Test,Leaf Class (Softmax),17,moth,0.9079,0.8378,0.8714
80,Test,Leaf Class (Softmax),18,robber_fly,0.8385,0.7762,0.8062
80,Test,Leaf Class (Softmax),19,spider,0.7385,0.874,0.8006
80,Test,Leaf Class (Softmax),20,wasp,0.8877,0.8124,0.8483
80,Test,Leaf Class (Softmax),21,weevil,0.9284,0.7485,0.8288
80,Test,Leaf Class (Sigmoid),0,Ichneumonoidea,0.5519,0.5964,0.5733
80,Test,Leaf Class (Sigmoid),1,Muscoidea,0.3756,0.5685,0.4523
80,Test,Leaf Class (Sigmoid),2,ant,0.8401,0.893,0.8657
80,Test,Leaf Class (Sigmoid),3,ant_beetle,0.9099,0.9549,0.9318
80,Test,Leaf Class (Sigmoid),4,bug,0.966,0.7003,0.812
80,Test,Leaf Class (Sigmoid),5,butterfly,0.8659,0.9163,0.8904
80,Test,Leaf Class (Sigmoid),6,caddisfly,0.9991,0.9659,0.9822
80,Test,Leaf Class (Sigmoid),7,dance_fly,0.7958,0.6659,0.7251
80,Test,Leaf Class (Sigmoid),8,earwig,0.8,0.0702,0.129
80,Test,Leaf Class (Sigmoid),9,fever_fly,0.9984,0.8875,0.9397
80,Test,Leaf Class (Sigmoid),10,flesh_fly,0.7729,0.7912,0.782
80,Test,Leaf Class (Sigmoid),11,fly,0.3635,0.5448,0.436
80,Test,Leaf Class (Sigmoid),12,fruit_fly,0.9071,0.5885,0.7139
80,Test,Leaf Class (Sigmoid),13,hoverfly,0.8147,0.8518,0.8328
80,Test,Leaf Class (Sigmoid),14,ladybug,0.9517,0.9402,0.9459
80,Test,Leaf Class (Sigmoid),15,leaf_beetle,0.0711,0.0123,0.021
80,Test,Leaf Class (Sigmoid),16,midge,0.9415,0.993,0.9665
80,Test,Leaf Class (Sigmoid),17,moth,0.8593,0.849,0.8541
80,Test,Leaf Class (Sigmoid),18,robber_fly,0.8446,0.7798,0.8109
80,Test,Leaf Class (Sigmoid),19,spider,0.711,0.8746,0.7844
80,Test,Leaf Class (Sigmoid),20,wasp,0.8596,0.8216,0.8402
80,Test,Leaf Class (Sigmoid),21,weevil,0.8968,0.758,0.8216
81,Train,PF4,0,Arachnida,0.9732,0.998,0.9855
81,Train,PF4,1,Insecta,1.0,0.9998,0.9999
81,Train,PF3,0,Araneae,0.9925,0.9955,0.994
81,Train,PF3,1,Coleoptera,0.9955,0.9952,0.9953
81,Train,PF3,2,Dermaptera,0.983,0.9876,0.9853
81,Train,PF3,3,Diptera,0.9961,0.9949,0.9955
81,Train,PF3,4,Hemiptera,0.9948,0.9769,0.9858
81,Train,PF3,5,Hymenoptera,0.9901,0.9907,0.9904
81,Train,PF3,6,Lepidoptera,0.9881,0.9804,0.9842
81,Train,PF3,7,Mecoptera,0.8771,0.2964,0.4431
81,Train,PF3,8,Neuroptera,0.9946,0.9975,0.996
81,Train,PF3,9,Orthoptera,0.8828,0.9957,0.9359
81,Train,PF3,10,Trichoptera,0.9992,0.9958,0.9975
81,Train,PF2,0,Apocrita,0.9944,0.9899,0.9921
81,Train,PF2,1,Arneomorphae,0.9945,0.9855,0.99
81,Train,PF2,2,Brachycera,0.9957,0.9953,0.9955
81,Train,PF2,3,Forficulina,0.9823,0.9891,0.9857
81,Train,PF2,4,Glossata,0.9891,0.9734,0.9812
81,Train,PF2,5,Hemerobiiformia,0.9958,0.9974,0.9966
81,Train,PF2,6,Heteroptera,0.9937,0.9791,0.9864
81,Train,PF2,7,Integripalpia,0.9992,0.9928,0.996
81,Train,PF2,8,Nematocera,0.9976,0.9923,0.995
81,Train,PF2,9,Polyphaga,0.997,0.9948,0.9959
81,Train,PF2,10,Symphyta,0.977,0.9875,0.9822
81,Train,PF2,11,grasshopper,0.8447,0.9978,0.9149
81,Train,PF2,12,scorpion_fly,0.7733,0.0778,0.1413
81,Train,PF1,0,Aculeata,0.9941,0.9909,0.9925
81,Train,PF1,1,Araneomorphae,0.9935,0.9945,0.994
81,Train,PF1,2,Asilomorpha,0.9953,0.9942,0.9947
81,Train,PF1,3,Bibionomorpha,0.9964,0.9964,0.9964
81,Train,PF1,4,Cucujiformia,0.9972,0.9957,0.9964
81,Train,PF1,5,Culicomorpha,0.9983,0.9935,0.9959
81,Train,PF1,6,Epidermaptera,0.9861,0.9868,0.9864
81,Train,PF1,7,Heterocera,0.9963,0.9829,0.9895
81,Train,PF1,8,Muscomorpha,0.9933,0.9974,0.9953
81,Train,PF1,9,Parasitica,0.9884,0.9843,0.9864
81,Train,PF1,10,Pentatomomorpha,0.9965,0.9729,0.9846
81,Train,PF1,11,Plenitentoria,0.9977,0.9992,0.9985
81,Train,PF1,12,Rhopalocera,0.9959,0.9935,0.9947
81,Train,PF1,13,lacewing,0.9938,0.9981,0.996
81,Train,PF1,14,saw_fly,0.9872,0.9862,0.9867
81,Train,Leaf Class (Softmax),0,Ichneumonoidea,0.9868,0.9864,0.9866
81,Train,Leaf Class (Softmax),1,Muscoidea,0.9099,0.8958,0.9028
81,Train,Leaf Class (Softmax),2,ant,0.9949,0.9967,0.9958
81,Train,Leaf Class (Softmax),3,ant_beetle,0.997,0.997,0.997
81,Train,Leaf Class (Softmax),4,bug,0.9915,0.9893,0.9904
81,Train,Leaf Class (Softmax),5,butterfly,0.9959,0.9927,0.9943
81,Train,Leaf Class (Softmax),6,caddisfly,0.9985,0.9992,0.9989
81,Train,Leaf Class (Softmax),7,dance_fly,0.9933,0.9893,0.9913
81,Train,Leaf Class (Softmax),8,earwig,0.9907,0.9884,0.9895
81,Train,Leaf Class (Softmax),9,fever_fly,0.9975,0.9975,0.9975
81,Train,Leaf Class (Softmax),10,flesh_fly,0.985,0.9849,0.985
81,Train,Leaf Class (Softmax),11,fly,0.8916,0.9053,0.8984
81,Train,Leaf Class (Softmax),12,fruit_fly,0.9951,0.9956,0.9953
81,Train,Leaf Class (Softmax),13,hoverfly,0.992,0.9935,0.9928
81,Train,Leaf Class (Softmax),14,ladybug,0.9961,0.9964,0.9963
81,Train,Leaf Class (Softmax),15,leaf_beetle,0.9976,0.9976,0.9976
81,Train,Leaf Class (Softmax),16,midge,0.9969,0.9947,0.9958
81,Train,Leaf Class (Softmax),17,moth,0.9926,0.9938,0.9932
81,Train,Leaf Class (Softmax),18,robber_fly,0.9967,0.9957,0.9962
81,Train,Leaf Class (Softmax),19,spider,0.9945,0.996,0.9953
81,Train,Leaf Class (Softmax),20,wasp,0.9748,0.9605,0.9676
81,Train,Leaf Class (Softmax),21,weevil,0.9979,0.9979,0.9979
81,Train,Leaf Class (Sigmoid),0,Ichneumonoidea,0.9824,0.9889,0.9856
81,Train,Leaf Class (Sigmoid),1,Muscoidea,0.849,0.9398,0.8921
81,Train,Leaf Class (Sigmoid),2,ant,0.9953,0.9956,0.9954
81,Train,Leaf Class (Sigmoid),3,ant_beetle,0.9974,0.9974,0.9974
81,Train,Leaf Class (Sigmoid),4,bug,0.9948,0.9763,0.9855
81,Train,Leaf Class (Sigmoid),5,butterfly,0.9967,0.9862,0.9915
81,Train,Leaf Class (Sigmoid),6,caddisfly,0.9981,0.9992,0.9987
81,Train,Leaf Class (Sigmoid),7,dance_fly,0.9966,0.9846,0.9906
81,Train,Leaf Class (Sigmoid),8,earwig,0.9922,0.9853,0.9887
81,Train,Leaf Class (Sigmoid),9,fever_fly,0.9961,0.9954,0.9957
81,Train,Leaf Class (Sigmoid),10,flesh_fly,0.9818,0.9868,0.9843
81,Train,Leaf Class (Sigmoid),11,fly,0.9285,0.8353,0.8794
81,Train,Leaf Class (Sigmoid),12,fruit_fly,0.9934,0.996,0.9947
81,Train,Leaf Class (Sigmoid),13,hoverfly,0.9914,0.9936,0.9925
81,Train,Leaf Class (Sigmoid),14,ladybug,0.994,0.9971,0.9955
81,Train,Leaf Class (Sigmoid),15,leaf_beetle,0.9967,0.9978,0.9973
81,Train,Leaf Class (Sigmoid),16,midge,0.999,0.9935,0.9963
81,Train,Leaf Class (Sigmoid),17,moth,0.9969,0.9846,0.9907
81,Train,Leaf Class (Sigmoid),18,robber_fly,0.9962,0.9959,0.9961
81,Train,Leaf Class (Sigmoid),19,spider,0.993,0.9965,0.9948
81,Train,Leaf Class (Sigmoid),20,wasp,0.977,0.9483,0.9624
81,Train,Leaf Class (Sigmoid),21,weevil,0.9985,0.9966,0.9976
81,Test,PF4,0,Arachnida,0.6427,0.8758,0.7413
81,Test,PF4,1,Insecta,0.9971,0.9887,0.9929
81,Test,PF3,0,Araneae,0.658,0.874,0.7508
81,Test,PF3,1,Coleoptera,0.9216,0.7877,0.8494
81,Test,PF3,2,Dermaptera,0.8317,0.0819,0.1491
81,Test,PF3,3,Diptera,0.9026,0.9663,0.9334
81,Test,PF3,4,Hemiptera,0.956,0.7034,0.8105
81,Test,PF3,5,Hymenoptera,0.867,0.8111,0.8382
81,Test,PF3,6,Lepidoptera,0.7928,0.652,0.7155
81,Test,PF3,7,Mecoptera,0.2459,0.3346,0.2835
81,Test,PF3,8,Neuroptera,0.7632,0.5029,0.6063
81,Test,PF3,9,Orthoptera,0.6674,0.9822,0.7948
81,Test,PF3,10,Trichoptera,0.9982,0.9431,0.9699
81,Test,PF2,0,Apocrita,0.8664,0.8198,0.8425
81,Test,PF2,1,Arneomorphae,0.6909,0.8734,0.7715
81,Test,PF2,2,Brachycera,0.8809,0.9632,0.9202
81,Test,PF2,3,Forficulina,0.8022,0.0712,0.1307
81,Test,PF2,4,Glossata,0.7893,0.6401,0.7069
81,Test,PF2,5,Hemerobiiformia,0.8181,0.4841,0.6083
81,Test,PF2,6,Heteroptera,0.9589,0.7011,0.81
81,Test,PF2,7,Integripalpia,0.9991,0.922,0.959
81,Test,PF2,8,Nematocera,0.9603,0.9612,0.9608
81,Test,PF2,9,Polyphaga,0.9418,0.7839,0.8557
81,Test,PF2,10,Symphyta,0.9206,0.7308,0.8148
81,Test,PF2,11,grasshopper,0.565,0.9852,0.7182
81,Test,PF2,12,scorpion_fly,0.2102,0.0804,0.1163
81,Test,PF1,0,Aculeata,0.859,0.852,0.8555
81,Test,PF1,1,Araneomorphae,0.6716,0.8734,0.7593
81,Test,PF1,2,Asilomorpha,0.8252,0.7938,0.8092
81,Test,PF1,3,Bibionomorpha,0.9563,0.8818,0.9175
81,Test,PF1,4,Cucujiformia,0.9245,0.7843,0.8487
81,Test,PF1,5,Culicomorpha,0.9514,0.993,0.9717
81,Test,PF1,6,Epidermaptera,0.8118,0.0673,0.1242
81,Test,PF1,7,Heterocera,0.7493,0.574,0.6501
81,Test,PF1,8,Muscomorpha,0.8143,0.9548,0.879
81,Test,PF1,9,Parasitica,0.578,0.5897,0.5838
81,Test,PF1,10,Pentatomomorpha,0.9568,0.6988,0.8077
81,Test,PF1,11,Plenitentoria,0.9991,0.975,0.9869
81,Test,PF1,12,Rhopalocera,0.7859,0.933,0.8532
81,Test,PF1,13,lacewing,0.5365,0.6152,0.5732
81,Test,PF1,14,saw_fly,0.9084,0.7102,0.7972
81,Test,Leaf Class (Softmax),0,Ichneumonoidea,0.5761,0.6368,0.6049
81,Test,Leaf Class (Softmax),1,Muscoidea,0.3467,0.6045,0.4406
81,Test,Leaf Class (Softmax),2,ant,0.8699,0.841,0.8552
81,Test,Leaf Class (Softmax),3,ant_beetle,0.8952,0.9468,0.9203
81,Test,Leaf Class (Softmax),4,bug,0.9569,0.7011,0.8092
81,Test,Leaf Class (Softmax),5,butterfly,0.8058,0.9281,0.8626
81,Test,Leaf Class (Softmax),6,caddisfly,0.9991,0.972,0.9854
81,Test,Leaf Class (Softmax),7,dance_fly,0.8407,0.624,0.7163
81,Test,Leaf Class (Softmax),8,earwig,0.725,0.0283,0.0544
81,Test,Leaf Class (Softmax),9,fever_fly,0.996,0.8804,0.9346
81,Test,Leaf Class (Softmax),10,flesh_fly,0.7688,0.7672,0.768
81,Test,Leaf Class (Softmax),11,fly,0.3702,0.4872,0.4207
81,Test,Leaf Class (Softmax),12,fruit_fly,0.8821,0.5928,0.709
81,Test,Leaf Class (Softmax),13,hoverfly,0.822,0.8638,0.8424
81,Test,Leaf Class (Softmax),14,ladybug,0.934,0.9408,0.9374
81,Test,Leaf Class (Softmax),15,leaf_beetle,0.0479,0.0131,0.0205
81,Test,Leaf Class (Softmax),16,midge,0.9645,0.9928,0.9784
81,Test,Leaf Class (Softmax),17,moth,0.8757,0.838,0.8564
81,Test,Leaf Class (Softmax),18,robber_fly,0.8152,0.814,0.8146
81,Test,Leaf Class (Softmax),19,spider,0.6997,0.8734,0.7769
81,Test,Leaf Class (Softmax),20,wasp,0.8599,0.8151,0.8369
81,Test,Leaf Class (Softmax),21,weevil,0.9196,0.761,0.8328
81,Test,Leaf Class (Sigmoid),0,Ichneumonoidea,0.6236,0.6166,0.6201
81,Test,Leaf Class (Sigmoid),1,Muscoidea,0.3707,0.5402,0.4397
81,Test,Leaf Class (Sigmoid),2,ant,0.8525,0.8582,0.8554
81,Test,Leaf Class (Sigmoid),3,ant_beetle,0.9131,0.9475,0.93
81,Test,Leaf Class (Sigmoid),4,bug,0.9339,0.708,0.8054
81,Test,Leaf Class (Sigmoid),5,butterfly,0.823,0.9389,0.8771
81,Test,Leaf Class (Sigmoid),6,caddisfly,0.9991,0.9724,0.9856
81,Test,Leaf Class (Sigmoid),7,dance_fly,0.8161,0.643,0.7193
81,Test,Leaf Class (Sigmoid),8,earwig,0.8421,0.0468,0.0886
81,Test,Leaf Class (Sigmoid),9,fever_fly,0.9751,0.8868,0.9288
81,Test,Leaf Class (Sigmoid),10,flesh_fly,0.8105,0.7645,0.7868
81,Test,Leaf Class (Sigmoid),11,fly,0.3716,0.5675,0.4491
81,Test,Leaf Class (Sigmoid),12,fruit_fly,0.9061,0.5768,0.7049
81,Test,Leaf Class (Sigmoid),13,hoverfly,0.8282,0.8728,0.8499
81,Test,Leaf Class (Sigmoid),14,ladybug,0.9545,0.9345,0.9444
81,Test,Leaf Class (Sigmoid),15,leaf_beetle,0.0319,0.0061,0.0103
81,Test,Leaf Class (Sigmoid),16,midge,0.9606,0.9935,0.9768
81,Test,Leaf Class (Sigmoid),17,moth,0.8168,0.8572,0.8365
81,Test,Leaf Class (Sigmoid),18,robber_fly,0.8261,0.8138,0.8199
81,Test,Leaf Class (Sigmoid),19,spider,0.6719,0.8734,0.7595
81,Test,Leaf Class (Sigmoid),20,wasp,0.821,0.8248,0.8229
81,Test,Leaf Class (Sigmoid),21,weevil,0.8953,0.765,0.825
82,Train,PF4,0,Arachnida,0.968,0.9975,0.9826
82,Train,PF4,1,Insecta,1.0,0.9997,0.9998
82,Train,PF3,0,Araneae,0.9886,0.992,0.9903
82,Train,PF3,1,Coleoptera,0.9958,0.9961,0.9959
82,Train,PF3,2,Dermaptera,0.9815,0.9884,0.9849
82,Train,PF3,3,Diptera,0.9964,0.9952,0.9958
82,Train,PF3,4,Hemiptera,0.9908,0.9769,0.9838
82,Train,PF3,5,Hymenoptera,0.9916,0.9908,0.9912
82,Train,PF3,6,Lepidoptera,0.9891,0.982,0.9855
82,Train,PF3,7,Mecoptera,0.8899,0.283,0.4294
82,Train,PF3,8,Neuroptera,0.9938,0.9983,0.9961
82,Train,PF3,9,Orthoptera,0.8818,0.9952,0.9351
82,Train,PF3,10,Trichoptera,0.9985,0.9966,0.9975
82,Train,PF2,0,Apocrita,0.9956,0.9905,0.993
82,Train,PF2,1,Arneomorphae,0.9939,0.9835,0.9887
82,Train,PF2,2,Brachycera,0.9959,0.9956,0.9957
82,Train,PF2,3,Forficulina,0.9845,0.9876,0.9861
82,Train,PF2,4,Glossata,0.9901,0.976,0.983
82,Train,PF2,5,Hemerobiiformia,0.9959,0.998,0.9969
82,Train,PF2,6,Heteroptera,0.9943,0.982,0.9881
82,Train,PF2,7,Integripalpia,0.9989,0.9947,0.9968
82,Train,PF2,8,Nematocera,0.9983,0.9928,0.9955
82,Train,PF2,9,Polyphaga,0.9972,0.9952,0.9962
82,Train,PF2,10,Symphyta,0.9752,0.9857,0.9804
82,Train,PF2,11,grasshopper,0.8448,0.9978,0.9149
82,Train,PF2,12,scorpion_fly,0.7692,0.0651,0.1201
82,Train,PF1,0,Aculeata,0.9955,0.9923,0.9939
82,Train,PF1,1,Araneomorphae,0.993,0.991,0.992
82,Train,PF1,2,Asilomorpha,0.9953,0.9957,0.9955
82,Train,PF1,3,Bibionomorpha,0.9964,0.9968,0.9966
82,Train,PF1,4,Cucujiformia,0.9981,0.996,0.997
82,Train,PF1,5,Culicomorpha,0.9992,0.9943,0.9968
82,Train,PF1,6,Epidermaptera,0.9883,0.9853,0.9868
82,Train,PF1,7,Heterocera,0.9961,0.9858,0.991
82,Train,PF1,8,Muscomorpha,0.994,0.9977,0.9959
82,Train,PF1,9,Parasitica,0.9884,0.9843,0.9864
82,Train,PF1,10,Pentatomomorpha,0.9971,0.9786,0.9878
82,Train,PF1,11,Plenitentoria,0.9985,0.9989,0.9987
82,Train,PF1,12,Rhopalocera,0.9984,0.9935,0.9959
82,Train,PF1,13,lacewing,0.9946,0.9983,0.9964
82,Train,PF1,14,saw_fly,0.9852,0.9836,0.9844
82,Train,Leaf Class (Softmax),0,Ichneumonoidea,0.9917,0.9872,0.9895
82,Train,Leaf Class (Softmax),1,Muscoidea,0.9085,0.8934,0.9009
82,Train,Leaf Class (Softmax),2,ant,0.9954,0.9979,0.9966
82,Train,Leaf Class (Softmax),3,ant_beetle,0.9981,0.9966,0.9974
82,Train,Leaf Class (Softmax),4,bug,0.9904,0.9882,0.9893
82,Train,Leaf Class (Softmax),5,butterfly,0.9976,0.9951,0.9964
82,Train,Leaf Class (Softmax),6,caddisfly,0.9992,0.9985,0.9989
82,Train,Leaf Class (Softmax),7,dance_fly,0.9926,0.9853,0.9889
82,Train,Leaf Class (Softmax),8,earwig,0.9945,0.9853,0.9899
82,Train,Leaf Class (Softmax),9,fever_fly,0.9975,0.9968,0.9971
82,Train,Leaf Class (Softmax),10,flesh_fly,0.9868,0.9866,0.9867
82,Train,Leaf Class (Softmax),11,fly,0.8926,0.9076,0.9
82,Train,Leaf Class (Softmax),12,fruit_fly,0.9946,0.9955,0.995
82,Train,Leaf Class (Softmax),13,hoverfly,0.9928,0.9941,0.9934
82,Train,Leaf Class (Softmax),14,ladybug,0.9965,0.9962,0.9964
82,Train,Leaf Class (Softmax),15,leaf_beetle,0.9978,0.9982,0.998
82,Train,Leaf Class (Softmax),16,midge,0.9985,0.9956,0.997
82,Train,Leaf Class (Softmax),17,moth,0.9943,0.9948,0.9945
82,Train,Leaf Class (Softmax),18,robber_fly,0.9965,0.9965,0.9965
82,Train,Leaf Class (Softmax),19,spider,0.9915,0.995,0.9933
82,Train,Leaf Class (Softmax),20,wasp,0.972,0.9642,0.9681
82,Train,Leaf Class (Softmax),21,weevil,0.9986,0.9975,0.9981
82,Train,Leaf Class (Sigmoid),0,Ichneumonoidea,0.9856,0.9897,0.9877
82,Train,Leaf Class (Sigmoid),1,Muscoidea,0.8498,0.9391,0.8922
82,Train,Leaf Class (Sigmoid),2,ant,0.9957,0.9963,0.996
82,Train,Leaf Class (Sigmoid),3,ant_beetle,0.997,0.9966,0.9968
82,Train,Leaf Class (Sigmoid),4,bug,0.996,0.9814,0.9886
82,Train,Leaf Class (Sigmoid),5,butterfly,0.9976,0.9887,0.9931
82,Train,Leaf Class (Sigmoid),6,caddisfly,0.9989,0.9989,0.9989
82,Train,Leaf Class (Sigmoid),7,dance_fly,0.9939,0.9806,0.9872
82,Train,Leaf Class (Sigmoid),8,earwig,0.9945,0.9806,0.9875
82,Train,Leaf Class (Sigmoid),9,fever_fly,0.9975,0.9964,0.997
82,Train,Leaf Class (Sigmoid),10,flesh_fly,0.9851,0.9874,0.9862
82,Train,Leaf Class (Sigmoid),11,fly,0.9277,0.8385,0.8809
82,Train,Leaf Class (Sigmoid),12,fruit_fly,0.993,0.9956,0.9943
82,Train,Leaf Class (Sigmoid),13,hoverfly,0.9923,0.9928,0.9926
82,Train,Leaf Class (Sigmoid),14,ladybug,0.9948,0.9968,0.9958
82,Train,Leaf Class (Sigmoid),15,leaf_beetle,0.9965,0.9988,0.9976
82,Train,Leaf Class (Sigmoid),16,midge,0.9998,0.9941,0.9969
82,Train,Leaf Class (Sigmoid),17,moth,0.9973,0.9859,0.9916
82,Train,Leaf Class (Sigmoid),18,robber_fly,0.9953,0.9969,0.9961
82,Train,Leaf Class (Sigmoid),19,spider,0.992,0.993,0.9925
82,Train,Leaf Class (Sigmoid),20,wasp,0.9737,0.9499,0.9617
82,Train,Leaf Class (Sigmoid),21,weevil,0.9993,0.9967,0.998
82,Test,PF4,0,Arachnida,0.6537,0.8758,0.7486
82,Test,PF4,1,Insecta,0.9971,0.9893,0.9932
82,Test,PF3,0,Araneae,0.6753,0.8716,0.761
82,Test,PF3,1,Coleoptera,0.9212,0.7918,0.8516
82,Test,PF3,2,Dermaptera,0.8333,0.0877,0.1587
82,Test,PF3,3,Diptera,0.9069,0.9591,0.9323
82,Test,PF3,4,Hemiptera,0.947,0.7026,0.8067
82,Test,PF3,5,Hymenoptera,0.8349,0.807,0.8207
82,Test,PF3,6,Lepidoptera,0.782,0.6462,0.7076
82,Test,PF3,7,Mecoptera,0.1954,0.2866,0.2324
82,Test,PF3,8,Neuroptera,0.7858,0.4997,0.6109
82,Test,PF3,9,Orthoptera,0.6346,0.982,0.771
82,Test,PF3,10,Trichoptera,0.9985,0.8707,0.9302
82,Test,PF2,0,Apocrita,0.8356,0.8169,0.8262
82,Test,PF2,1,Arneomorphae,0.7136,0.871,0.7845
82,Test,PF2,2,Brachycera,0.881,0.9564,0.9171
82,Test,PF2,3,Forficulina,0.8152,0.0731,0.1342
82,Test,PF2,4,Glossata,0.7645,0.5747,0.6561
82,Test,PF2,5,Hemerobiiformia,0.7923,0.4722,0.5917
82,Test,PF2,6,Heteroptera,0.948,0.7026,0.8071
82,Test,PF2,7,Integripalpia,0.9995,0.8591,0.924
82,Test,PF2,8,Nematocera,0.965,0.9629,0.9639
82,Test,PF2,9,Polyphaga,0.9388,0.7872,0.8563
82,Test,PF2,10,Symphyta,0.889,0.7428,0.8094
82,Test,PF2,11,grasshopper,0.5423,0.9858,0.6997
82,Test,PF2,12,scorpion_fly,0.112,0.0571,0.0756
82,Test,PF1,0,Aculeata,0.8252,0.8569,0.8407
82,Test,PF1,1,Araneomorphae,0.6838,0.871,0.7661
82,Test,PF1,2,Asilomorpha,0.819,0.7803,0.7992
82,Test,PF1,3,Bibionomorpha,0.9976,0.8861,0.9385
82,Test,PF1,4,Cucujiformia,0.9236,0.7878,0.8503
82,Test,PF1,5,Culicomorpha,0.9468,0.993,0.9694
82,Test,PF1,6,Epidermaptera,0.8155,0.0819,0.1488
82,Test,PF1,7,Heterocera,0.6892,0.5405,0.6059
82,Test,PF1,8,Muscomorpha,0.809,0.9483,0.8731
82,Test,PF1,9,Parasitica,0.6626,0.6031,0.6315
82,Test,PF1,10,Pentatomomorpha,0.9487,0.698,0.8043
82,Test,PF1,11,Plenitentoria,0.9982,0.9707,0.9843
82,Test,PF1,12,Rhopalocera,0.8239,0.9084,0.8641
82,Test,PF1,13,lacewing,0.5718,0.5798,0.5758
82,Test,PF1,14,saw_fly,0.8778,0.7325,0.7986
82,Test,Leaf Class (Softmax),0,Ichneumonoidea,0.6546,0.6502,0.6524
82,Test,Leaf Class (Softmax),1,Muscoidea,0.3724,0.585,0.4551
82,Test,Leaf Class (Softmax),2,ant,0.8493,0.8425,0.8459
82,Test,Leaf Class (Softmax),3,ant_beetle,0.9206,0.9431,0.9317
82,Test,Leaf Class (Softmax),4,bug,0.948,0.7018,0.8066
82,Test,Leaf Class (Softmax),5,butterfly,0.8386,0.9113,0.8735
82,Test,Leaf Class (Softmax),6,caddisfly,0.9982,0.9664,0.982
82,Test,Leaf Class (Softmax),7,dance_fly,0.8611,0.6148,0.7174
82,Test,Leaf Class (Softmax),8,earwig,0.7917,0.037,0.0708
82,Test,Leaf Class (Softmax),9,fever_fly,0.9976,0.891,0.9413
82,Test,Leaf Class (Softmax),10,flesh_fly,0.7638,0.7938,0.7785
82,Test,Leaf Class (Softmax),11,fly,0.3733,0.5205,0.4348
82,Test,Leaf Class (Softmax),12,fruit_fly,0.8865,0.5918,0.7097
82,Test,Leaf Class (Softmax),13,hoverfly,0.8414,0.8635,0.8523
82,Test,Leaf Class (Softmax),14,ladybug,0.9193,0.9455,0.9322
82,Test,Leaf Class (Softmax),15,leaf_beetle,0.0538,0.0146,0.023
82,Test,Leaf Class (Softmax),16,midge,0.953,0.9928,0.9725
82,Test,Leaf Class (Softmax),17,moth,0.8457,0.8265,0.836
82,Test,Leaf Class (Softmax),18,robber_fly,0.8018,0.8122,0.807
82,Test,Leaf Class (Softmax),19,spider,0.7077,0.871,0.7809
82,Test,Leaf Class (Softmax),20,wasp,0.8089,0.8313,0.8199
82,Test,Leaf Class (Softmax),21,weevil,0.9225,0.7615,0.8343
82,Test,Leaf Class (Sigmoid),0,Ichneumonoidea,0.7089,0.6278,0.6659
82,Test,Leaf Class (Sigmoid),1,Muscoidea,0.4101,0.4925,0.4475
82,Test,Leaf Class (Sigmoid),2,ant,0.8293,0.8598,0.8442
82,Test,Leaf Class (Sigmoid),3,ant_beetle,0.9357,0.946,0.9408
82,Test,Leaf Class (Sigmoid),4,bug,0.9263,0.7065,0.8016
82,Test,Leaf Class (Sigmoid),5,butterfly,0.8455,0.9222,0.8822
82,Test,Leaf Class (Sigmoid),6,caddisfly,0.9991,0.9634,0.9809
82,Test,Leaf Class (Sigmoid),7,dance_fly,0.8292,0.6369,0.7204
82,Test,Leaf Class (Sigmoid),8,earwig,0.8133,0.0595,0.1108
82,Test,Leaf Class (Sigmoid),9,fever_fly,0.9976,0.8931,0.9425
82,Test,Leaf Class (Sigmoid),10,flesh_fly,0.7824,0.7872,0.7848
82,Test,Leaf Class (Sigmoid),11,fly,0.378,0.6325,0.4732
82,Test,Leaf Class (Sigmoid),12,fruit_fly,0.9121,0.576,0.7061
82,Test,Leaf Class (Sigmoid),13,hoverfly,0.8352,0.8655,0.8501
82,Test,Leaf Class (Sigmoid),14,ladybug,0.951,0.941,0.946
82,Test,Leaf Class (Sigmoid),15,leaf_beetle,0.0619,0.0092,0.0161
82,Test,Leaf Class (Sigmoid),16,midge,0.9399,0.9935,0.966
82,Test,Leaf Class (Sigmoid),17,moth,0.8053,0.8728,0.8377
82,Test,Leaf Class (Sigmoid),18,robber_fly,0.8291,0.8162,0.8226
82,Test,Leaf Class (Sigmoid),19,spider,0.6926,0.8692,0.7709
82,Test,Leaf Class (Sigmoid),20,wasp,0.7852,0.8409,0.8121
82,Test,Leaf Class (Sigmoid),21,weevil,0.8894,0.7718,0.8264
83,Train,PF4,0,Arachnida,0.9746,0.9975,0.9859
83,Train,PF4,1,Insecta,1.0,0.9998,0.9999
83,Train,PF3,0,Araneae,0.9896,0.993,0.9913
83,Train,PF3,1,Coleoptera,0.9959,0.9962,0.9961
83,Train,PF3,2,Dermaptera,0.9778,0.9907,0.9842
83,Train,PF3,3,Diptera,0.9962,0.995,0.9956
83,Train,PF3,4,Hemiptera,0.9931,0.9797,0.9864
83,Train,PF3,5,Hymenoptera,0.9915,0.9913,0.9914
83,Train,PF3,6,Lepidoptera,0.9899,0.9814,0.9856
83,Train,PF3,7,Mecoptera,0.8787,0.3127,0.4613
83,Train,PF3,8,Neuroptera,0.9929,0.9983,0.9956
83,Train,PF3,9,Orthoptera,0.8863,0.995,0.9375
83,Train,PF3,10,Trichoptera,0.9992,0.9958,0.9975
83,Train,PF2,0,Apocrita,0.9956,0.9908,0.9932
83,Train,PF2,1,Arneomorphae,0.9955,0.986,0.9907
83,Train,PF2,2,Brachycera,0.9956,0.9955,0.9956
83,Train,PF2,3,Forficulina,0.9785,0.9876,0.983
83,Train,PF2,4,Glossata,0.9901,0.9739,0.9819
83,Train,PF2,5,Hemerobiiformia,0.9946,0.9978,0.9962
83,Train,PF2,6,Heteroptera,0.9931,0.9808,0.9869
83,Train,PF2,7,Integripalpia,0.9996,0.9943,0.997
83,Train,PF2,8,Nematocera,0.9984,0.9926,0.9955
83,Train,PF2,9,Polyphaga,0.9975,0.9957,0.9966
83,Train,PF2,10,Symphyta,0.9752,0.9836,0.9794
83,Train,PF2,11,grasshopper,0.8464,0.9975,0.9158
83,Train,PF2,12,scorpion_fly,0.7712,0.0741,0.1352
83,Train,PF1,0,Aculeata,0.9954,0.9924,0.9939
83,Train,PF1,1,Araneomorphae,0.9915,0.994,0.9928
83,Train,PF1,2,Asilomorpha,0.9958,0.9953,0.9955
83,Train,PF1,3,Bibionomorpha,0.9989,0.9982,0.9986
83,Train,PF1,4,Cucujiformia,0.9981,0.9963,0.9972
83,Train,PF1,5,Culicomorpha,0.9989,0.9945,0.9967
83,Train,PF1,6,Epidermaptera,0.9853,0.9884,0.9868
83,Train,PF1,7,Heterocera,0.9965,0.9833,0.9898
83,Train,PF1,8,Muscomorpha,0.994,0.9976,0.9958
83,Train,PF1,9,Parasitica,0.9892,0.9831,0.9861
83,Train,PF1,10,Pentatomomorpha,0.996,0.9786,0.9872
83,Train,PF1,11,Plenitentoria,0.9989,0.9981,0.9985
83,Train,PF1,12,Rhopalocera,0.9927,0.9968,0.9948
83,Train,PF1,13,lacewing,0.9922,0.9986,0.9954
83,Train,PF1,14,saw_fly,0.9857,0.9836,0.9846
83,Train,Leaf Class (Softmax),0,Ichneumonoidea,0.9884,0.9852,0.9868
83,Train,Leaf Class (Softmax),1,Muscoidea,0.9123,0.8948,0.9034
83,Train,Leaf Class (Softmax),2,ant,0.9961,0.9974,0.9968
83,Train,Leaf Class (Softmax),3,ant_beetle,0.9993,0.9978,0.9985
83,Train,Leaf Class (Softmax),4,bug,0.9915,0.9865,0.989
83,Train,Leaf Class (Softmax),5,butterfly,0.9968,0.9951,0.996
83,Train,Leaf Class (Softmax),6,caddisfly,0.9992,0.9989,0.9991
83,Train,Leaf Class (Softmax),7,dance_fly,0.9919,0.9859,0.9889
83,Train,Leaf Class (Softmax),8,earwig,0.9938,0.9876,0.9907
83,Train,Leaf Class (Softmax),9,fever_fly,0.9986,0.9975,0.998
83,Train,Leaf Class (Softmax),10,flesh_fly,0.9868,0.9868,0.9868
83,Train,Leaf Class (Softmax),11,fly,0.8933,0.9118,0.9024
83,Train,Leaf Class (Softmax),12,fruit_fly,0.996,0.9959,0.9959
83,Train,Leaf Class (Softmax),13,hoverfly,0.9929,0.9944,0.9936
83,Train,Leaf Class (Softmax),14,ladybug,0.9966,0.9969,0.9968
83,Train,Leaf Class (Softmax),15,leaf_beetle,0.9986,0.9985,0.9985
83,Train,Leaf Class (Softmax),16,midge,0.9977,0.9964,0.997
83,Train,Leaf Class (Softmax),17,moth,0.9934,0.9941,0.9937
83,Train,Leaf Class (Softmax),18,robber_fly,0.9976,0.9965,0.997
83,Train,Leaf Class (Softmax),19,spider,0.9906,0.9955,0.993
83,Train,Leaf Class (Softmax),20,wasp,0.9767,0.9701,0.9734
83,Train,Leaf Class (Softmax),21,weevil,0.9982,0.9976,0.9979
83,Train,Leaf Class (Sigmoid),0,Ichneumonoidea,0.9844,0.9893,0.9868
83,Train,Leaf Class (Sigmoid),1,Muscoidea,0.8522,0.9413,0.8945
83,Train,Leaf Class (Sigmoid),2,ant,0.9964,0.9963,0.9963
83,Train,Leaf Class (Sigmoid),3,ant_beetle,0.9985,0.997,0.9978
83,Train,Leaf Class (Sigmoid),4,bug,0.9948,0.9763,0.9855
83,Train,Leaf Class (Sigmoid),5,butterfly,0.9959,0.9911,0.9935
83,Train,Leaf Class (Sigmoid),6,caddisfly,0.9992,0.9989,0.9991
83,Train,Leaf Class (Sigmoid),7,dance_fly,0.9946,0.9806,0.9875
83,Train,Leaf Class (Sigmoid),8,earwig,0.9945,0.9884,0.9914
83,Train,Leaf Class (Sigmoid),9,fever_fly,0.9989,0.9968,0.9979
83,Train,Leaf Class (Sigmoid),10,flesh_fly,0.9826,0.9875,0.9851
83,Train,Leaf Class (Sigmoid),11,fly,0.9306,0.8409,0.8835
83,Train,Leaf Class (Sigmoid),12,fruit_fly,0.9951,0.9961,0.9956
83,Train,Leaf Class (Sigmoid),13,hoverfly,0.9926,0.9946,0.9936
83,Train,Leaf Class (Sigmoid),14,ladybug,0.9943,0.9974,0.9959
83,Train,Leaf Class (Sigmoid),15,leaf_beetle,0.9974,0.9986,0.998
83,Train,Leaf Class (Sigmoid),16,midge,0.9992,0.9937,0.9965
83,Train,Leaf Class (Sigmoid),17,moth,0.9974,0.9847,0.991
83,Train,Leaf Class (Sigmoid),18,robber_fly,0.9961,0.9967,0.9964
83,Train,Leaf Class (Sigmoid),19,spider,0.9901,0.9945,0.9923
83,Train,Leaf Class (Sigmoid),20,wasp,0.9772,0.9571,0.9671
83,Train,Leaf Class (Sigmoid),21,weevil,0.9989,0.9963,0.9976
83,Test,PF4,0,Arachnida,0.7035,0.8752,0.78
83,Test,PF4,1,Insecta,0.9971,0.9915,0.9943
83,Test,PF3,0,Araneae,0.7176,0.871,0.7869
83,Test,PF3,1,Coleoptera,0.9346,0.7788,0.8496
83,Test,PF3,2,Dermaptera,0.8647,0.1433,0.2458
83,Test,PF3,3,Diptera,0.9056,0.9604,0.9322
83,Test,PF3,4,Hemiptera,0.9072,0.708,0.7953
83,Test,PF3,5,Hymenoptera,0.833,0.811,0.8219
83,Test,PF3,6,Lepidoptera,0.7661,0.6594,0.7087
83,Test,PF3,7,Mecoptera,0.2197,0.3178,0.2598
83,Test,PF3,8,Neuroptera,0.7616,0.4966,0.6012
83,Test,PF3,9,Orthoptera,0.6441,0.9782,0.7768
83,Test,PF3,10,Trichoptera,0.9985,0.8841,0.9378
83,Test,PF2,0,Apocrita,0.8279,0.824,0.826
83,Test,PF2,1,Arneomorphae,0.7522,0.8698,0.8067
83,Test,PF2,2,Brachycera,0.8824,0.9583,0.9188
83,Test,PF2,3,Forficulina,0.8219,0.117,0.2048
83,Test,PF2,4,Glossata,0.7631,0.6114,0.6788
83,Test,PF2,5,Hemerobiiformia,0.8065,0.4769,0.5993
83,Test,PF2,6,Heteroptera,0.9182,0.7088,0.8
83,Test,PF2,7,Integripalpia,0.9995,0.8591,0.924
83,Test,PF2,8,Nematocera,0.9642,0.9645,0.9644
83,Test,PF2,9,Polyphaga,0.9479,0.7758,0.8532
83,Test,PF2,10,Symphyta,0.8935,0.7302,0.8037
83,Test,PF2,11,grasshopper,0.5464,0.9838,0.7026
83,Test,PF2,12,scorpion_fly,0.1471,0.0649,0.09
83,Test,PF1,0,Aculeata,0.8309,0.8577,0.8441
83,Test,PF1,1,Araneomorphae,0.7256,0.8698,0.7912
83,Test,PF1,2,Asilomorpha,0.8123,0.7904,0.8012
83,Test,PF1,3,Bibionomorpha,0.9976,0.8917,0.9417
83,Test,PF1,4,Cucujiformia,0.9315,0.777,0.8472
83,Test,PF1,5,Culicomorpha,0.9464,0.9935,0.9694
83,Test,PF1,6,Epidermaptera,0.8671,0.1335,0.2314
83,Test,PF1,7,Heterocera,0.7436,0.686,0.7137
83,Test,PF1,8,Muscomorpha,0.8119,0.9498,0.8755
83,Test,PF1,9,Parasitica,0.5658,0.6076,0.5859
83,Test,PF1,10,Pentatomomorpha,0.9225,0.7065,0.8002
83,Test,PF1,11,Plenitentoria,0.9982,0.975,0.9865
83,Test,PF1,12,Rhopalocera,0.8571,0.9163,0.8857
83,Test,PF1,13,lacewing,0.7111,0.5798,0.6388
83,Test,PF1,14,saw_fly,0.876,0.7199,0.7903
83,Test,Leaf Class (Softmax),0,Ichneumonoidea,0.5354,0.6435,0.5845
83,Test,Leaf Class (Softmax),1,Muscoidea,0.3781,0.587,0.4599
83,Test,Leaf Class (Softmax),2,ant,0.8534,0.8452,0.8493
83,Test,Leaf Class (Softmax),3,ant_beetle,0.9146,0.9416,0.9279
83,Test,Leaf Class (Softmax),4,bug,0.9134,0.7072,0.7972
83,Test,Leaf Class (Softmax),5,butterfly,0.8712,0.9133,0.8918
83,Test,Leaf Class (Softmax),6,caddisfly,0.9982,0.9716,0.9847
83,Test,Leaf Class (Softmax),7,dance_fly,0.8523,0.5942,0.7002
83,Test,Leaf Class (Softmax),8,earwig,0.8407,0.0926,0.1668
83,Test,Leaf Class (Softmax),9,fever_fly,0.9968,0.8747,0.9318
83,Test,Leaf Class (Softmax),10,flesh_fly,0.756,0.8232,0.7882
83,Test,Leaf Class (Softmax),11,fly,0.3672,0.5165,0.4293
83,Test,Leaf Class (Softmax),12,fruit_fly,0.9163,0.6025,0.727
83,Test,Leaf Class (Softmax),13,hoverfly,0.8395,0.8445,0.842
83,Test,Leaf Class (Softmax),14,ladybug,0.9419,0.9405,0.9412
83,Test,Leaf Class (Softmax),15,leaf_beetle,0.0168,0.0038,0.0063
83,Test,Leaf Class (Softmax),16,midge,0.9557,0.9932,0.9741
83,Test,Leaf Class (Softmax),17,moth,0.8586,0.8592,0.8589
83,Test,Leaf Class (Softmax),18,robber_fly,0.7981,0.829,0.8132
83,Test,Leaf Class (Softmax),19,spider,0.7594,0.8698,0.8108
83,Test,Leaf Class (Softmax),20,wasp,0.8383,0.8248,0.8315
83,Test,Leaf Class (Softmax),21,weevil,0.9054,0.756,0.824
83,Test,Leaf Class (Sigmoid),0,Ichneumonoidea,0.5979,0.63,0.6135
83,Test,Leaf Class (Sigmoid),1,Muscoidea,0.4089,0.514,0.4555
83,Test,Leaf Class (Sigmoid),2,ant,0.8387,0.8602,0.8493
83,Test,Leaf Class (Sigmoid),3,ant_beetle,0.9328,0.9438,0.9383
83,Test,Leaf Class (Sigmoid),4,bug,0.8845,0.7142,0.7903
83,Test,Leaf Class (Sigmoid),5,butterfly,0.8639,0.9192,0.8907
83,Test,Leaf Class (Sigmoid),6,caddisfly,0.9991,0.9707,0.9847
83,Test,Leaf Class (Sigmoid),7,dance_fly,0.8129,0.6133,0.6991
83,Test,Leaf Class (Sigmoid),8,earwig,0.8512,0.1004,0.1796
83,Test,Leaf Class (Sigmoid),9,fever_fly,0.9976,0.8804,0.9353
83,Test,Leaf Class (Sigmoid),10,flesh_fly,0.7884,0.815,0.8015
83,Test,Leaf Class (Sigmoid),11,fly,0.3712,0.6032,0.4596
83,Test,Leaf Class (Sigmoid),12,fruit_fly,0.9358,0.5905,0.7241
83,Test,Leaf Class (Sigmoid),13,hoverfly,0.8487,0.8528,0.8507
83,Test,Leaf Class (Sigmoid),14,ladybug,0.9654,0.9345,0.9497
83,Test,Leaf Class (Sigmoid),15,leaf_beetle,0.0142,0.0023,0.004
83,Test,Leaf Class (Sigmoid),16,midge,0.9478,0.9935,0.9701
83,Test,Leaf Class (Sigmoid),17,moth,0.805,0.8835,0.8424
83,Test,Leaf Class (Sigmoid),18,robber_fly,0.8218,0.8382,0.83
83,Test,Leaf Class (Sigmoid),19,spider,0.7419,0.8686,0.8002
83,Test,Leaf Class (Sigmoid),20,wasp,0.797,0.8326,0.8144
83,Test,Leaf Class (Sigmoid),21,weevil,0.8804,0.7635,0.8178
84,Train,PF4,0,Arachnida,0.9813,0.9975,0.9894
84,Train,PF4,1,Insecta,1.0,0.9998,0.9999
84,Train,PF3,0,Araneae,0.9891,0.9945,0.9918
84,Train,PF3,1,Coleoptera,0.9959,0.9961,0.996
84,Train,PF3,2,Dermaptera,0.98,0.9868,0.9834
84,Train,PF3,3,Diptera,0.9965,0.9952,0.9959
84,Train,PF3,4,Hemiptera,0.9931,0.978,0.9855
84,Train,PF3,5,Hymenoptera,0.992,0.9907,0.9914
84,Train,PF3,6,Lepidoptera,0.9883,0.982,0.9851
84,Train,PF3,7,Mecoptera,0.8798,0.3009,0.4484
84,Train,PF3,8,Neuroptera,0.995,0.9984,0.9967
84,Train,PF3,9,Orthoptera,0.8842,0.9952,0.9365
84,Train,PF3,10,Trichoptera,0.9985,0.9977,0.9981
84,Train,PF2,0,Apocrita,0.9956,0.9906,0.9931
84,Train,PF2,1,Arneomorphae,0.9939,0.9835,0.9887
84,Train,PF2,2,Brachycera,0.9957,0.996,0.9959
84,Train,PF2,3,Forficulina,0.9861,0.9884,0.9872
84,Train,PF2,4,Glossata,0.9911,0.9743,0.9827
84,Train,PF2,5,Hemerobiiformia,0.9961,0.9981,0.9971
84,Train,PF2,6,Heteroptera,0.9926,0.982,0.9872
84,Train,PF2,7,Integripalpia,0.9992,0.997,0.9981
84,Train,PF2,8,Nematocera,0.998,0.9933,0.9956
84,Train,PF2,9,Polyphaga,0.9976,0.9954,0.9965
84,Train,PF2,10,Symphyta,0.9785,0.987,0.9827
84,Train,PF2,11,grasshopper,0.8465,0.9974,0.9158
84,Train,PF2,12,scorpion_fly,0.6955,0.0623,0.1143
84,Train,PF1,0,Aculeata,0.9941,0.9916,0.9929
84,Train,PF1,1,Araneomorphae,0.995,0.993,0.994
84,Train,PF1,2,Asilomorpha,0.9956,0.9947,0.9952
84,Train,PF1,3,Bibionomorpha,0.9982,0.9971,0.9977
84,Train,PF1,4,Cucujiformia,0.9979,0.9965,0.9972
84,Train,PF1,5,Culicomorpha,0.999,0.9947,0.9969
84,Train,PF1,6,Epidermaptera,0.9884,0.9868,0.9876
84,Train,PF1,7,Heterocera,0.9963,0.984,0.9901
84,Train,PF1,8,Muscomorpha,0.9941,0.9976,0.9958
84,Train,PF1,9,Parasitica,0.9843,0.9806,0.9824
84,Train,PF1,10,Pentatomomorpha,0.9949,0.982,0.9884
84,Train,PF1,11,Plenitentoria,0.9985,0.9996,0.9991
84,Train,PF1,12,Rhopalocera,0.9919,0.9919,0.9919
84,Train,PF1,13,lacewing,0.9952,0.9989,0.997
84,Train,PF1,14,saw_fly,0.9862,0.9872,0.9867
84,Train,Leaf Class (Softmax),0,Ichneumonoidea,0.9868,0.9839,0.9853
84,Train,Leaf Class (Softmax),1,Muscoidea,0.9161,0.8989,0.9074
84,Train,Leaf Class (Softmax),2,ant,0.9951,0.9968,0.9959
84,Train,Leaf Class (Softmax),3,ant_beetle,0.9985,0.9974,0.9979
84,Train,Leaf Class (Softmax),4,bug,0.9887,0.9904,0.9896
84,Train,Leaf Class (Softmax),5,butterfly,0.9935,0.996,0.9947
84,Train,Leaf Class (Softmax),6,caddisfly,0.9992,0.9992,0.9992
84,Train,Leaf Class (Softmax),7,dance_fly,0.9932,0.9839,0.9886
84,Train,Leaf Class (Softmax),8,earwig,0.9922,0.9907,0.9915
84,Train,Leaf Class (Softmax),9,fever_fly,0.9982,0.9986,0.9984
84,Train,Leaf Class (Softmax),10,flesh_fly,0.9869,0.9875,0.9872
84,Train,Leaf Class (Softmax),11,fly,0.8967,0.9132,0.9049
84,Train,Leaf Class (Softmax),12,fruit_fly,0.996,0.9957,0.9958
84,Train,Leaf Class (Softmax),13,hoverfly,0.9921,0.9944,0.9933
84,Train,Leaf Class (Softmax),14,ladybug,0.9964,0.9966,0.9965
84,Train,Leaf Class (Softmax),15,leaf_beetle,0.9973,0.9986,0.9979
84,Train,Leaf Class (Softmax),16,midge,0.9985,0.9964,0.9974
84,Train,Leaf Class (Softmax),17,moth,0.9938,0.9942,0.994
84,Train,Leaf Class (Softmax),18,robber_fly,0.9975,0.9959,0.9967
84,Train,Leaf Class (Softmax),19,spider,0.994,0.9965,0.9953
84,Train,Leaf Class (Softmax),20,wasp,0.9771,0.9672,0.9721
84,Train,Leaf Class (Softmax),21,weevil,0.9983,0.9977,0.998
84,Train,Leaf Class (Sigmoid),0,Ichneumonoidea,0.9827,0.986,0.9844
84,Train,Leaf Class (Sigmoid),1,Muscoidea,0.86,0.9416,0.8989
84,Train,Leaf Class (Sigmoid),2,ant,0.9951,0.9959,0.9955
84,Train,Leaf Class (Sigmoid),3,ant_beetle,0.9989,0.997,0.9979
84,Train,Leaf Class (Sigmoid),4,bug,0.9926,0.9797,0.9861
84,Train,Leaf Class (Sigmoid),5,butterfly,0.9959,0.9935,0.9947
84,Train,Leaf Class (Sigmoid),6,caddisfly,0.9985,0.9992,0.9989
84,Train,Leaf Class (Sigmoid),7,dance_fly,0.9952,0.9786,0.9868
84,Train,Leaf Class (Sigmoid),8,earwig,0.9922,0.9891,0.9907
84,Train,Leaf Class (Sigmoid),9,fever_fly,0.9982,0.9979,0.998
84,Train,Leaf Class (Sigmoid),10,flesh_fly,0.9837,0.9894,0.9865
84,Train,Leaf Class (Sigmoid),11,fly,0.9296,0.8473,0.8865
84,Train,Leaf Class (Sigmoid),12,fruit_fly,0.9941,0.9959,0.995
84,Train,Leaf Class (Sigmoid),13,hoverfly,0.9916,0.9939,0.9927
84,Train,Leaf Class (Sigmoid),14,ladybug,0.9951,0.9972,0.9962
84,Train,Leaf Class (Sigmoid),15,leaf_beetle,0.9962,0.9989,0.9975
84,Train,Leaf Class (Sigmoid),16,midge,1.0,0.9941,0.997
84,Train,Leaf Class (Sigmoid),17,moth,0.9978,0.9858,0.9918
84,Train,Leaf Class (Sigmoid),18,robber_fly,0.9969,0.9962,0.9966
84,Train,Leaf Class (Sigmoid),19,spider,0.9935,0.9935,0.9935
84,Train,Leaf Class (Sigmoid),20,wasp,0.9789,0.9558,0.9672
84,Train,Leaf Class (Sigmoid),21,weevil,0.999,0.9965,0.9977
84,Test,PF4,0,Arachnida,0.6642,0.8758,0.7555
84,Test,PF4,1,Insecta,0.9971,0.9898,0.9934
84,Test,PF3,0,Araneae,0.6773,0.8758,0.7639
84,Test,PF3,1,Coleoptera,0.9116,0.7933,0.8483
84,Test,PF3,2,Dermaptera,0.8058,0.0809,0.147
84,Test,PF3,3,Diptera,0.905,0.9626,0.9329
84,Test,PF3,4,Hemiptera,0.9583,0.708,0.8144
84,Test,PF3,5,Hymenoptera,0.8584,0.8003,0.8283
84,Test,PF3,6,Lepidoptera,0.7727,0.6491,0.7055
84,Test,PF3,7,Mecoptera,0.2173,0.2957,0.2505
84,Test,PF3,8,Neuroptera,0.8085,0.4831,0.6048
84,Test,PF3,9,Orthoptera,0.6511,0.9792,0.7821
84,Test,PF3,10,Trichoptera,0.9969,0.9608,0.9785
84,Test,PF2,0,Apocrita,0.859,0.8088,0.8331
84,Test,PF2,1,Arneomorphae,0.7254,0.8752,0.7933
84,Test,PF2,2,Brachycera,0.8752,0.9593,0.9153
84,Test,PF2,3,Forficulina,0.7791,0.0653,0.1205
84,Test,PF2,4,Glossata,0.7518,0.5498,0.6351
84,Test,PF2,5,Hemerobiiformia,0.8335,0.4711,0.602
84,Test,PF2,6,Heteroptera,0.9544,0.7096,0.814
84,Test,PF2,7,Integripalpia,0.9973,0.9466,0.9713
84,Test,PF2,8,Nematocera,0.9597,0.9642,0.9619
84,Test,PF2,9,Polyphaga,0.936,0.7897,0.8566
84,Test,PF2,10,Symphyta,0.8808,0.7365,0.8022
84,Test,PF2,11,grasshopper,0.5572,0.9842,0.7115
84,Test,PF2,12,scorpion_fly,0.1199,0.0649,0.0842
84,Test,PF1,0,Aculeata,0.8577,0.8481,0.8529
84,Test,PF1,1,Araneomorphae,0.6944,0.8752,0.7744
84,Test,PF1,2,Asilomorpha,0.7863,0.7752,0.7807
84,Test,PF1,3,Bibionomorpha,0.9961,0.8924,0.9414
84,Test,PF1,4,Cucujiformia,0.9276,0.7911,0.8539
84,Test,PF1,5,Culicomorpha,0.9384,0.9932,0.965
84,Test,PF1,6,Epidermaptera,0.8172,0.0741,0.1358
84,Test,PF1,7,Heterocera,0.7484,0.6462,0.6936
84,Test,PF1,8,Muscomorpha,0.7988,0.9398,0.8636
84,Test,PF1,9,Parasitica,0.5982,0.5942,0.5962
84,Test,PF1,10,Pentatomomorpha,0.9483,0.7065,0.8097
84,Test,PF1,11,Plenitentoria,0.9956,0.9759,0.9856
84,Test,PF1,12,Rhopalocera,0.7742,0.9222,0.8417
84,Test,PF1,13,lacewing,0.7552,0.5985,0.6678
84,Test,PF1,14,saw_fly,0.8774,0.7211,0.7916
84,Test,Leaf Class (Softmax),0,Ichneumonoidea,0.5807,0.6211,0.6002
84,Test,Leaf Class (Softmax),1,Muscoidea,0.3564,0.599,0.4469
84,Test,Leaf Class (Softmax),2,ant,0.8775,0.8362,0.8564
84,Test,Leaf Class (Softmax),3,ant_beetle,0.8962,0.9505,0.9225
84,Test,Leaf Class (Softmax),4,bug,0.9542,0.7065,0.8119
84,Test,Leaf Class (Softmax),5,butterfly,0.811,0.9172,0.8608
84,Test,Leaf Class (Softmax),6,caddisfly,0.9973,0.9728,0.9849
84,Test,Leaf Class (Softmax),7,dance_fly,0.8467,0.611,0.7098
84,Test,Leaf Class (Softmax),8,earwig,0.6531,0.0312,0.0595
84,Test,Leaf Class (Softmax),9,fever_fly,0.9984,0.8946,0.9436
84,Test,Leaf Class (Softmax),10,flesh_fly,0.7343,0.7822,0.7575
84,Test,Leaf Class (Softmax),11,fly,0.3449,0.5082,0.411
84,Test,Leaf Class (Softmax),12,fruit_fly,0.914,0.6165,0.7363
84,Test,Leaf Class (Softmax),13,hoverfly,0.8546,0.8198,0.8368
84,Test,Leaf Class (Softmax),14,ladybug,0.9349,0.9445,0.9397
84,Test,Leaf Class (Softmax),15,leaf_beetle,0.0508,0.0123,0.0198
84,Test,Leaf Class (Softmax),16,midge,0.9539,0.9935,0.9733
84,Test,Leaf Class (Softmax),17,moth,0.8426,0.7385,0.7871
84,Test,Leaf Class (Softmax),18,robber_fly,0.7443,0.793,0.7679
84,Test,Leaf Class (Softmax),19,spider,0.7361,0.8752,0.7997
84,Test,Leaf Class (Softmax),20,wasp,0.8669,0.8077,0.8363
84,Test,Leaf Class (Softmax),21,weevil,0.919,0.749,0.8253
84,Test,Leaf Class (Sigmoid),0,Ichneumonoidea,0.6437,0.6076,0.6251
84,Test,Leaf Class (Sigmoid),1,Muscoidea,0.3887,0.517,0.4438
84,Test,Leaf Class (Sigmoid),2,ant,0.8656,0.8455,0.8554
84,Test,Leaf Class (Sigmoid),3,ant_beetle,0.9102,0.9593,0.9341
84,Test,Leaf Class (Sigmoid),4,bug,0.9289,0.7149,0.808
84,Test,Leaf Class (Sigmoid),5,butterfly,0.8126,0.931,0.8678
84,Test,Leaf Class (Sigmoid),6,caddisfly,0.9991,0.9724,0.9856
84,Test,Leaf Class (Sigmoid),7,dance_fly,0.7846,0.6362,0.7026
84,Test,Leaf Class (Sigmoid),8,earwig,0.7313,0.0478,0.0897
84,Test,Leaf Class (Sigmoid),9,fever_fly,0.9969,0.9002,0.9461
84,Test,Leaf Class (Sigmoid),10,flesh_fly,0.7692,0.7792,0.7742
84,Test,Leaf Class (Sigmoid),11,fly,0.37,0.6138,0.4616
84,Test,Leaf Class (Sigmoid),12,fruit_fly,0.9369,0.6015,0.7326
84,Test,Leaf Class (Sigmoid),13,hoverfly,0.8636,0.8218,0.8422
84,Test,Leaf Class (Sigmoid),14,ladybug,0.9549,0.9428,0.9488
84,Test,Leaf Class (Sigmoid),15,leaf_beetle,0.039,0.0069,0.0117
84,Test,Leaf Class (Sigmoid),16,midge,0.9366,0.9938,0.9643
84,Test,Leaf Class (Sigmoid),17,moth,0.7993,0.861,0.829
84,Test,Leaf Class (Sigmoid),18,robber_fly,0.7899,0.8,0.7949
84,Test,Leaf Class (Sigmoid),19,spider,0.7108,0.8752,0.7845
84,Test,Leaf Class (Sigmoid),20,wasp,0.8292,0.8193,0.8242
84,Test,Leaf Class (Sigmoid),21,weevil,0.8971,0.7582,0.8218
85,Train,PF4,0,Arachnida,0.9843,0.999,0.9916
85,Train,PF4,1,Insecta,1.0,0.9999,0.9999
85,Train,PF3,0,Araneae,0.9916,0.997,0.9943
85,Train,PF3,1,Coleoptera,0.9961,0.9963,0.9962
85,Train,PF3,2,Dermaptera,0.9846,0.9922,0.9884
85,Train,PF3,3,Diptera,0.9967,0.9953,0.996
85,Train,PF3,4,Hemiptera,0.9926,0.9808,0.9867
85,Train,PF3,5,Hymenoptera,0.9917,0.9915,0.9916
85,Train,PF3,6,Lepidoptera,0.9891,0.9826,0.9858
85,Train,PF3,7,Mecoptera,0.8803,0.2814,0.4264
85,Train,PF3,8,Neuroptera,0.9948,0.9986,0.9967
85,Train,PF3,9,Orthoptera,0.8813,0.9951,0.9348
85,Train,PF3,10,Trichoptera,0.9992,0.9974,0.9983
85,Train,PF2,0,Apocrita,0.9956,0.9908,0.9932
85,Train,PF2,1,Arneomorphae,0.9975,0.9865,0.992
85,Train,PF2,2,Brachycera,0.9961,0.9958,0.996
85,Train,PF2,3,Forficulina,0.9838,0.9907,0.9873
85,Train,PF2,4,Glossata,0.9909,0.976,0.9834
85,Train,PF2,5,Hemerobiiformia,0.995,0.9982,0.9966
85,Train,PF2,6,Heteroptera,0.9931,0.9808,0.9869
85,Train,PF2,7,Integripalpia,0.9996,0.9955,0.9975
85,Train,PF2,8,Nematocera,0.9983,0.9931,0.9956
85,Train,PF2,9,Polyphaga,0.9972,0.9958,0.9965
85,Train,PF2,10,Symphyta,0.9782,0.9865,0.9823
85,Train,PF2,11,grasshopper,0.8451,0.9979,0.9152
85,Train,PF2,12,scorpion_fly,0.7708,0.0603,0.1118
85,Train,PF1,0,Aculeata,0.9949,0.9929,0.9939
85,Train,PF1,1,Araneomorphae,0.996,0.9955,0.9958
85,Train,PF1,2,Asilomorpha,0.9957,0.9951,0.9954
85,Train,PF1,3,Bibionomorpha,0.9979,0.9989,0.9984
85,Train,PF1,4,Cucujiformia,0.9979,0.9965,0.9972
85,Train,PF1,5,Culicomorpha,0.9994,0.9943,0.9969
85,Train,PF1,6,Epidermaptera,0.993,0.9876,0.9903
85,Train,PF1,7,Heterocera,0.9964,0.985,0.9907
85,Train,PF1,8,Muscomorpha,0.9942,0.9977,0.996
85,Train,PF1,9,Parasitica,0.9876,0.9819,0.9847
85,Train,PF1,10,Pentatomomorpha,0.9954,0.9769,0.9861
85,Train,PF1,11,Plenitentoria,1.0,0.9992,0.9996
85,Train,PF1,12,Rhopalocera,0.9976,0.9943,0.9959
85,Train,PF1,13,lacewing,0.9937,0.9988,0.9963
85,Train,PF1,14,saw_fly,0.9884,0.9844,0.9864
85,Train,Leaf Class (Softmax),0,Ichneumonoidea,0.9897,0.9876,0.9887
85,Train,Leaf Class (Softmax),1,Muscoidea,0.9129,0.8986,0.9057
85,Train,Leaf Class (Softmax),2,ant,0.9963,0.9978,0.997
85,Train,Leaf Class (Softmax),3,ant_beetle,0.9978,0.997,0.9974
85,Train,Leaf Class (Softmax),4,bug,0.9921,0.9893,0.9907
85,Train,Leaf Class (Softmax),5,butterfly,0.9951,0.996,0.9956
85,Train,Leaf Class (Softmax),6,caddisfly,0.9996,0.9989,0.9992
85,Train,Leaf Class (Softmax),7,dance_fly,0.9926,0.9866,0.9896
85,Train,Leaf Class (Softmax),8,earwig,0.9961,0.9907,0.9934
85,Train,Leaf Class (Softmax),9,fever_fly,0.9986,0.9989,0.9988
85,Train,Leaf Class (Softmax),10,flesh_fly,0.9867,0.9875,0.9871
85,Train,Leaf Class (Softmax),11,fly,0.8979,0.9123,0.905
85,Train,Leaf Class (Softmax),12,fruit_fly,0.9957,0.9957,0.9957
85,Train,Leaf Class (Softmax),13,hoverfly,0.9931,0.9948,0.9939
85,Train,Leaf Class (Softmax),14,ladybug,0.9968,0.9971,0.9969
85,Train,Leaf Class (Softmax),15,leaf_beetle,0.9979,0.9978,0.9979
85,Train,Leaf Class (Softmax),16,midge,0.9977,0.996,0.9969
85,Train,Leaf Class (Softmax),17,moth,0.994,0.9943,0.9942
85,Train,Leaf Class (Softmax),18,robber_fly,0.9974,0.9967,0.9971
85,Train,Leaf Class (Softmax),19,spider,0.9955,0.9975,0.9965
85,Train,Leaf Class (Softmax),20,wasp,0.9754,0.9672,0.9713
85,Train,Leaf Class (Softmax),21,weevil,0.9983,0.9973,0.9978
85,Train,Leaf Class (Sigmoid),0,Ichneumonoidea,0.9844,0.9905,0.9875
85,Train,Leaf Class (Sigmoid),1,Muscoidea,0.8555,0.9412,0.8963
85,Train,Leaf Class (Sigmoid),2,ant,0.9964,0.9969,0.9967
85,Train,Leaf Class (Sigmoid),3,ant_beetle,0.9974,0.9974,0.9974
85,Train,Leaf Class (Sigmoid),4,bug,0.9971,0.978,0.9875
85,Train,Leaf Class (Sigmoid),5,butterfly,0.9984,0.9935,0.9959
85,Train,Leaf Class (Sigmoid),6,caddisfly,0.9996,0.9985,0.9991
85,Train,Leaf Class (Sigmoid),7,dance_fly,0.9973,0.9813,0.9892
85,Train,Leaf Class (Sigmoid),8,earwig,0.9961,0.9884,0.9922
85,Train,Leaf Class (Sigmoid),9,fever_fly,0.9989,0.9982,0.9986
85,Train,Leaf Class (Sigmoid),10,flesh_fly,0.9836,0.9884,0.986
85,Train,Leaf Class (Sigmoid),11,fly,0.9305,0.8447,0.8855
85,Train,Leaf Class (Sigmoid),12,fruit_fly,0.9947,0.9959,0.9953
85,Train,Leaf Class (Sigmoid),13,hoverfly,0.9925,0.9944,0.9934
85,Train,Leaf Class (Sigmoid),14,ladybug,0.9953,0.9978,0.9965
85,Train,Leaf Class (Sigmoid),15,leaf_beetle,0.9968,0.9978,0.9973
85,Train,Leaf Class (Sigmoid),16,midge,0.9996,0.9949,0.9972
85,Train,Leaf Class (Sigmoid),17,moth,0.9973,0.9849,0.991
85,Train,Leaf Class (Sigmoid),18,robber_fly,0.9963,0.9971,0.9967
85,Train,Leaf Class (Sigmoid),19,spider,0.993,0.995,0.994
85,Train,Leaf Class (Sigmoid),20,wasp,0.9776,0.9537,0.9655
85,Train,Leaf Class (Sigmoid),21,weevil,0.9985,0.9964,0.9975
85,Test,PF4,0,Arachnida,0.6919,0.8758,0.7731
85,Test,PF4,1,Insecta,0.9971,0.991,0.994
85,Test,PF3,0,Araneae,0.6979,0.8758,0.7768
85,Test,PF3,1,Coleoptera,0.9193,0.7898,0.8496
85,Test,PF3,2,Dermaptera,0.8418,0.1452,0.2477
85,Test,PF3,3,Diptera,0.9058,0.9619,0.933
85,Test,PF3,4,Hemiptera,0.9513,0.708,0.8118
85,Test,PF3,5,Hymenoptera,0.8512,0.819,0.8348
85,Test,PF3,6,Lepidoptera,0.7577,0.6294,0.6876
85,Test,PF3,7,Mecoptera,0.2067,0.3048,0.2463
85,Test,PF3,8,Neuroptera,0.7508,0.4982,0.5989
85,Test,PF3,9,Orthoptera,0.6725,0.9672,0.7934
85,Test,PF3,10,Trichoptera,0.996,0.9668,0.9812
85,Test,PF2,0,Apocrita,0.8478,0.831,0.8393
85,Test,PF2,1,Arneomorphae,0.7363,0.8758,0.8
85,Test,PF2,2,Brachycera,0.8768,0.958,0.9156
85,Test,PF2,3,Forficulina,0.8253,0.1335,0.2299
85,Test,PF2,4,Glossata,0.7406,0.5352,0.6214
85,Test,PF2,5,Hemerobiiformia,0.8057,0.481,0.6024
85,Test,PF2,6,Heteroptera,0.9563,0.708,0.8136
85,Test,PF2,7,Integripalpia,0.9977,0.95,0.9733
85,Test,PF2,8,Nematocera,0.9585,0.9632,0.9608
85,Test,PF2,9,Polyphaga,0.9339,0.7864,0.8538
85,Test,PF2,10,Symphyta,0.879,0.7365,0.8015
85,Test,PF2,11,grasshopper,0.5691,0.9755,0.7189
85,Test,PF2,12,scorpion_fly,0.152,0.0804,0.1052
85,Test,PF1,0,Aculeata,0.8556,0.8642,0.8598
85,Test,PF1,1,Araneomorphae,0.7036,0.8758,0.7804
85,Test,PF1,2,Asilomorpha,0.8141,0.7695,0.7912
85,Test,PF1,3,Bibionomorpha,0.9984,0.8861,0.9389
85,Test,PF1,4,Cucujiformia,0.9286,0.7868,0.8518
85,Test,PF1,5,Culicomorpha,0.9439,0.9932,0.968
85,Test,PF1,6,Epidermaptera,0.8492,0.1481,0.2523
85,Test,PF1,7,Heterocera,0.7793,0.64,0.7028
85,Test,PF1,8,Muscomorpha,0.7983,0.9471,0.8664
85,Test,PF1,9,Parasitica,0.5864,0.6166,0.6011
85,Test,PF1,10,Pentatomomorpha,0.953,0.7034,0.8094
85,Test,PF1,11,Plenitentoria,0.9952,0.9754,0.9852
85,Test,PF1,12,Rhopalocera,0.7839,0.9222,0.8474
85,Test,PF1,13,lacewing,0.7163,0.6001,0.6531
85,Test,PF1,14,saw_fly,0.876,0.7205,0.7907
85,Test,Leaf Class (Softmax),0,Ichneumonoidea,0.5372,0.648,0.5874
85,Test,Leaf Class (Softmax),1,Muscoidea,0.3259,0.5768,0.4165
85,Test,Leaf Class (Softmax),2,ant,0.8789,0.8815,0.8802
85,Test,Leaf Class (Softmax),3,ant_beetle,0.9085,0.9394,0.9237
85,Test,Leaf Class (Softmax),4,bug,0.9572,0.7057,0.8124
85,Test,Leaf Class (Softmax),5,butterfly,0.781,0.9133,0.842
85,Test,Leaf Class (Softmax),6,caddisfly,0.9982,0.9746,0.9863
85,Test,Leaf Class (Softmax),7,dance_fly,0.8403,0.614,0.7096
85,Test,Leaf Class (Softmax),8,earwig,0.7903,0.0955,0.1704
85,Test,Leaf Class (Softmax),9,fever_fly,0.9984,0.8868,0.9393
85,Test,Leaf Class (Softmax),10,flesh_fly,0.7557,0.768,0.7618
85,Test,Leaf Class (Softmax),11,fly,0.3604,0.532,0.4297
85,Test,Leaf Class (Softmax),12,fruit_fly,0.903,0.5913,0.7146
85,Test,Leaf Class (Softmax),13,hoverfly,0.8421,0.844,0.8431
85,Test,Leaf Class (Softmax),14,ladybug,0.9239,0.9438,0.9337
85,Test,Leaf Class (Softmax),15,leaf_beetle,0.085,0.0131,0.0227
85,Test,Leaf Class (Softmax),16,midge,0.9571,0.9935,0.975
85,Test,Leaf Class (Softmax),17,moth,0.8577,0.7052,0.774
85,Test,Leaf Class (Softmax),18,robber_fly,0.8144,0.7932,0.8037
85,Test,Leaf Class (Softmax),19,spider,0.7477,0.8758,0.8067
85,Test,Leaf Class (Softmax),20,wasp,0.8572,0.8165,0.8364
85,Test,Leaf Class (Softmax),21,weevil,0.9157,0.7578,0.8293
85,Test,Leaf Class (Sigmoid),0,Ichneumonoidea,0.5987,0.6256,0.6118
85,Test,Leaf Class (Sigmoid),1,Muscoidea,0.3813,0.4762,0.4235
85,Test,Leaf Class (Sigmoid),2,ant,0.8683,0.8835,0.8758
85,Test,Leaf Class (Sigmoid),3,ant_beetle,0.9214,0.9438,0.9325
85,Test,Leaf Class (Sigmoid),4,bug,0.9186,0.7126,0.8026
85,Test,Leaf Class (Sigmoid),5,butterfly,0.805,0.9232,0.86
85,Test,Leaf Class (Sigmoid),6,caddisfly,0.9991,0.9728,0.9858
85,Test,Leaf Class (Sigmoid),7,dance_fly,0.8071,0.6415,0.7148
85,Test,Leaf Class (Sigmoid),8,earwig,0.8248,0.1101,0.1943
85,Test,Leaf Class (Sigmoid),9,fever_fly,0.9984,0.8946,0.9436
85,Test,Leaf Class (Sigmoid),10,flesh_fly,0.787,0.7622,0.7744
85,Test,Leaf Class (Sigmoid),11,fly,0.3545,0.6378,0.4557
85,Test,Leaf Class (Sigmoid),12,fruit_fly,0.9225,0.5745,0.7081
85,Test,Leaf Class (Sigmoid),13,hoverfly,0.861,0.8485,0.8547
85,Test,Leaf Class (Sigmoid),14,ladybug,0.9528,0.9395,0.9461
85,Test,Leaf Class (Sigmoid),15,leaf_beetle,0.1149,0.0131,0.0235
85,Test,Leaf Class (Sigmoid),16,midge,0.9393,0.9938,0.9657
85,Test,Leaf Class (Sigmoid),17,moth,0.8279,0.867,0.847
85,Test,Leaf Class (Sigmoid),18,robber_fly,0.8214,0.7945,0.8077
85,Test,Leaf Class (Sigmoid),19,spider,0.7234,0.8758,0.7923
85,Test,Leaf Class (Sigmoid),20,wasp,0.8232,0.8285,0.8258
85,Test,Leaf Class (Sigmoid),21,weevil,0.8893,0.7652,0.8226
86,Train,PF4,0,Arachnida,0.9808,0.9965,0.9886
86,Train,PF4,1,Insecta,1.0,0.9998,0.9999
86,Train,PF3,0,Araneae,0.993,0.995,0.994
86,Train,PF3,1,Coleoptera,0.9961,0.9963,0.9962
86,Train,PF3,2,Dermaptera,0.9838,0.9907,0.9873
86,Train,PF3,3,Diptera,0.9967,0.9952,0.996
86,Train,PF3,4,Hemiptera,0.9926,0.9786,0.9855
86,Train,PF3,5,Hymenoptera,0.9909,0.9911,0.991
86,Train,PF3,6,Lepidoptera,0.9895,0.9821,0.9858
86,Train,PF3,7,Mecoptera,0.8798,0.2919,0.4384
86,Train,PF3,8,Neuroptera,0.9936,0.9987,0.9962
86,Train,PF3,9,Orthoptera,0.8827,0.9948,0.9354
86,Train,PF3,10,Trichoptera,0.9989,0.9977,0.9983
86,Train,PF2,0,Apocrita,0.9954,0.99,0.9927
86,Train,PF2,1,Arneomorphae,0.995,0.987,0.991
86,Train,PF2,2,Brachycera,0.996,0.9957,0.9958
86,Train,PF2,3,Forficulina,0.9861,0.9899,0.988
86,Train,PF2,4,Glossata,0.9907,0.977,0.9838
86,Train,PF2,5,Hemerobiiformia,0.9956,0.9979,0.9967
86,Train,PF2,6,Heteroptera,0.9937,0.9797,0.9867
86,Train,PF2,7,Integripalpia,0.9989,0.9966,0.9977
86,Train,PF2,8,Nematocera,0.9988,0.9926,0.9956
86,Train,PF2,9,Polyphaga,0.9971,0.9958,0.9965
86,Train,PF2,10,Symphyta,0.9745,0.988,0.9812
86,Train,PF2,11,grasshopper,0.847,0.9973,0.916
86,Train,PF2,12,scorpion_fly,0.7424,0.0692,0.1266
86,Train,PF1,0,Aculeata,0.9948,0.9931,0.994
86,Train,PF1,1,Araneomorphae,0.995,0.994,0.9945
86,Train,PF1,2,Asilomorpha,0.9961,0.9959,0.996
86,Train,PF1,3,Bibionomorpha,0.9979,0.9979,0.9979
86,Train,PF1,4,Cucujiformia,0.9981,0.9967,0.9974
86,Train,PF1,5,Culicomorpha,0.9992,0.9939,0.9966
86,Train,PF1,6,Epidermaptera,0.9907,0.9891,0.9899
86,Train,PF1,7,Heterocera,0.9967,0.9851,0.9909
86,Train,PF1,8,Muscomorpha,0.9946,0.9978,0.9962
86,Train,PF1,9,Parasitica,0.9896,0.9852,0.9874
86,Train,PF1,10,Pentatomomorpha,0.9948,0.978,0.9863
86,Train,PF1,11,Plenitentoria,0.9981,0.9992,0.9987
86,Train,PF1,12,Rhopalocera,0.9968,0.9968,0.9968
86,Train,PF1,13,lacewing,0.9947,0.9989,0.9968
86,Train,PF1,14,saw_fly,0.9859,0.9852,0.9856
86,Train,Leaf Class (Softmax),0,Ichneumonoidea,0.9897,0.988,0.9889
86,Train,Leaf Class (Softmax),1,Muscoidea,0.9148,0.8982,0.9064
86,Train,Leaf Class (Softmax),2,ant,0.9953,0.9972,0.9963
86,Train,Leaf Class (Softmax),3,ant_beetle,0.9978,0.997,0.9974
86,Train,Leaf Class (Softmax),4,bug,0.9904,0.9921,0.9913
86,Train,Leaf Class (Softmax),5,butterfly,0.9976,0.9951,0.9964
86,Train,Leaf Class (Softmax),6,caddisfly,0.9989,0.9992,0.9991
86,Train,Leaf Class (Softmax),7,dance_fly,0.994,0.9913,0.9926
86,Train,Leaf Class (Softmax),8,earwig,0.9953,0.9899,0.9926
86,Train,Leaf Class (Softmax),9,fever_fly,0.9989,0.9979,0.9984
86,Train,Leaf Class (Softmax),10,flesh_fly,0.9889,0.9876,0.9883
86,Train,Leaf Class (Softmax),11,fly,0.8955,0.9132,0.9043
86,Train,Leaf Class (Softmax),12,fruit_fly,0.9957,0.9957,0.9957
86,Train,Leaf Class (Softmax),13,hoverfly,0.9936,0.9943,0.9939
86,Train,Leaf Class (Softmax),14,ladybug,0.9972,0.9969,0.9971
86,Train,Leaf Class (Softmax),15,leaf_beetle,0.9977,0.9988,0.9982
86,Train,Leaf Class (Softmax),16,midge,0.9985,0.9958,0.9971
86,Train,Leaf Class (Softmax),17,moth,0.9948,0.9946,0.9947
86,Train,Leaf Class (Softmax),18,robber_fly,0.9976,0.9964,0.997
86,Train,Leaf Class (Softmax),19,spider,0.995,0.9975,0.9963
86,Train,Leaf Class (Softmax),20,wasp,0.9733,0.9672,0.9702
86,Train,Leaf Class (Softmax),21,weevil,0.9982,0.9985,0.9984
86,Train,Leaf Class (Sigmoid),0,Ichneumonoidea,0.9868,0.9897,0.9883
86,Train,Leaf Class (Sigmoid),1,Muscoidea,0.8592,0.941,0.8982
86,Train,Leaf Class (Sigmoid),2,ant,0.9956,0.9962,0.9959
86,Train,Leaf Class (Sigmoid),3,ant_beetle,0.9966,0.9974,0.997
86,Train,Leaf Class (Sigmoid),4,bug,0.9943,0.9791,0.9866
86,Train,Leaf Class (Sigmoid),5,butterfly,0.9984,0.9919,0.9951
86,Train,Leaf Class (Sigmoid),6,caddisfly,0.997,0.9992,0.9981
86,Train,Leaf Class (Sigmoid),7,dance_fly,0.9953,0.9866,0.9909
86,Train,Leaf Class (Sigmoid),8,earwig,0.9938,0.9891,0.9915
86,Train,Leaf Class (Sigmoid),9,fever_fly,0.9979,0.9964,0.9971
86,Train,Leaf Class (Sigmoid),10,flesh_fly,0.9859,0.9885,0.9872
86,Train,Leaf Class (Sigmoid),11,fly,0.9307,0.8487,0.8878
86,Train,Leaf Class (Sigmoid),12,fruit_fly,0.9941,0.9957,0.9949
86,Train,Leaf Class (Sigmoid),13,hoverfly,0.9931,0.9948,0.9939
86,Train,Leaf Class (Sigmoid),14,ladybug,0.9956,0.9971,0.9964
86,Train,Leaf Class (Sigmoid),15,leaf_beetle,0.9961,0.9987,0.9974
86,Train,Leaf Class (Sigmoid),16,midge,0.9998,0.9935,0.9967
86,Train,Leaf Class (Sigmoid),17,moth,0.9976,0.9874,0.9925
86,Train,Leaf Class (Sigmoid),18,robber_fly,0.9965,0.9965,0.9965
86,Train,Leaf Class (Sigmoid),19,spider,0.994,0.9925,0.9933
86,Train,Leaf Class (Sigmoid),20,wasp,0.9772,0.9558,0.9664
86,Train,Leaf Class (Sigmoid),21,weevil,0.9985,0.9976,0.9981
86,Test,PF4,0,Arachnida,0.66,0.8758,0.7527
86,Test,PF4,1,Insecta,0.9971,0.9896,0.9933
86,Test,PF3,0,Araneae,0.6682,0.8758,0.7581
86,Test,PF3,1,Coleoptera,0.9136,0.7929,0.849
86,Test,PF3,2,Dermaptera,0.858,0.1355,0.234
86,Test,PF3,3,Diptera,0.9012,0.962,0.9306
86,Test,PF3,4,Hemiptera,0.9588,0.6988,0.8084
86,Test,PF3,5,Hymenoptera,0.8455,0.8,0.8221
86,Test,PF3,6,Lepidoptera,0.7672,0.5848,0.6637
86,Test,PF3,7,Mecoptera,0.1809,0.2944,0.2241
86,Test,PF3,8,Neuroptera,0.6891,0.5003,0.5797
86,Test,PF3,9,Orthoptera,0.6843,0.9802,0.806
86,Test,PF3,10,Trichoptera,0.9987,0.9569,0.9773
86,Test,PF2,0,Apocrita,0.8412,0.8168,0.8288
86,Test,PF2,1,Arneomorphae,0.6896,0.8758,0.7716
86,Test,PF2,2,Brachycera,0.8748,0.9585,0.9147
86,Test,PF2,3,Forficulina,0.8431,0.1257,0.2188
86,Test,PF2,4,Glossata,0.7586,0.5214,0.6181
86,Test,PF2,5,Hemerobiiformia,0.8003,0.4836,0.6029
86,Test,PF2,6,Heteroptera,0.9594,0.6918,0.8039
86,Test,PF2,7,Integripalpia,0.9995,0.9345,0.9659
86,Test,PF2,8,Nematocera,0.9607,0.9607,0.9607
86,Test,PF2,9,Polyphaga,0.933,0.7898,0.8555
86,Test,PF2,10,Symphyta,0.9026,0.7005,0.7888
86,Test,PF2,11,grasshopper,0.5646,0.984,0.7175
86,Test,PF2,12,scorpion_fly,0.1627,0.0973,0.1218
86,Test,PF1,0,Aculeata,0.8429,0.8567,0.8497
86,Test,PF1,1,Araneomorphae,0.6732,0.8758,0.7613
86,Test,PF1,2,Asilomorpha,0.8246,0.7541,0.7878
86,Test,PF1,3,Bibionomorpha,0.9976,0.8769,0.9333
86,Test,PF1,4,Cucujiformia,0.9187,0.7889,0.8489
86,Test,PF1,5,Culicomorpha,0.9437,0.9932,0.9678
86,Test,PF1,6,Epidermaptera,0.8591,0.1248,0.2179
86,Test,PF1,7,Heterocera,0.7902,0.647,0.7115
86,Test,PF1,8,Muscomorpha,0.7965,0.9533,0.8679
86,Test,PF1,9,Parasitica,0.6247,0.6009,0.6126
86,Test,PF1,10,Pentatomomorpha,0.9622,0.6872,0.8018
86,Test,PF1,11,Plenitentoria,0.9973,0.9685,0.9827
86,Test,PF1,12,Rhopalocera,0.8094,0.9123,0.8578
86,Test,PF1,13,lacewing,0.7282,0.6006,0.6583
86,Test,PF1,14,saw_fly,0.8914,0.6907,0.7783
86,Test,Leaf Class (Softmax),0,Ichneumonoidea,0.5876,0.639,0.6122
86,Test,Leaf Class (Softmax),1,Muscoidea,0.36,0.5915,0.4476
86,Test,Leaf Class (Softmax),2,ant,0.8555,0.8482,0.8519
86,Test,Leaf Class (Softmax),3,ant_beetle,0.8924,0.9379,0.9146
86,Test,Leaf Class (Softmax),4,bug,0.9626,0.6941,0.8066
86,Test,Leaf Class (Softmax),5,butterfly,0.8176,0.9054,0.8593
86,Test,Leaf Class (Softmax),6,caddisfly,0.9982,0.9668,0.9823
86,Test,Leaf Class (Softmax),7,dance_fly,0.8257,0.6285,0.7137
86,Test,Leaf Class (Softmax),8,earwig,0.8165,0.0867,0.1568
86,Test,Leaf Class (Softmax),9,fever_fly,0.9976,0.8762,0.9329
86,Test,Leaf Class (Softmax),10,flesh_fly,0.746,0.7982,0.7713
86,Test,Leaf Class (Softmax),11,fly,0.358,0.5025,0.4181
86,Test,Leaf Class (Softmax),12,fruit_fly,0.8825,0.61,0.7214
86,Test,Leaf Class (Softmax),13,hoverfly,0.8175,0.852,0.8344
86,Test,Leaf Class (Softmax),14,ladybug,0.9147,0.9492,0.9317
86,Test,Leaf Class (Softmax),15,leaf_beetle,0.0502,0.0115,0.0188
86,Test,Leaf Class (Softmax),16,midge,0.9564,0.993,0.9744
86,Test,Leaf Class (Softmax),17,moth,0.8645,0.767,0.8128
86,Test,Leaf Class (Softmax),18,robber_fly,0.8137,0.7805,0.7967
86,Test,Leaf Class (Softmax),19,spider,0.6952,0.8758,0.7751
86,Test,Leaf Class (Softmax),20,wasp,0.8613,0.8133,0.8366
86,Test,Leaf Class (Softmax),21,weevil,0.9229,0.7515,0.8284
86,Test,Leaf Class (Sigmoid),0,Ichneumonoidea,0.6535,0.63,0.6416
86,Test,Leaf Class (Sigmoid),1,Muscoidea,0.3841,0.5172,0.4408
86,Test,Leaf Class (Sigmoid),2,ant,0.8412,0.8595,0.8503
86,Test,Leaf Class (Sigmoid),3,ant_beetle,0.9167,0.9431,0.9297
86,Test,Leaf Class (Sigmoid),4,bug,0.9401,0.7018,0.8037
86,Test,Leaf Class (Sigmoid),5,butterfly,0.8339,0.9202,0.8749
86,Test,Leaf Class (Sigmoid),6,caddisfly,0.9991,0.9608,0.9796
86,Test,Leaf Class (Sigmoid),7,dance_fly,0.7989,0.6575,0.7213
86,Test,Leaf Class (Sigmoid),8,earwig,0.8607,0.1023,0.1829
86,Test,Leaf Class (Sigmoid),9,fever_fly,0.9976,0.8825,0.9365
86,Test,Leaf Class (Sigmoid),10,flesh_fly,0.7821,0.7968,0.7893
86,Test,Leaf Class (Sigmoid),11,fly,0.3683,0.5898,0.4534
86,Test,Leaf Class (Sigmoid),12,fruit_fly,0.9009,0.5935,0.7156
86,Test,Leaf Class (Sigmoid),13,hoverfly,0.8233,0.8538,0.8382
86,Test,Leaf Class (Sigmoid),14,ladybug,0.9398,0.945,0.9424
86,Test,Leaf Class (Sigmoid),15,leaf_beetle,0.0455,0.0077,0.0131
86,Test,Leaf Class (Sigmoid),16,midge,0.9412,0.9932,0.9665
86,Test,Leaf Class (Sigmoid),17,moth,0.8166,0.827,0.8218
86,Test,Leaf Class (Sigmoid),18,robber_fly,0.8257,0.7817,0.8031
86,Test,Leaf Class (Sigmoid),19,spider,0.6786,0.8758,0.7647
86,Test,Leaf Class (Sigmoid),20,wasp,0.8245,0.8207,0.8226
86,Test,Leaf Class (Sigmoid),21,weevil,0.8992,0.7602,0.8239
87,Train,PF4,0,Arachnida,0.9775,0.999,0.9882
87,Train,PF4,1,Insecta,1.0,0.9998,0.9999
87,Train,PF3,0,Araneae,0.9915,0.995,0.9933
87,Train,PF3,1,Coleoptera,0.9963,0.9961,0.9962
87,Train,PF3,2,Dermaptera,0.9854,0.9907,0.988
87,Train,PF3,3,Diptera,0.9968,0.9955,0.9962
87,Train,PF3,4,Hemiptera,0.9932,0.9814,0.9872
87,Train,PF3,5,Hymenoptera,0.9918,0.9921,0.9919
87,Train,PF3,6,Lepidoptera,0.991,0.983,0.987
87,Train,PF3,7,Mecoptera,0.8922,0.3436,0.4962
87,Train,PF3,8,Neuroptera,0.9951,0.9989,0.997
87,Train,PF3,9,Orthoptera,0.8902,0.9965,0.9403
87,Train,PF3,10,Trichoptera,0.9996,0.997,0.9983
87,Train,PF2,0,Apocrita,0.996,0.9914,0.9937
87,Train,PF2,1,Arneomorphae,0.9955,0.9875,0.9915
87,Train,PF2,2,Brachycera,0.9963,0.9959,0.9961
87,Train,PF2,3,Forficulina,0.9823,0.9922,0.9873
87,Train,PF2,4,Glossata,0.9922,0.9765,0.9843
87,Train,PF2,5,Hemerobiiformia,0.9954,0.9984,0.9969
87,Train,PF2,6,Heteroptera,0.9915,0.9848,0.9881
87,Train,PF2,7,Integripalpia,1.0,0.997,0.9985
87,Train,PF2,8,Nematocera,0.9991,0.9931,0.9961
87,Train,PF2,9,Polyphaga,0.9977,0.9956,0.9966
87,Train,PF2,10,Symphyta,0.9784,0.9859,0.9822
87,Train,PF2,11,grasshopper,0.8475,0.998,0.9166
87,Train,PF2,12,scorpion_fly,0.8199,0.0871,0.1575
87,Train,PF1,0,Aculeata,0.996,0.9934,0.9947
87,Train,PF1,1,Araneomorphae,0.9955,0.9965,0.996
87,Train,PF1,2,Asilomorpha,0.9962,0.9962,0.9962
87,Train,PF1,3,Bibionomorpha,0.9989,0.9975,0.9982
87,Train,PF1,4,Cucujiformia,0.998,0.9968,0.9974
87,Train,PF1,5,Culicomorpha,0.9994,0.9933,0.9964
87,Train,PF1,6,Epidermaptera,0.9922,0.9922,0.9922
87,Train,PF1,7,Heterocera,0.9967,0.9863,0.9915
87,Train,PF1,8,Muscomorpha,0.9946,0.9979,0.9963
87,Train,PF1,9,Parasitica,0.9888,0.9847,0.9868
87,Train,PF1,10,Pentatomomorpha,0.9954,0.9814,0.9884
87,Train,PF1,11,Plenitentoria,0.9992,0.9992,0.9992
87,Train,PF1,12,Rhopalocera,0.9927,0.9943,0.9935
87,Train,PF1,13,lacewing,0.9951,0.9992,0.9971
87,Train,PF1,14,saw_fly,0.9879,0.9839,0.9859
87,Train,Leaf Class (Softmax),0,Ichneumonoidea,0.9909,0.9897,0.9903
87,Train,Leaf Class (Softmax),1,Muscoidea,0.9167,0.9011,0.9089
87,Train,Leaf Class (Softmax),2,ant,0.9964,0.9979,0.9972
87,Train,Leaf Class (Softmax),3,ant_beetle,0.9985,0.9985,0.9985
87,Train,Leaf Class (Softmax),4,bug,0.991,0.991,0.991
87,Train,Leaf Class (Softmax),5,butterfly,0.9943,0.9943,0.9943
87,Train,Leaf Class (Softmax),6,caddisfly,1.0,0.9989,0.9994
87,Train,Leaf Class (Softmax),7,dance_fly,0.992,0.99,0.991
87,Train,Leaf Class (Softmax),8,earwig,0.993,0.9938,0.9934
87,Train,Leaf Class (Softmax),9,fever_fly,0.9993,0.9975,0.9984
87,Train,Leaf Class (Softmax),10,flesh_fly,0.9871,0.9885,0.9878
87,Train,Leaf Class (Softmax),11,fly,0.8986,0.914,0.9062
87,Train,Leaf Class (Softmax),12,fruit_fly,0.9959,0.9959,0.9959
87,Train,Leaf Class (Softmax),13,hoverfly,0.9935,0.9932,0.9934
87,Train,Leaf Class (Softmax),14,ladybug,0.9966,0.9972,0.9969
87,Train,Leaf Class (Softmax),15,leaf_beetle,0.9976,0.9983,0.998
87,Train,Leaf Class (Softmax),16,midge,0.9981,0.9958,0.997
87,Train,Leaf Class (Softmax),17,moth,0.9943,0.9946,0.9945
87,Train,Leaf Class (Softmax),18,robber_fly,0.9979,0.9972,0.9976
87,Train,Leaf Class (Softmax),19,spider,0.995,0.9985,0.9968
87,Train,Leaf Class (Softmax),20,wasp,0.9796,0.968,0.9738
87,Train,Leaf Class (Softmax),21,weevil,0.9983,0.998,0.9981
87,Train,Leaf Class (Sigmoid),0,Ichneumonoidea,0.9857,0.9918,0.9887
87,Train,Leaf Class (Sigmoid),1,Muscoidea,0.863,0.9431,0.9013
87,Train,Leaf Class (Sigmoid),2,ant,0.9964,0.9972,0.9968
87,Train,Leaf Class (Sigmoid),3,ant_beetle,0.9978,0.9978,0.9978
87,Train,Leaf Class (Sigmoid),4,bug,0.996,0.9786,0.9872
87,Train,Leaf Class (Sigmoid),5,butterfly,0.9959,0.9887,0.9923
87,Train,Leaf Class (Sigmoid),6,caddisfly,0.9992,0.9992,0.9992
87,Train,Leaf Class (Sigmoid),7,dance_fly,0.9966,0.9833,0.9899
87,Train,Leaf Class (Sigmoid),8,earwig,0.9961,0.9938,0.995
87,Train,Leaf Class (Sigmoid),9,fever_fly,0.9989,0.9971,0.998
87,Train,Leaf Class (Sigmoid),10,flesh_fly,0.9848,0.9891,0.987
87,Train,Leaf Class (Sigmoid),11,fly,0.9325,0.8531,0.891
87,Train,Leaf Class (Sigmoid),12,fruit_fly,0.9944,0.996,0.9952
87,Train,Leaf Class (Sigmoid),13,hoverfly,0.9928,0.9931,0.9929
87,Train,Leaf Class (Sigmoid),14,ladybug,0.9942,0.9976,0.9959
87,Train,Leaf Class (Sigmoid),15,leaf_beetle,0.9966,0.9988,0.9977
87,Train,Leaf Class (Sigmoid),16,midge,1.0,0.9932,0.9966
87,Train,Leaf Class (Sigmoid),17,moth,0.9974,0.9862,0.9917
87,Train,Leaf Class (Sigmoid),18,robber_fly,0.9971,0.9971,0.9971
87,Train,Leaf Class (Sigmoid),19,spider,0.996,0.997,0.9965
87,Train,Leaf Class (Sigmoid),20,wasp,0.9789,0.9567,0.9677
87,Train,Leaf Class (Sigmoid),21,weevil,0.9989,0.9962,0.9975
87,Test,PF4,0,Arachnida,0.6882,0.8758,0.7708
87,Test,PF4,1,Insecta,0.9971,0.9908,0.994
87,Test,PF3,0,Araneae,0.6909,0.8758,0.7724
87,Test,PF3,1,Coleoptera,0.9192,0.7936,0.8518
87,Test,PF3,2,Dermaptera,0.9054,0.1306,0.2283
87,Test,PF3,3,Diptera,0.9021,0.9631,0.9316
87,Test,PF3,4,Hemiptera,0.9578,0.6995,0.8085
87,Test,PF3,5,Hymenoptera,0.8408,0.823,0.8318
87,Test,PF3,6,Lepidoptera,0.7868,0.6144,0.69
87,Test,PF3,7,Mecoptera,0.1868,0.3722,0.2488
87,Test,PF3,8,Neuroptera,0.7842,0.4951,0.6069
87,Test,PF3,9,Orthoptera,0.7284,0.9775,0.8348
87,Test,PF3,10,Trichoptera,0.9969,0.9573,0.9767
87,Test,PF2,0,Apocrita,0.8388,0.8434,0.8411
87,Test,PF2,1,Arneomorphae,0.731,0.8758,0.7969
87,Test,PF2,2,Brachycera,0.8729,0.9602,0.9145
87,Test,PF2,3,Forficulina,0.8492,0.1043,0.1858
87,Test,PF2,4,Glossata,0.7705,0.5336,0.6305
87,Test,PF2,5,Hemerobiiformia,0.8607,0.4789,0.6154
87,Test,PF2,6,Heteroptera,0.9527,0.6988,0.8062
87,Test,PF2,7,Integripalpia,0.9981,0.9254,0.9604
87,Test,PF2,8,Nematocera,0.9653,0.9655,0.9654
87,Test,PF2,9,Polyphaga,0.9362,0.7882,0.8559
87,Test,PF2,10,Symphyta,0.896,0.7257,0.8019
87,Test,PF2,11,grasshopper,0.5759,0.984,0.7266
87,Test,PF2,12,scorpion_fly,0.1712,0.0986,0.1251
87,Test,PF1,0,Aculeata,0.8364,0.874,0.8548
87,Test,PF1,1,Araneomorphae,0.704,0.8758,0.7806
87,Test,PF1,2,Asilomorpha,0.8002,0.7814,0.7907
87,Test,PF1,3,Bibionomorpha,0.9976,0.8981,0.9453
87,Test,PF1,4,Cucujiformia,0.9242,0.7882,0.8508
87,Test,PF1,5,Culicomorpha,0.9471,0.9932,0.9696
87,Test,PF1,6,Epidermaptera,0.8881,0.1238,0.2173
87,Test,PF1,7,Heterocera,0.7954,0.6735,0.7294
87,Test,PF1,8,Muscomorpha,0.8032,0.9455,0.8686
87,Test,PF1,9,Parasitica,0.6031,0.6031,0.6031
87,Test,PF1,10,Pentatomomorpha,0.9534,0.6941,0.8034
87,Test,PF1,11,Plenitentoria,0.9965,0.9724,0.9843
87,Test,PF1,12,Rhopalocera,0.8114,0.9153,0.8602
87,Test,PF1,13,lacewing,0.807,0.5959,0.6856
87,Test,PF1,14,saw_fly,0.8893,0.7131,0.7915
87,Test,Leaf Class (Softmax),0,Ichneumonoidea,0.5916,0.63,0.6102
87,Test,Leaf Class (Softmax),1,Muscoidea,0.3687,0.5968,0.4558
87,Test,Leaf Class (Softmax),2,ant,0.8617,0.8722,0.8669
87,Test,Leaf Class (Softmax),3,ant_beetle,0.9095,0.9364,0.9228
87,Test,Leaf Class (Softmax),4,bug,0.9588,0.6995,0.8089
87,Test,Leaf Class (Softmax),5,butterfly,0.8193,0.9113,0.8629
87,Test,Leaf Class (Softmax),6,caddisfly,0.9991,0.9707,0.9847
87,Test,Leaf Class (Softmax),7,dance_fly,0.8255,0.6026,0.6966
87,Test,Leaf Class (Softmax),8,earwig,0.8851,0.075,0.1384
87,Test,Leaf Class (Softmax),9,fever_fly,0.9976,0.8988,0.9456
87,Test,Leaf Class (Softmax),10,flesh_fly,0.7719,0.791,0.7813
87,Test,Leaf Class (Softmax),11,fly,0.338,0.507,0.4056
87,Test,Leaf Class (Softmax),12,fruit_fly,0.903,0.6008,0.7215
87,Test,Leaf Class (Softmax),13,hoverfly,0.8238,0.838,0.8308
87,Test,Leaf Class (Softmax),14,ladybug,0.934,0.9452,0.9396
87,Test,Leaf Class (Softmax),15,leaf_beetle,0.059,0.0138,0.0224
87,Test,Leaf Class (Softmax),16,midge,0.9578,0.9932,0.9752
87,Test,Leaf Class (Softmax),17,moth,0.8704,0.717,0.7863
87,Test,Leaf Class (Softmax),18,robber_fly,0.7924,0.817,0.8045
87,Test,Leaf Class (Softmax),19,spider,0.7359,0.8758,0.7998
87,Test,Leaf Class (Softmax),20,wasp,0.8183,0.8349,0.8266
87,Test,Leaf Class (Softmax),21,weevil,0.9185,0.7665,0.8357
87,Test,Leaf Class (Sigmoid),0,Ichneumonoidea,0.6642,0.6121,0.6371
87,Test,Leaf Class (Sigmoid),1,Muscoidea,0.3995,0.5357,0.4577
87,Test,Leaf Class (Sigmoid),2,ant,0.8456,0.8845,0.8646
87,Test,Leaf Class (Sigmoid),3,ant_beetle,0.9249,0.9379,0.9314
87,Test,Leaf Class (Sigmoid),4,bug,0.9273,0.7072,0.8024
87,Test,Leaf Class (Sigmoid),5,butterfly,0.8359,0.9232,0.8773
87,Test,Leaf Class (Sigmoid),6,caddisfly,0.9991,0.9655,0.982
87,Test,Leaf Class (Sigmoid),7,dance_fly,0.7907,0.6224,0.6965
87,Test,Leaf Class (Sigmoid),8,earwig,0.91,0.0887,0.1616
87,Test,Leaf Class (Sigmoid),9,fever_fly,0.9977,0.9016,0.9472
87,Test,Leaf Class (Sigmoid),10,flesh_fly,0.7975,0.7835,0.7904
87,Test,Leaf Class (Sigmoid),11,fly,0.3614,0.5865,0.4472
87,Test,Leaf Class (Sigmoid),12,fruit_fly,0.9179,0.5818,0.7122
87,Test,Leaf Class (Sigmoid),13,hoverfly,0.8367,0.844,0.8403
87,Test,Leaf Class (Sigmoid),14,ladybug,0.9558,0.9405,0.9481
87,Test,Leaf Class (Sigmoid),15,leaf_beetle,0.0655,0.0085,0.015
87,Test,Leaf Class (Sigmoid),16,midge,0.9451,0.9938,0.9688
87,Test,Leaf Class (Sigmoid),17,moth,0.822,0.8165,0.8193
87,Test,Leaf Class (Sigmoid),18,robber_fly,0.8079,0.818,0.8129
87,Test,Leaf Class (Sigmoid),19,spider,0.7187,0.8758,0.7895
87,Test,Leaf Class (Sigmoid),20,wasp,0.7675,0.8414,0.8027
87,Test,Leaf Class (Sigmoid),21,weevil,0.8835,0.772,0.824
88,Train,PF4,0,Arachnida,0.9813,0.9975,0.9894
88,Train,PF4,1,Insecta,1.0,0.9998,0.9999
88,Train,PF3,0,Araneae,0.993,0.995,0.994
88,Train,PF3,1,Coleoptera,0.9962,0.9962,0.9962
88,Train,PF3,2,Dermaptera,0.9861,0.9907,0.9884
88,Train,PF3,3,Diptera,0.9969,0.9957,0.9963
88,Train,PF3,4,Hemiptera,0.9915,0.9825,0.987
88,Train,PF3,5,Hymenoptera,0.9922,0.9922,0.9922
88,Train,PF3,6,Lepidoptera,0.99,0.9846,0.9873
88,Train,PF3,7,Mecoptera,0.8956,0.3213,0.4729
88,Train,PF3,8,Neuroptera,0.9953,0.9987,0.997
88,Train,PF3,9,Orthoptera,0.8889,0.9959,0.9393
88,Train,PF3,10,Trichoptera,0.9996,0.9981,0.9989
88,Train,PF2,0,Apocrita,0.9956,0.9922,0.9939
88,Train,PF2,1,Arneomorphae,0.9975,0.986,0.9917
88,Train,PF2,2,Brachycera,0.9964,0.996,0.9962
88,Train,PF2,3,Forficulina,0.9846,0.993,0.9888
88,Train,PF2,4,Glossata,0.9903,0.9794,0.9848
88,Train,PF2,5,Hemerobiiformia,0.9967,0.9979,0.9973
88,Train,PF2,6,Heteroptera,0.9932,0.9825,0.9878
88,Train,PF2,7,Integripalpia,0.9989,0.997,0.9979
88,Train,PF2,8,Nematocera,0.9986,0.9937,0.9961
88,Train,PF2,9,Polyphaga,0.9974,0.9957,0.9966
88,Train,PF2,10,Symphyta,0.9797,0.9867,0.9832
88,Train,PF2,11,grasshopper,0.8482,0.9976,0.9168
88,Train,PF2,12,scorpion_fly,0.7742,0.0684,0.1257
88,Train,PF1,0,Aculeata,0.9957,0.9937,0.9947
88,Train,PF1,1,Araneomorphae,0.9935,0.995,0.9943
88,Train,PF1,2,Asilomorpha,0.9962,0.9958,0.996
88,Train,PF1,3,Bibionomorpha,0.9975,0.9986,0.998
88,Train,PF1,4,Cucujiformia,0.9981,0.9965,0.9973
88,Train,PF1,5,Culicomorpha,0.999,0.9954,0.9972
88,Train,PF1,6,Epidermaptera,0.9892,0.9922,0.9907
88,Train,PF1,7,Heterocera,0.9955,0.9872,0.9914
88,Train,PF1,8,Muscomorpha,0.9948,0.9976,0.9962
88,Train,PF1,9,Parasitica,0.9921,0.9864,0.9893
88,Train,PF1,10,Pentatomomorpha,0.9954,0.9786,0.9869
88,Train,PF1,11,Plenitentoria,0.9977,0.9992,0.9985
88,Train,PF1,12,Rhopalocera,0.9951,0.9943,0.9947
88,Train,PF1,13,lacewing,0.9955,0.9987,0.9971
88,Train,PF1,14,saw_fly,0.9892,0.9862,0.9877
88,Train,Leaf Class (Softmax),0,Ichneumonoidea,0.9938,0.988,0.9909
88,Train,Leaf Class (Softmax),1,Muscoidea,0.9161,0.9043,0.9102
88,Train,Leaf Class (Softmax),2,ant,0.9964,0.9986,0.9975
88,Train,Leaf Class (Softmax),3,ant_beetle,0.9985,0.9985,0.9985
88,Train,Leaf Class (Softmax),4,bug,0.9927,0.9904,0.9915
88,Train,Leaf Class (Softmax),5,butterfly,0.9976,0.996,0.9968
88,Train,Leaf Class (Softmax),6,caddisfly,0.9996,0.9992,0.9994
88,Train,Leaf Class (Softmax),7,dance_fly,0.992,0.9913,0.9916
88,Train,Leaf Class (Softmax),8,earwig,0.993,0.993,0.993
88,Train,Leaf Class (Softmax),9,fever_fly,0.9975,0.9996,0.9986
88,Train,Leaf Class (Softmax),10,flesh_fly,0.9889,0.9895,0.9892
88,Train,Leaf Class (Softmax),11,fly,0.9022,0.9128,0.9075
88,Train,Leaf Class (Softmax),12,fruit_fly,0.9956,0.9959,0.9958
88,Train,Leaf Class (Softmax),13,hoverfly,0.9926,0.9941,0.9933
88,Train,Leaf Class (Softmax),14,ladybug,0.9967,0.9969,0.9968
88,Train,Leaf Class (Softmax),15,leaf_beetle,0.9985,0.9979,0.9982
88,Train,Leaf Class (Softmax),16,midge,0.9975,0.9964,0.997
88,Train,Leaf Class (Softmax),17,moth,0.9942,0.9942,0.9942
88,Train,Leaf Class (Softmax),18,robber_fly,0.9978,0.9967,0.9972
88,Train,Leaf Class (Softmax),19,spider,0.9955,0.9975,0.9965
88,Train,Leaf Class (Softmax),20,wasp,0.9792,0.9722,0.9757
88,Train,Leaf Class (Softmax),21,weevil,0.9983,0.9984,0.9984
88,Train,Leaf Class (Sigmoid),0,Ichneumonoidea,0.9864,0.9885,0.9874
88,Train,Leaf Class (Sigmoid),1,Muscoidea,0.866,0.9439,0.9033
88,Train,Leaf Class (Sigmoid),2,ant,0.9966,0.9978,0.9972
88,Train,Leaf Class (Sigmoid),3,ant_beetle,0.9978,0.9996,0.9987
88,Train,Leaf Class (Sigmoid),4,bug,0.9949,0.9825,0.9886
88,Train,Leaf Class (Sigmoid),5,butterfly,0.9984,0.9943,0.9964
88,Train,Leaf Class (Sigmoid),6,caddisfly,0.9996,0.9989,0.9992
88,Train,Leaf Class (Sigmoid),7,dance_fly,0.9939,0.9853,0.9896
88,Train,Leaf Class (Sigmoid),8,earwig,0.9922,0.9907,0.9915
88,Train,Leaf Class (Sigmoid),9,fever_fly,0.9979,0.9979,0.9979
88,Train,Leaf Class (Sigmoid),10,flesh_fly,0.9859,0.9901,0.988
88,Train,Leaf Class (Sigmoid),11,fly,0.9343,0.8556,0.8932
88,Train,Leaf Class (Sigmoid),12,fruit_fly,0.9946,0.9964,0.9955
88,Train,Leaf Class (Sigmoid),13,hoverfly,0.9921,0.9933,0.9927
88,Train,Leaf Class (Sigmoid),14,ladybug,0.9949,0.9969,0.9959
88,Train,Leaf Class (Sigmoid),15,leaf_beetle,0.9977,0.9983,0.998
88,Train,Leaf Class (Sigmoid),16,midge,0.999,0.9945,0.9968
88,Train,Leaf Class (Sigmoid),17,moth,0.9978,0.9863,0.992
88,Train,Leaf Class (Sigmoid),18,robber_fly,0.9971,0.9971,0.9971
88,Train,Leaf Class (Sigmoid),19,spider,0.9935,0.996,0.9948
88,Train,Leaf Class (Sigmoid),20,wasp,0.9794,0.96,0.9696
88,Train,Leaf Class (Sigmoid),21,weevil,0.9989,0.9975,0.9982
88,Test,PF4,0,Arachnida,0.667,0.8758,0.7573
88,Test,PF4,1,Insecta,0.9971,0.9899,0.9935
88,Test,PF3,0,Araneae,0.671,0.8758,0.7599
88,Test,PF3,1,Coleoptera,0.9234,0.7961,0.855
88,Test,PF3,2,Dermaptera,0.8692,0.0906,0.1642
88,Test,PF3,3,Diptera,0.9021,0.9642,0.9321
88,Test,PF3,4,Hemiptera,0.9679,0.698,0.8111
88,Test,PF3,5,Hymenoptera,0.8546,0.819,0.8364
88,Test,PF3,6,Lepidoptera,0.7878,0.6384,0.7053
88,Test,PF3,7,Mecoptera,0.1981,0.2737,0.2298
88,Test,PF3,8,Neuroptera,0.806,0.5013,0.6181
88,Test,PF3,9,Orthoptera,0.6726,0.982,0.7984
88,Test,PF3,10,Trichoptera,0.9977,0.9483,0.9724
88,Test,PF2,0,Apocrita,0.8523,0.8319,0.842
88,Test,PF2,1,Arneomorphae,0.7047,0.8758,0.781
88,Test,PF2,2,Brachycera,0.871,0.961,0.9138
88,Test,PF2,3,Forficulina,0.8557,0.0809,0.1478
88,Test,PF2,4,Glossata,0.7686,0.5384,0.6332
88,Test,PF2,5,Hemerobiiformia,0.8291,0.4867,0.6134
88,Test,PF2,6,Heteroptera,0.9658,0.6965,0.8093
88,Test,PF2,7,Integripalpia,0.9986,0.9121,0.9534
88,Test,PF2,8,Nematocera,0.9673,0.9605,0.9638
88,Test,PF2,9,Polyphaga,0.9408,0.7902,0.859
88,Test,PF2,10,Symphyta,0.9011,0.736,0.8102
88,Test,PF2,11,grasshopper,0.5683,0.9845,0.7207
88,Test,PF2,12,scorpion_fly,0.1504,0.0778,0.1026
88,Test,PF1,0,Aculeata,0.8478,0.8656,0.8566
88,Test,PF1,1,Araneomorphae,0.6766,0.8758,0.7635
88,Test,PF1,2,Asilomorpha,0.824,0.7774,0.8
88,Test,PF1,3,Bibionomorpha,0.9976,0.8776,0.9337
88,Test,PF1,4,Cucujiformia,0.9267,0.7899,0.8529
88,Test,PF1,5,Culicomorpha,0.9503,0.9932,0.9713
88,Test,PF1,6,Epidermaptera,0.8725,0.0867,0.1578
88,Test,PF1,7,Heterocera,0.7815,0.6705,0.7217
88,Test,PF1,8,Muscomorpha,0.8009,0.9538,0.8706
88,Test,PF1,9,Parasitica,0.6256,0.6143,0.6199
88,Test,PF1,10,Pentatomomorpha,0.9677,0.6918,0.8068
88,Test,PF1,11,Plenitentoria,0.996,0.9737,0.9847
88,Test,PF1,12,Rhopalocera,0.786,0.9153,0.8457
88,Test,PF1,13,lacewing,0.8027,0.5902,0.6803
88,Test,PF1,14,saw_fly,0.8975,0.7171,0.7972
88,Test,Leaf Class (Softmax),0,Ichneumonoidea,0.5801,0.6413,0.6092
88,Test,Leaf Class (Softmax),1,Muscoidea,0.3645,0.5875,0.4498
88,Test,Leaf Class (Softmax),2,ant,0.8656,0.8618,0.8637
88,Test,Leaf Class (Softmax),3,ant_beetle,0.901,0.9483,0.924
88,Test,Leaf Class (Softmax),4,bug,0.9648,0.6972,0.8095
88,Test,Leaf Class (Softmax),5,butterfly,0.7935,0.9084,0.847
88,Test,Leaf Class (Softmax),6,caddisfly,0.9982,0.972,0.9849
88,Test,Leaf Class (Softmax),7,dance_fly,0.8374,0.5973,0.6972
88,Test,Leaf Class (Softmax),8,earwig,0.8485,0.0546,0.1026
88,Test,Leaf Class (Softmax),9,fever_fly,0.9976,0.8868,0.9389
88,Test,Leaf Class (Softmax),10,flesh_fly,0.7671,0.7945,0.7805
88,Test,Leaf Class (Softmax),11,fly,0.3526,0.5138,0.4182
88,Test,Leaf Class (Softmax),12,fruit_fly,0.913,0.5958,0.721
88,Test,Leaf Class (Softmax),13,hoverfly,0.8298,0.859,0.8441
88,Test,Leaf Class (Softmax),14,ladybug,0.9298,0.9438,0.9367
88,Test,Leaf Class (Softmax),15,leaf_beetle,0.0565,0.0131,0.0212
88,Test,Leaf Class (Softmax),16,midge,0.9587,0.9928,0.9754
88,Test,Leaf Class (Softmax),17,moth,0.8742,0.7885,0.8291
88,Test,Leaf Class (Softmax),18,robber_fly,0.8171,0.8178,0.8174
88,Test,Leaf Class (Softmax),19,spider,0.7074,0.8758,0.7827
88,Test,Leaf Class (Softmax),20,wasp,0.8425,0.8239,0.8331
88,Test,Leaf Class (Softmax),21,weevil,0.9105,0.76,0.8285
88,Test,Leaf Class (Sigmoid),0,Ichneumonoidea,0.6368,0.6211,0.6288
88,Test,Leaf Class (Sigmoid),1,Muscoidea,0.3964,0.5188,0.4494
88,Test,Leaf Class (Sigmoid),2,ant,0.8588,0.8715,0.8651
88,Test,Leaf Class (Sigmoid),3,ant_beetle,0.9179,0.9505,0.9339
88,Test,Leaf Class (Sigmoid),4,bug,0.9502,0.7057,0.8099
88,Test,Leaf Class (Sigmoid),5,butterfly,0.8169,0.9232,0.8668
88,Test,Leaf Class (Sigmoid),6,caddisfly,0.9991,0.9703,0.9845
88,Test,Leaf Class (Sigmoid),7,dance_fly,0.8099,0.614,0.6985
88,Test,Leaf Class (Sigmoid),8,earwig,0.8415,0.0673,0.1245
88,Test,Leaf Class (Sigmoid),9,fever_fly,0.9976,0.8931,0.9425
88,Test,Leaf Class (Sigmoid),10,flesh_fly,0.7953,0.7887,0.792
88,Test,Leaf Class (Sigmoid),11,fly,0.3615,0.6052,0.4526
88,Test,Leaf Class (Sigmoid),12,fruit_fly,0.9326,0.5815,0.7164
88,Test,Leaf Class (Sigmoid),13,hoverfly,0.8419,0.8598,0.8507
88,Test,Leaf Class (Sigmoid),14,ladybug,0.9526,0.939,0.9457
88,Test,Leaf Class (Sigmoid),15,leaf_beetle,0.0511,0.0069,0.0122
88,Test,Leaf Class (Sigmoid),16,midge,0.9482,0.9932,0.9702
88,Test,Leaf Class (Sigmoid),17,moth,0.8259,0.8478,0.8367
88,Test,Leaf Class (Sigmoid),18,robber_fly,0.8242,0.825,0.8246
88,Test,Leaf Class (Sigmoid),19,spider,0.6915,0.8758,0.7728
88,Test,Leaf Class (Sigmoid),20,wasp,0.8059,0.8326,0.819
88,Test,Leaf Class (Sigmoid),21,weevil,0.8814,0.7652,0.8192
89,Train,PF4,0,Arachnida,0.9814,0.9985,0.9899
89,Train,PF4,1,Insecta,1.0,0.9998,0.9999
89,Train,PF3,0,Araneae,0.9955,0.9965,0.996
89,Train,PF3,1,Coleoptera,0.9966,0.9962,0.9964
89,Train,PF3,2,Dermaptera,0.9816,0.9946,0.9881
89,Train,PF3,3,Diptera,0.997,0.9957,0.9964
89,Train,PF3,4,Hemiptera,0.9926,0.9814,0.987
89,Train,PF3,5,Hymenoptera,0.9919,0.9924,0.9922
89,Train,PF3,6,Lepidoptera,0.9903,0.9826,0.9864
89,Train,PF3,7,Mecoptera,0.8945,0.3176,0.4688
89,Train,PF3,8,Neuroptera,0.9961,0.9988,0.9975
89,Train,PF3,9,Orthoptera,0.8858,0.9955,0.9374
89,Train,PF3,10,Trichoptera,0.9992,0.9989,0.9991
89,Train,PF2,0,Apocrita,0.9962,0.9912,0.9937
89,Train,PF2,1,Arneomorphae,0.997,0.989,0.993
89,Train,PF2,2,Brachycera,0.9964,0.9961,0.9963
89,Train,PF2,3,Forficulina,0.9839,0.993,0.9884
89,Train,PF2,4,Glossata,0.9904,0.9772,0.9838
89,Train,PF2,5,Hemerobiiformia,0.9971,0.9985,0.9978
89,Train,PF2,6,Heteroptera,0.9932,0.9848,0.989
89,Train,PF2,7,Integripalpia,0.9996,0.9977,0.9987
89,Train,PF2,8,Nematocera,0.9985,0.9927,0.9956
89,Train,PF2,9,Polyphaga,0.9977,0.9961,0.9969
89,Train,PF2,10,Symphyta,0.9785,0.9885,0.9835
89,Train,PF2,11,grasshopper,0.848,0.9976,0.9167
89,Train,PF2,12,scorpion_fly,0.7676,0.0753,0.1372
89,Train,PF1,0,Aculeata,0.9956,0.993,0.9943
89,Train,PF1,1,Araneomorphae,0.997,0.9965,0.9968
89,Train,PF1,2,Asilomorpha,0.9962,0.9959,0.9961
89,Train,PF1,3,Bibionomorpha,0.9982,0.9982,0.9982
89,Train,PF1,4,Cucujiformia,0.998,0.9966,0.9973
89,Train,PF1,5,Culicomorpha,0.9987,0.9943,0.9965
89,Train,PF1,6,Epidermaptera,0.9869,0.9938,0.9903
89,Train,PF1,7,Heterocera,0.997,0.9864,0.9917
89,Train,PF1,8,Muscomorpha,0.9947,0.998,0.9963
89,Train,PF1,9,Parasitica,0.9905,0.9868,0.9886
89,Train,PF1,10,Pentatomomorpha,0.996,0.9803,0.9881
89,Train,PF1,11,Plenitentoria,0.9992,0.9996,0.9994
89,Train,PF1,12,Rhopalocera,0.9967,0.9919,0.9943
89,Train,PF1,13,lacewing,0.9954,0.9991,0.9972
89,Train,PF1,14,saw_fly,0.991,0.988,0.9895
89,Train,Leaf Class (Softmax),0,Ichneumonoidea,0.9917,0.9893,0.9905
89,Train,Leaf Class (Softmax),1,Muscoidea,0.9195,0.9029,0.9111
89,Train,Leaf Class (Softmax),2,ant,0.9963,0.9973,0.9968
89,Train,Leaf Class (Softmax),3,ant_beetle,0.9974,0.9978,0.9976
89,Train,Leaf Class (Softmax),4,bug,0.9904,0.9915,0.991
89,Train,Leaf Class (Softmax),5,butterfly,0.9984,0.9919,0.9951
89,Train,Leaf Class (Softmax),6,caddisfly,1.0,0.9996,0.9998
89,Train,Leaf Class (Softmax),7,dance_fly,0.9926,0.9886,0.9906
89,Train,Leaf Class (Softmax),8,earwig,0.9953,0.9953,0.9953
89,Train,Leaf Class (Softmax),9,fever_fly,0.9975,0.9975,0.9975
89,Train,Leaf Class (Softmax),10,flesh_fly,0.9874,0.9885,0.988
89,Train,Leaf Class (Softmax),11,fly,0.9014,0.9168,0.909
89,Train,Leaf Class (Softmax),12,fruit_fly,0.9959,0.9962,0.9961
89,Train,Leaf Class (Softmax),13,hoverfly,0.9938,0.9946,0.9942
89,Train,Leaf Class (Softmax),14,ladybug,0.997,0.9971,0.997
89,Train,Leaf Class (Softmax),15,leaf_beetle,0.998,0.9988,0.9984
89,Train,Leaf Class (Softmax),16,midge,0.9981,0.9962,0.9971
89,Train,Leaf Class (Softmax),17,moth,0.9956,0.9953,0.9954
89,Train,Leaf Class (Softmax),18,robber_fly,0.9974,0.9971,0.9972
89,Train,Leaf Class (Softmax),19,spider,0.9965,0.9985,0.9975
89,Train,Leaf Class (Softmax),20,wasp,0.9734,0.9714,0.9724
89,Train,Leaf Class (Softmax),21,weevil,0.9982,0.998,0.9981
89,Train,Leaf Class (Sigmoid),0,Ichneumonoidea,0.9885,0.993,0.9907
89,Train,Leaf Class (Sigmoid),1,Muscoidea,0.8672,0.9431,0.9036
89,Train,Leaf Class (Sigmoid),2,ant,0.9965,0.9969,0.9967
89,Train,Leaf Class (Sigmoid),3,ant_beetle,0.9966,0.9974,0.997
89,Train,Leaf Class (Sigmoid),4,bug,0.9949,0.9831,0.9889
89,Train,Leaf Class (Sigmoid),5,butterfly,0.9984,0.9911,0.9947
89,Train,Leaf Class (Sigmoid),6,caddisfly,0.9996,0.9992,0.9994
89,Train,Leaf Class (Sigmoid),7,dance_fly,0.9939,0.9833,0.9886
89,Train,Leaf Class (Sigmoid),8,earwig,0.9946,0.9915,0.993
89,Train,Leaf Class (Sigmoid),9,fever_fly,0.9982,0.9979,0.998
89,Train,Leaf Class (Sigmoid),10,flesh_fly,0.9847,0.9902,0.9875
89,Train,Leaf Class (Sigmoid),11,fly,0.9348,0.8561,0.8937
89,Train,Leaf Class (Sigmoid),12,fruit_fly,0.995,0.9966,0.9958
89,Train,Leaf Class (Sigmoid),13,hoverfly,0.9929,0.9947,0.9938
89,Train,Leaf Class (Sigmoid),14,ladybug,0.9948,0.9974,0.9961
89,Train,Leaf Class (Sigmoid),15,leaf_beetle,0.9971,0.9985,0.9978
89,Train,Leaf Class (Sigmoid),16,midge,0.9992,0.9945,0.9969
89,Train,Leaf Class (Sigmoid),17,moth,0.9981,0.987,0.9925
89,Train,Leaf Class (Sigmoid),18,robber_fly,0.9968,0.997,0.9969
89,Train,Leaf Class (Sigmoid),19,spider,0.995,0.998,0.9965
89,Train,Leaf Class (Sigmoid),20,wasp,0.9777,0.9609,0.9692
89,Train,Leaf Class (Sigmoid),21,weevil,0.9985,0.9971,0.9978
89,Test,PF4,0,Arachnida,0.6627,0.8758,0.7545
89,Test,PF4,1,Insecta,0.9971,0.9897,0.9934
89,Test,PF3,0,Araneae,0.6716,0.8758,0.7603
89,Test,PF3,1,Coleoptera,0.9423,0.7767,0.8515
89,Test,PF3,2,Dermaptera,0.8854,0.0828,0.1515
89,Test,PF3,3,Diptera,0.8927,0.9651,0.9275
89,Test,PF3,4,Hemiptera,0.9631,0.7034,0.813
89,Test,PF3,5,Hymenoptera,0.8374,0.8256,0.8315
89,Test,PF3,6,Lepidoptera,0.7822,0.5906,0.673
89,Test,PF3,7,Mecoptera,0.2135,0.2996,0.2493
89,Test,PF3,8,Neuroptera,0.7353,0.4956,0.5921
89,Test,PF3,9,Orthoptera,0.6817,0.9808,0.8043
89,Test,PF3,10,Trichoptera,0.9973,0.9655,0.9812
89,Test,PF2,0,Apocrita,0.8267,0.8429,0.8347
89,Test,PF2,1,Arneomorphae,0.7071,0.8758,0.7825
89,Test,PF2,2,Brachycera,0.8664,0.9609,0.9112
89,Test,PF2,3,Forficulina,0.8193,0.0663,0.1226
89,Test,PF2,4,Glossata,0.7658,0.519,0.6187
89,Test,PF2,5,Hemerobiiformia,0.8222,0.4784,0.6049
89,Test,PF2,6,Heteroptera,0.957,0.7026,0.8103
89,Test,PF2,7,Integripalpia,0.9973,0.9474,0.9717
89,Test,PF2,8,Nematocera,0.9665,0.9647,0.9656
89,Test,PF2,9,Polyphaga,0.9514,0.7714,0.852
89,Test,PF2,10,Symphyta,0.9051,0.7211,0.8027
89,Test,PF2,11,grasshopper,0.5714,0.9838,0.7229
89,Test,PF2,12,scorpion_fly,0.1784,0.0791,0.1096
89,Test,PF1,0,Aculeata,0.8296,0.8762,0.8523
89,Test,PF1,1,Araneomorphae,0.6789,0.8758,0.7649
89,Test,PF1,2,Asilomorpha,0.8003,0.7727,0.7863
89,Test,PF1,3,Bibionomorpha,0.9976,0.8896,0.9405
89,Test,PF1,4,Cucujiformia,0.9436,0.774,0.8504
89,Test,PF1,5,Culicomorpha,0.9448,0.9932,0.9684
89,Test,PF1,6,Epidermaptera,0.8485,0.0819,0.1493
89,Test,PF1,7,Heterocera,0.7849,0.6605,0.7173
89,Test,PF1,8,Muscomorpha,0.7962,0.9496,0.8662
89,Test,PF1,9,Parasitica,0.6218,0.6009,0.6112
89,Test,PF1,10,Pentatomomorpha,0.9536,0.6972,0.8055
89,Test,PF1,11,Plenitentoria,0.9956,0.9724,0.9839
89,Test,PF1,12,Rhopalocera,0.8061,0.9172,0.8581
89,Test,PF1,13,lacewing,0.7687,0.5824,0.6627
89,Test,PF1,14,saw_fly,0.8917,0.7027,0.786
89,Test,Leaf Class (Softmax),0,Ichneumonoidea,0.5565,0.6188,0.586
89,Test,Leaf Class (Softmax),1,Muscoidea,0.3503,0.612,0.4455
89,Test,Leaf Class (Softmax),2,ant,0.8607,0.8838,0.8721
89,Test,Leaf Class (Softmax),3,ant_beetle,0.9008,0.9401,0.9201
89,Test,Leaf Class (Softmax),4,bug,0.959,0.7026,0.811
89,Test,Leaf Class (Softmax),5,butterfly,0.8116,0.9084,0.8573
89,Test,Leaf Class (Softmax),6,caddisfly,0.9982,0.9707,0.9843
89,Test,Leaf Class (Softmax),7,dance_fly,0.8232,0.6072,0.6989
89,Test,Leaf Class (Softmax),8,earwig,0.6981,0.0361,0.0686
89,Test,Leaf Class (Softmax),9,fever_fly,0.9984,0.8917,0.9421
89,Test,Leaf Class (Softmax),10,flesh_fly,0.7555,0.785,0.77
89,Test,Leaf Class (Softmax),11,fly,0.3529,0.4865,0.409
89,Test,Leaf Class (Softmax),12,fruit_fly,0.9,0.5988,0.7191
89,Test,Leaf Class (Softmax),13,hoverfly,0.8162,0.8448,0.8302
89,Test,Leaf Class (Softmax),14,ladybug,0.9489,0.9372,0.943
89,Test,Leaf Class (Softmax),15,leaf_beetle,0.0529,0.0069,0.0122
89,Test,Leaf Class (Softmax),16,midge,0.9578,0.9935,0.9753
89,Test,Leaf Class (Softmax),17,moth,0.8794,0.758,0.8142
89,Test,Leaf Class (Softmax),18,robber_fly,0.7945,0.7975,0.796
89,Test,Leaf Class (Softmax),19,spider,0.7099,0.8758,0.7842
89,Test,Leaf Class (Softmax),20,wasp,0.8419,0.8271,0.8344
89,Test,Leaf Class (Softmax),21,weevil,0.9182,0.7578,0.8303
89,Test,Leaf Class (Sigmoid),0,Ichneumonoidea,0.6299,0.6143,0.622
89,Test,Leaf Class (Sigmoid),1,Muscoidea,0.3756,0.553,0.4473
89,Test,Leaf Class (Sigmoid),2,ant,0.8472,0.8915,0.8688
89,Test,Leaf Class (Sigmoid),3,ant_beetle,0.9197,0.9394,0.9294
89,Test,Leaf Class (Sigmoid),4,bug,0.9369,0.7096,0.8075
89,Test,Leaf Class (Sigmoid),5,butterfly,0.8333,0.9212,0.8751
89,Test,Leaf Class (Sigmoid),6,caddisfly,0.9991,0.9659,0.9822
89,Test,Leaf Class (Sigmoid),7,dance_fly,0.8,0.6285,0.704
89,Test,Leaf Class (Sigmoid),8,earwig,0.8261,0.0556,0.1041
89,Test,Leaf Class (Sigmoid),9,fever_fly,0.9976,0.9002,0.9464
89,Test,Leaf Class (Sigmoid),10,flesh_fly,0.7814,0.7782,0.7798
89,Test,Leaf Class (Sigmoid),11,fly,0.3642,0.5612,0.4418
89,Test,Leaf Class (Sigmoid),12,fruit_fly,0.9196,0.5833,0.7138
89,Test,Leaf Class (Sigmoid),13,hoverfly,0.8199,0.8492,0.8343
89,Test,Leaf Class (Sigmoid),14,ladybug,0.9671,0.9328,0.9496
89,Test,Leaf Class (Sigmoid),15,leaf_beetle,0.0543,0.0038,0.0072
89,Test,Leaf Class (Sigmoid),16,midge,0.9464,0.9938,0.9695
89,Test,Leaf Class (Sigmoid),17,moth,0.8309,0.8208,0.8258
89,Test,Leaf Class (Sigmoid),18,robber_fly,0.8037,0.8025,0.8031
89,Test,Leaf Class (Sigmoid),19,spider,0.6915,0.8758,0.7728
89,Test,Leaf Class (Sigmoid),20,wasp,0.8035,0.8349,0.8189
89,Test,Leaf Class (Sigmoid),21,weevil,0.899,0.7635,0.8257
90,Train,PF4,0,Arachnida,0.9751,0.996,0.9854
90,Train,PF4,1,Insecta,1.0,0.9998,0.9999
90,Train,PF3,0,Araneae,0.9915,0.993,0.9923
90,Train,PF3,1,Coleoptera,0.9966,0.9963,0.9964
90,Train,PF3,2,Dermaptera,0.9838,0.9907,0.9873
90,Train,PF3,3,Diptera,0.997,0.9957,0.9963
90,Train,PF3,4,Hemiptera,0.9932,0.9831,0.9881
90,Train,PF3,5,Hymenoptera,0.9923,0.9917,0.992
90,Train,PF3,6,Lepidoptera,0.9899,0.9845,0.9872
90,Train,PF3,7,Mecoptera,0.9109,0.3164,0.4696
90,Train,PF3,8,Neuroptera,0.9938,0.9987,0.9963
90,Train,PF3,9,Orthoptera,0.8859,0.9961,0.9378
90,Train,PF3,10,Trichoptera,0.9996,0.9947,0.9972
90,Train,PF2,0,Apocrita,0.9959,0.9917,0.9938
90,Train,PF2,1,Arneomorphae,0.9945,0.986,0.9902
90,Train,PF2,2,Brachycera,0.9962,0.9962,0.9962
90,Train,PF2,3,Forficulina,0.9876,0.9891,0.9884
90,Train,PF2,4,Glossata,0.9913,0.9785,0.9849
90,Train,PF2,5,Hemerobiiformia,0.9953,0.9986,0.9969
90,Train,PF2,6,Heteroptera,0.996,0.9859,0.9909
90,Train,PF2,7,Integripalpia,0.9996,0.9947,0.9972
90,Train,PF2,8,Nematocera,0.9985,0.9937,0.9961
90,Train,PF2,9,Polyphaga,0.998,0.9954,0.9967
90,Train,PF2,10,Symphyta,0.9817,0.9872,0.9845
90,Train,PF2,11,grasshopper,0.8477,0.9979,0.9167
90,Train,PF2,12,scorpion_fly,0.7973,0.0721,0.1322
90,Train,PF1,0,Aculeata,0.995,0.9933,0.9941
90,Train,PF1,1,Araneomorphae,0.9945,0.9935,0.994
90,Train,PF1,2,Asilomorpha,0.9966,0.996,0.9963
90,Train,PF1,3,Bibionomorpha,0.9989,0.9979,0.9984
90,Train,PF1,4,Cucujiformia,0.9982,0.9965,0.9973
90,Train,PF1,5,Culicomorpha,0.9983,0.9943,0.9963
90,Train,PF1,6,Epidermaptera,0.9876,0.9891,0.9884
90,Train,PF1,7,Heterocera,0.9967,0.9864,0.9915
90,Train,PF1,8,Muscomorpha,0.9946,0.9978,0.9962
90,Train,PF1,9,Parasitica,0.9896,0.9852,0.9874
90,Train,PF1,10,Pentatomomorpha,0.9966,0.9814,0.9889
90,Train,PF1,11,Plenitentoria,0.9996,0.9985,0.9991
90,Train,PF1,12,Rhopalocera,0.9951,0.9935,0.9943
90,Train,PF1,13,lacewing,0.9936,0.9993,0.9964
90,Train,PF1,14,saw_fly,0.9892,0.9842,0.9867
90,Train,Leaf Class (Softmax),0,Ichneumonoidea,0.9884,0.9876,0.988
90,Train,Leaf Class (Softmax),1,Muscoidea,0.92,0.9044,0.9121
90,Train,Leaf Class (Softmax),2,ant,0.9956,0.9971,0.9963
90,Train,Leaf Class (Softmax),3,ant_beetle,0.9989,0.9981,0.9985
90,Train,Leaf Class (Softmax),4,bug,0.9921,0.9893,0.9907
90,Train,Leaf Class (Softmax),5,butterfly,0.9951,0.9935,0.9943
90,Train,Leaf Class (Softmax),6,caddisfly,0.9996,0.9985,0.9991
90,Train,Leaf Class (Softmax),7,dance_fly,0.9933,0.9906,0.992
90,Train,Leaf Class (Softmax),8,earwig,0.9946,0.9922,0.9934
90,Train,Leaf Class (Softmax),9,fever_fly,0.9993,0.9986,0.9989
90,Train,Leaf Class (Softmax),10,flesh_fly,0.9878,0.988,0.9879
90,Train,Leaf Class (Softmax),11,fly,0.9024,0.9179,0.91
90,Train,Leaf Class (Softmax),12,fruit_fly,0.9961,0.9966,0.9964
90,Train,Leaf Class (Softmax),13,hoverfly,0.993,0.9951,0.994
90,Train,Leaf Class (Softmax),14,ladybug,0.997,0.9973,0.9972
90,Train,Leaf Class (Softmax),15,leaf_beetle,0.9981,0.9979,0.998
90,Train,Leaf Class (Softmax),16,midge,0.9983,0.996,0.9971
90,Train,Leaf Class (Softmax),17,moth,0.9944,0.9956,0.995
90,Train,Leaf Class (Softmax),18,robber_fly,0.998,0.9969,0.9975
90,Train,Leaf Class (Softmax),19,spider,0.994,0.996,0.995
90,Train,Leaf Class (Softmax),20,wasp,0.9762,0.9647,0.9704
90,Train,Leaf Class (Softmax),21,weevil,0.9985,0.9974,0.998
90,Train,Leaf Class (Sigmoid),0,Ichneumonoidea,0.9848,0.9889,0.9868
90,Train,Leaf Class (Sigmoid),1,Muscoidea,0.8688,0.9439,0.9048
90,Train,Leaf Class (Sigmoid),2,ant,0.9962,0.9961,0.9961
90,Train,Leaf Class (Sigmoid),3,ant_beetle,0.9981,0.9985,0.9983
90,Train,Leaf Class (Sigmoid),4,bug,0.9949,0.9836,0.9892
90,Train,Leaf Class (Sigmoid),5,butterfly,0.9967,0.9895,0.9931
90,Train,Leaf Class (Sigmoid),6,caddisfly,0.9989,0.9981,0.9985
90,Train,Leaf Class (Sigmoid),7,dance_fly,0.9953,0.9866,0.9909
90,Train,Leaf Class (Sigmoid),8,earwig,0.9938,0.9907,0.9922
90,Train,Leaf Class (Sigmoid),9,fever_fly,0.9989,0.9986,0.9988
90,Train,Leaf Class (Sigmoid),10,flesh_fly,0.9839,0.9894,0.9866
90,Train,Leaf Class (Sigmoid),11,fly,0.9337,0.8571,0.8938
90,Train,Leaf Class (Sigmoid),12,fruit_fly,0.9948,0.9966,0.9957
90,Train,Leaf Class (Sigmoid),13,hoverfly,0.9931,0.9944,0.9937
90,Train,Leaf Class (Sigmoid),14,ladybug,0.9947,0.9976,0.9961
90,Train,Leaf Class (Sigmoid),15,leaf_beetle,0.9971,0.9981,0.9976
90,Train,Leaf Class (Sigmoid),16,midge,0.9989,0.9941,0.9965
90,Train,Leaf Class (Sigmoid),17,moth,0.9975,0.9882,0.9928
90,Train,Leaf Class (Sigmoid),18,robber_fly,0.9963,0.9971,0.9967
90,Train,Leaf Class (Sigmoid),19,spider,0.9945,0.996,0.9953
90,Train,Leaf Class (Sigmoid),20,wasp,0.9831,0.9554,0.9691
90,Train,Leaf Class (Sigmoid),21,weevil,0.9989,0.9966,0.9977
90,Test,PF4,0,Arachnida,0.6866,0.8758,0.7698
90,Test,PF4,1,Insecta,0.9971,0.9907,0.9939
90,Test,PF3,0,Araneae,0.6996,0.8758,0.7778
90,Test,PF3,1,Coleoptera,0.9263,0.7957,0.856
90,Test,PF3,2,Dermaptera,0.8811,0.1228,0.2156
90,Test,PF3,3,Diptera,0.9002,0.9626,0.9303
90,Test,PF3,4,Hemiptera,0.9651,0.7034,0.8137
90,Test,PF3,5,Hymenoptera,0.8544,0.8101,0.8317
90,Test,PF3,6,Lepidoptera,0.7727,0.6417,0.7011
90,Test,PF3,7,Mecoptera,0.1829,0.2879,0.2237
90,Test,PF3,8,Neuroptera,0.8393,0.4862,0.6157
90,Test,PF3,9,Orthoptera,0.6766,0.978,0.7998
90,Test,PF3,10,Trichoptera,0.9969,0.9565,0.9762
90,Test,PF2,0,Apocrita,0.8435,0.8243,0.8338
90,Test,PF2,1,Arneomorphae,0.7427,0.8758,0.8038
90,Test,PF2,2,Brachycera,0.8689,0.9587,0.9116
90,Test,PF2,3,Forficulina,0.8583,0.1004,0.1798
90,Test,PF2,4,Glossata,0.7509,0.535,0.6248
90,Test,PF2,5,Hemerobiiformia,0.891,0.4717,0.6168
90,Test,PF2,6,Heteroptera,0.958,0.7026,0.8107
90,Test,PF2,7,Integripalpia,0.9982,0.9328,0.9643
90,Test,PF2,8,Nematocera,0.9683,0.9656,0.967
90,Test,PF2,9,Polyphaga,0.9399,0.7911,0.8591
90,Test,PF2,10,Symphyta,0.9065,0.7222,0.804
90,Test,PF2,11,grasshopper,0.5633,0.9838,0.7164
90,Test,PF2,12,scorpion_fly,0.1533,0.0791,0.1044
90,Test,PF1,0,Aculeata,0.8491,0.863,0.856
90,Test,PF1,1,Araneomorphae,0.7127,0.8758,0.7859
90,Test,PF1,2,Asilomorpha,0.7898,0.7931,0.7914
90,Test,PF1,3,Bibionomorpha,0.9969,0.8967,0.9441
90,Test,PF1,4,Cucujiformia,0.9298,0.7924,0.8556
90,Test,PF1,5,Culicomorpha,0.9475,0.9932,0.9699
90,Test,PF1,6,Epidermaptera,0.8696,0.117,0.2062
90,Test,PF1,7,Heterocera,0.7723,0.6708,0.718
90,Test,PF1,8,Muscomorpha,0.804,0.945,0.8688
90,Test,PF1,9,Parasitica,0.6364,0.6121,0.624
90,Test,PF1,10,Pentatomomorpha,0.9597,0.698,0.8082
90,Test,PF1,11,Plenitentoria,0.9956,0.975,0.9852
90,Test,PF1,12,Rhopalocera,0.7468,0.9182,0.8237
90,Test,PF1,13,lacewing,0.8141,0.5829,0.6794
90,Test,PF1,14,saw_fly,0.9006,0.7056,0.7913
90,Test,Leaf Class (Softmax),0,Ichneumonoidea,0.5888,0.639,0.6129
90,Test,Leaf Class (Softmax),1,Muscoidea,0.3577,0.5952,0.4469
90,Test,Leaf Class (Softmax),2,ant,0.8739,0.8558,0.8647
90,Test,Leaf Class (Softmax),3,ant_beetle,0.8908,0.9409,0.9152
90,Test,Leaf Class (Softmax),4,bug,0.961,0.7026,0.8117
90,Test,Leaf Class (Softmax),5,butterfly,0.7711,0.9094,0.8345
90,Test,Leaf Class (Softmax),6,caddisfly,0.9982,0.9733,0.9856
90,Test,Leaf Class (Softmax),7,dance_fly,0.8265,0.614,0.7046
90,Test,Leaf Class (Softmax),8,earwig,0.8235,0.0546,0.1024
90,Test,Leaf Class (Softmax),9,fever_fly,0.9976,0.8967,0.9445
90,Test,Leaf Class (Softmax),10,flesh_fly,0.7547,0.7855,0.7698
90,Test,Leaf Class (Softmax),11,fly,0.359,0.4982,0.4173
90,Test,Leaf Class (Softmax),12,fruit_fly,0.893,0.609,0.7241
90,Test,Leaf Class (Softmax),13,hoverfly,0.8226,0.8372,0.8299
90,Test,Leaf Class (Softmax),14,ladybug,0.9401,0.941,0.9405
90,Test,Leaf Class (Softmax),15,leaf_beetle,0.0407,0.0085,0.014
90,Test,Leaf Class (Softmax),16,midge,0.9601,0.9928,0.9762
90,Test,Leaf Class (Softmax),17,moth,0.8699,0.772,0.818
90,Test,Leaf Class (Softmax),18,robber_fly,0.7748,0.8138,0.7938
90,Test,Leaf Class (Softmax),19,spider,0.7461,0.8758,0.8058
90,Test,Leaf Class (Softmax),20,wasp,0.8418,0.8266,0.8341
90,Test,Leaf Class (Softmax),21,weevil,0.9067,0.7605,0.8272
90,Test,Leaf Class (Sigmoid),0,Ichneumonoidea,0.6526,0.6233,0.6376
90,Test,Leaf Class (Sigmoid),1,Muscoidea,0.3901,0.53,0.4494
90,Test,Leaf Class (Sigmoid),2,ant,0.863,0.869,0.866
90,Test,Leaf Class (Sigmoid),3,ant_beetle,0.9071,0.9453,0.9258
90,Test,Leaf Class (Sigmoid),4,bug,0.9486,0.7111,0.8129
90,Test,Leaf Class (Sigmoid),5,butterfly,0.782,0.9222,0.8463
90,Test,Leaf Class (Sigmoid),6,caddisfly,0.9991,0.9716,0.9851
90,Test,Leaf Class (Sigmoid),7,dance_fly,0.8015,0.6438,0.714
90,Test,Leaf Class (Sigmoid),8,earwig,0.8571,0.0819,0.1495
90,Test,Leaf Class (Sigmoid),9,fever_fly,0.9977,0.9045,0.9488
90,Test,Leaf Class (Sigmoid),10,flesh_fly,0.7862,0.784,0.7851
90,Test,Leaf Class (Sigmoid),11,fly,0.3671,0.5822,0.4503
90,Test,Leaf Class (Sigmoid),12,fruit_fly,0.9144,0.5958,0.7215
90,Test,Leaf Class (Sigmoid),13,hoverfly,0.832,0.8382,0.8351
90,Test,Leaf Class (Sigmoid),14,ladybug,0.9583,0.9362,0.9471
90,Test,Leaf Class (Sigmoid),15,leaf_beetle,0.069,0.0077,0.0138
90,Test,Leaf Class (Sigmoid),16,midge,0.9482,0.9935,0.9703
90,Test,Leaf Class (Sigmoid),17,moth,0.8204,0.827,0.8237
90,Test,Leaf Class (Sigmoid),18,robber_fly,0.7894,0.8235,0.8061
90,Test,Leaf Class (Sigmoid),19,spider,0.7266,0.8758,0.7943
90,Test,Leaf Class (Sigmoid),20,wasp,0.7992,0.8313,0.8149
90,Test,Leaf Class (Sigmoid),21,weevil,0.8805,0.7665,0.8196
91,Train,PF4,0,Arachnida,0.9809,0.997,0.9889
91,Train,PF4,1,Insecta,1.0,0.9998,0.9999
91,Train,PF3,0,Araneae,0.995,0.995,0.995
91,Train,PF3,1,Coleoptera,0.997,0.9968,0.9969
91,Train,PF3,2,Dermaptera,0.9831,0.9922,0.9877
91,Train,PF3,3,Diptera,0.9968,0.9958,0.9963
91,Train,PF3,4,Hemiptera,0.9915,0.9814,0.9864
91,Train,PF3,5,Hymenoptera,0.9916,0.9919,0.9918
91,Train,PF3,6,Lepidoptera,0.9898,0.984,0.9869
91,Train,PF3,7,Mecoptera,0.9056,0.3241,0.4774
91,Train,PF3,8,Neuroptera,0.9949,0.9985,0.9967
91,Train,PF3,9,Orthoptera,0.8889,0.9952,0.9391
91,Train,PF3,10,Trichoptera,0.9996,0.9966,0.9981
91,Train,PF2,0,Apocrita,0.9956,0.9916,0.9936
91,Train,PF2,1,Arneomorphae,0.9965,0.9885,0.9925
91,Train,PF2,2,Brachycera,0.9963,0.9963,0.9963
91,Train,PF2,3,Forficulina,0.9846,0.993,0.9888
91,Train,PF2,4,Glossata,0.991,0.9786,0.9847
91,Train,PF2,5,Hemerobiiformia,0.9958,0.9979,0.9969
91,Train,PF2,6,Heteroptera,0.9937,0.9848,0.9892
91,Train,PF2,7,Integripalpia,0.9996,0.9947,0.9972
91,Train,PF2,8,Nematocera,0.9986,0.9932,0.9959
91,Train,PF2,9,Polyphaga,0.9979,0.996,0.9969
91,Train,PF2,10,Symphyta,0.9805,0.9893,0.9849
91,Train,PF2,11,grasshopper,0.8487,0.9974,0.917
91,Train,PF2,12,scorpion_fly,0.7991,0.0713,0.1308
91,Train,PF1,0,Aculeata,0.995,0.9934,0.9942
91,Train,PF1,1,Araneomorphae,0.9945,0.9945,0.9945
91,Train,PF1,2,Asilomorpha,0.9972,0.9964,0.9968
91,Train,PF1,3,Bibionomorpha,0.9971,0.9975,0.9973
91,Train,PF1,4,Cucujiformia,0.9982,0.997,0.9976
91,Train,PF1,5,Culicomorpha,0.9987,0.9941,0.9964
91,Train,PF1,6,Epidermaptera,0.9915,0.9899,0.9907
91,Train,PF1,7,Heterocera,0.9962,0.9876,0.9919
91,Train,PF1,8,Muscomorpha,0.9951,0.9978,0.9964
91,Train,PF1,9,Parasitica,0.9917,0.9872,0.9895
91,Train,PF1,10,Pentatomomorpha,0.9954,0.9803,0.9878
91,Train,PF1,11,Plenitentoria,0.9989,0.9989,0.9989
91,Train,PF1,12,Rhopalocera,0.9967,0.9911,0.9939
91,Train,PF1,13,lacewing,0.9948,0.999,0.9969
91,Train,PF1,14,saw_fly,0.9885,0.9882,0.9884
91,Train,Leaf Class (Softmax),0,Ichneumonoidea,0.9925,0.9885,0.9905
91,Train,Leaf Class (Softmax),1,Muscoidea,0.9199,0.9057,0.9128
91,Train,Leaf Class (Softmax),2,ant,0.9958,0.9978,0.9968
91,Train,Leaf Class (Softmax),3,ant_beetle,0.9989,0.9981,0.9985
91,Train,Leaf Class (Softmax),4,bug,0.9915,0.9921,0.9918
91,Train,Leaf Class (Softmax),5,butterfly,0.9984,0.9935,0.9959
91,Train,Leaf Class (Softmax),6,caddisfly,1.0,0.9992,0.9996
91,Train,Leaf Class (Softmax),7,dance_fly,0.992,0.992,0.992
91,Train,Leaf Class (Softmax),8,earwig,0.9938,0.993,0.9934
91,Train,Leaf Class (Softmax),9,fever_fly,0.9986,0.9968,0.9977
91,Train,Leaf Class (Softmax),10,flesh_fly,0.986,0.9879,0.987
91,Train,Leaf Class (Softmax),11,fly,0.9042,0.9172,0.9106
91,Train,Leaf Class (Softmax),12,fruit_fly,0.9959,0.9962,0.9961
91,Train,Leaf Class (Softmax),13,hoverfly,0.993,0.9941,0.9935
91,Train,Leaf Class (Softmax),14,ladybug,0.9976,0.997,0.9973
91,Train,Leaf Class (Softmax),15,leaf_beetle,0.9976,0.9991,0.9984
91,Train,Leaf Class (Softmax),16,midge,0.9979,0.9958,0.9969
91,Train,Leaf Class (Softmax),17,moth,0.9944,0.9943,0.9944
91,Train,Leaf Class (Softmax),18,robber_fly,0.9984,0.9971,0.9977
91,Train,Leaf Class (Softmax),19,spider,0.9935,0.9955,0.9945
91,Train,Leaf Class (Softmax),20,wasp,0.9722,0.9718,0.972
91,Train,Leaf Class (Softmax),21,weevil,0.9993,0.9983,0.9988
91,Train,Leaf Class (Sigmoid),0,Ichneumonoidea,0.9889,0.9909,0.9899
91,Train,Leaf Class (Sigmoid),1,Muscoidea,0.8698,0.9438,0.9053
91,Train,Leaf Class (Sigmoid),2,ant,0.9959,0.9968,0.9963
91,Train,Leaf Class (Sigmoid),3,ant_beetle,0.9996,0.9985,0.9991
91,Train,Leaf Class (Sigmoid),4,bug,0.9954,0.9808,0.9881
91,Train,Leaf Class (Sigmoid),5,butterfly,0.9992,0.9919,0.9955
91,Train,Leaf Class (Sigmoid),6,caddisfly,0.9989,0.9985,0.9987
91,Train,Leaf Class (Sigmoid),7,dance_fly,0.9946,0.9853,0.9899
91,Train,Leaf Class (Sigmoid),8,earwig,0.9961,0.9899,0.993
91,Train,Leaf Class (Sigmoid),9,fever_fly,0.9982,0.9961,0.9971
91,Train,Leaf Class (Sigmoid),10,flesh_fly,0.9831,0.9895,0.9863
91,Train,Leaf Class (Sigmoid),11,fly,0.9356,0.8596,0.896
91,Train,Leaf Class (Sigmoid),12,fruit_fly,0.9948,0.9963,0.9956
91,Train,Leaf Class (Sigmoid),13,hoverfly,0.9928,0.9942,0.9935
91,Train,Leaf Class (Sigmoid),14,ladybug,0.9959,0.9977,0.9968
91,Train,Leaf Class (Sigmoid),15,leaf_beetle,0.9968,0.9991,0.9979
91,Train,Leaf Class (Sigmoid),16,midge,0.9996,0.9939,0.9968
91,Train,Leaf Class (Sigmoid),17,moth,0.9976,0.9889,0.9932
91,Train,Leaf Class (Sigmoid),18,robber_fly,0.9975,0.997,0.9972
91,Train,Leaf Class (Sigmoid),19,spider,0.993,0.994,0.9935
91,Train,Leaf Class (Sigmoid),20,wasp,0.9769,0.9626,0.9697
91,Train,Leaf Class (Sigmoid),21,weevil,0.9993,0.9973,0.9983
91,Test,PF4,0,Arachnida,0.6889,0.8758,0.7712
91,Test,PF4,1,Insecta,0.9971,0.9908,0.994
91,Test,PF3,0,Araneae,0.6989,0.8758,0.7774
91,Test,PF3,1,Coleoptera,0.9289,0.7919,0.8549
91,Test,PF3,2,Dermaptera,0.898,0.1287,0.2251
91,Test,PF3,3,Diptera,0.8957,0.9635,0.9284
91,Test,PF3,4,Hemiptera,0.9671,0.7011,0.8129
91,Test,PF3,5,Hymenoptera,0.8425,0.8132,0.8276
91,Test,PF3,6,Lepidoptera,0.7616,0.5952,0.6682
91,Test,PF3,7,Mecoptera,0.1738,0.3696,0.2364
91,Test,PF3,8,Neuroptera,0.8063,0.5065,0.6222
91,Test,PF3,9,Orthoptera,0.7449,0.9782,0.8458
91,Test,PF3,10,Trichoptera,0.9977,0.9552,0.976
91,Test,PF2,0,Apocrita,0.8312,0.8283,0.8297
91,Test,PF2,1,Arneomorphae,0.7372,0.8752,0.8003
91,Test,PF2,2,Brachycera,0.8706,0.9601,0.9132
91,Test,PF2,3,Forficulina,0.8636,0.1111,0.1969
91,Test,PF2,4,Glossata,0.7419,0.5153,0.6081
91,Test,PF2,5,Hemerobiiformia,0.8191,0.4805,0.6057
91,Test,PF2,6,Heteroptera,0.9588,0.6988,0.8084
91,Test,PF2,7,Integripalpia,0.9977,0.9263,0.9607
91,Test,PF2,8,Nematocera,0.9657,0.9616,0.9636
91,Test,PF2,9,Polyphaga,0.943,0.7873,0.8582
91,Test,PF2,10,Symphyta,0.9077,0.7268,0.8073
91,Test,PF2,11,grasshopper,0.5744,0.9838,0.7253
91,Test,PF2,12,scorpion_fly,0.1606,0.0973,0.1212
91,Test,PF1,0,Aculeata,0.8265,0.8612,0.8435
91,Test,PF1,1,Araneomorphae,0.7094,0.8752,0.7836
91,Test,PF1,2,Asilomorpha,0.7971,0.785,0.791
91,Test,PF1,3,Bibionomorpha,0.996,0.8882,0.939
91,Test,PF1,4,Cucujiformia,0.932,0.7882,0.854
91,Test,PF1,5,Culicomorpha,0.9437,0.9932,0.9678
91,Test,PF1,6,Epidermaptera,0.8784,0.1267,0.2215
91,Test,PF1,7,Heterocera,0.7697,0.6627,0.7123
91,Test,PF1,8,Muscomorpha,0.8083,0.9478,0.8725
91,Test,PF1,9,Parasitica,0.6459,0.6054,0.625
91,Test,PF1,10,Pentatomomorpha,0.9596,0.6949,0.8061
91,Test,PF1,11,Plenitentoria,0.9969,0.9737,0.9852
91,Test,PF1,12,Rhopalocera,0.7558,0.9241,0.8316
91,Test,PF1,13,lacewing,0.785,0.598,0.6789
91,Test,PF1,14,saw_fly,0.896,0.7108,0.7927
91,Test,Leaf Class (Softmax),0,Ichneumonoidea,0.5916,0.63,0.6102
91,Test,Leaf Class (Softmax),1,Muscoidea,0.3568,0.6022,0.4481
91,Test,Leaf Class (Softmax),2,ant,0.8621,0.8518,0.8569
91,Test,Leaf Class (Softmax),3,ant_beetle,0.9004,0.9424,0.9209
91,Test,Leaf Class (Softmax),4,bug,0.9638,0.6972,0.8091
91,Test,Leaf Class (Softmax),5,butterfly,0.7765,0.9172,0.841
91,Test,Leaf Class (Softmax),6,caddisfly,0.9982,0.9724,0.9852
91,Test,Leaf Class (Softmax),7,dance_fly,0.8258,0.6003,0.6952
91,Test,Leaf Class (Softmax),8,earwig,0.8511,0.078,0.1429
91,Test,Leaf Class (Softmax),9,fever_fly,0.9976,0.8903,0.9409
91,Test,Leaf Class (Softmax),10,flesh_fly,0.7732,0.7775,0.7754
91,Test,Leaf Class (Softmax),11,fly,0.3361,0.5028,0.4029
91,Test,Leaf Class (Softmax),12,fruit_fly,0.9129,0.6002,0.7243
91,Test,Leaf Class (Softmax),13,hoverfly,0.8332,0.839,0.8361
91,Test,Leaf Class (Softmax),14,ladybug,0.9379,0.9435,0.9407
91,Test,Leaf Class (Softmax),15,leaf_beetle,0.0392,0.0092,0.0149
91,Test,Leaf Class (Softmax),16,midge,0.9573,0.993,0.9748
91,Test,Leaf Class (Softmax),17,moth,0.8609,0.7228,0.7858
91,Test,Leaf Class (Softmax),18,robber_fly,0.7875,0.8125,0.7998
91,Test,Leaf Class (Softmax),19,spider,0.7472,0.8752,0.8061
91,Test,Leaf Class (Softmax),20,wasp,0.8448,0.8179,0.8311
91,Test,Leaf Class (Softmax),21,weevil,0.9102,0.7602,0.8285
91,Test,Leaf Class (Sigmoid),0,Ichneumonoidea,0.6501,0.6166,0.6329
91,Test,Leaf Class (Sigmoid),1,Muscoidea,0.3827,0.5435,0.4491
91,Test,Leaf Class (Sigmoid),2,ant,0.8494,0.8645,0.8569
91,Test,Leaf Class (Sigmoid),3,ant_beetle,0.9168,0.9453,0.9309
91,Test,Leaf Class (Sigmoid),4,bug,0.9454,0.7072,0.8092
91,Test,Leaf Class (Sigmoid),5,butterfly,0.7873,0.93,0.8528
91,Test,Leaf Class (Sigmoid),6,caddisfly,0.9991,0.969,0.9838
91,Test,Leaf Class (Sigmoid),7,dance_fly,0.7975,0.6217,0.6987
91,Test,Leaf Class (Sigmoid),8,earwig,0.8846,0.0897,0.1628
91,Test,Leaf Class (Sigmoid),9,fever_fly,0.9969,0.8967,0.9441
91,Test,Leaf Class (Sigmoid),10,flesh_fly,0.8043,0.7718,0.7877
91,Test,Leaf Class (Sigmoid),11,fly,0.3468,0.5728,0.432
91,Test,Leaf Class (Sigmoid),12,fruit_fly,0.9377,0.5835,0.7194
91,Test,Leaf Class (Sigmoid),13,hoverfly,0.8365,0.843,0.8397
91,Test,Leaf Class (Sigmoid),14,ladybug,0.9566,0.937,0.9467
91,Test,Leaf Class (Sigmoid),15,leaf_beetle,0.0281,0.0038,0.0068
91,Test,Leaf Class (Sigmoid),16,midge,0.9437,0.9935,0.968
91,Test,Leaf Class (Sigmoid),17,moth,0.8116,0.7722,0.7914
91,Test,Leaf Class (Sigmoid),18,robber_fly,0.7964,0.8225,0.8092
91,Test,Leaf Class (Sigmoid),19,spider,0.7213,0.8746,0.7906
91,Test,Leaf Class (Sigmoid),20,wasp,0.8007,0.828,0.8141
91,Test,Leaf Class (Sigmoid),21,weevil,0.8862,0.7672,0.8225
92,Train,PF4,0,Arachnida,0.9756,0.9975,0.9864
92,Train,PF4,1,Insecta,1.0,0.9998,0.9999
92,Train,PF3,0,Araneae,0.9945,0.9955,0.995
92,Train,PF3,1,Coleoptera,0.9972,0.9969,0.997
92,Train,PF3,2,Dermaptera,0.9884,0.9891,0.9888
92,Train,PF3,3,Diptera,0.997,0.9958,0.9964
92,Train,PF3,4,Hemiptera,0.9903,0.9786,0.9844
92,Train,PF3,5,Hymenoptera,0.9921,0.9926,0.9923
92,Train,PF3,6,Lepidoptera,0.9897,0.9846,0.9872
92,Train,PF3,7,Mecoptera,0.8845,0.3119,0.4612
92,Train,PF3,8,Neuroptera,0.9946,0.9987,0.9966
92,Train,PF3,9,Orthoptera,0.8871,0.9948,0.9379
92,Train,PF3,10,Trichoptera,0.9985,0.9981,0.9983
92,Train,PF2,0,Apocrita,0.9964,0.9914,0.9939
92,Train,PF2,1,Arneomorphae,0.9965,0.986,0.9912
92,Train,PF2,2,Brachycera,0.9963,0.9961,0.9962
92,Train,PF2,3,Forficulina,0.9853,0.9884,0.9868
92,Train,PF2,4,Glossata,0.9902,0.9788,0.9845
92,Train,PF2,5,Hemerobiiformia,0.9953,0.9983,0.9968
92,Train,PF2,6,Heteroptera,0.9914,0.9791,0.9852
92,Train,PF2,7,Integripalpia,0.9989,0.9974,0.9981
92,Train,PF2,8,Nematocera,0.9985,0.9933,0.9959
92,Train,PF2,9,Polyphaga,0.9981,0.9963,0.9972
92,Train,PF2,10,Symphyta,0.9795,0.989,0.9842
92,Train,PF2,11,grasshopper,0.8496,0.9975,0.9176
92,Train,PF2,12,scorpion_fly,0.8024,0.081,0.1472
92,Train,PF1,0,Aculeata,0.9958,0.9933,0.9945
92,Train,PF1,1,Araneomorphae,0.9945,0.995,0.9948
92,Train,PF1,2,Asilomorpha,0.9971,0.9965,0.9968
92,Train,PF1,3,Bibionomorpha,0.9989,0.9979,0.9984
92,Train,PF1,4,Cucujiformia,0.9985,0.9968,0.9976
92,Train,PF1,5,Culicomorpha,0.9994,0.9949,0.9971
92,Train,PF1,6,Epidermaptera,0.9899,0.9884,0.9891
92,Train,PF1,7,Heterocera,0.997,0.9881,0.9925
92,Train,PF1,8,Muscomorpha,0.9948,0.998,0.9964
92,Train,PF1,9,Parasitica,0.9909,0.9835,0.9872
92,Train,PF1,10,Pentatomomorpha,0.9948,0.9774,0.9861
92,Train,PF1,11,Plenitentoria,0.9981,0.9985,0.9983
92,Train,PF1,12,Rhopalocera,0.9919,0.9935,0.9927
92,Train,PF1,13,lacewing,0.9947,0.9989,0.9968
92,Train,PF1,14,saw_fly,0.988,0.9898,0.9889
92,Train,Leaf Class (Softmax),0,Ichneumonoidea,0.9913,0.9864,0.9888
92,Train,Leaf Class (Softmax),1,Muscoidea,0.9191,0.9057,0.9123
92,Train,Leaf Class (Softmax),2,ant,0.9967,0.9978,0.9973
92,Train,Leaf Class (Softmax),3,ant_beetle,0.9993,0.9981,0.9987
92,Train,Leaf Class (Softmax),4,bug,0.9915,0.9876,0.9895
92,Train,Leaf Class (Softmax),5,butterfly,0.9951,0.9927,0.9939
92,Train,Leaf Class (Softmax),6,caddisfly,0.9992,0.9989,0.9991
92,Train,Leaf Class (Softmax),7,dance_fly,0.9966,0.9913,0.994
92,Train,Leaf Class (Softmax),8,earwig,0.9922,0.9899,0.9911
92,Train,Leaf Class (Softmax),9,fever_fly,0.9975,0.9989,0.9982
92,Train,Leaf Class (Softmax),10,flesh_fly,0.989,0.9884,0.9887
92,Train,Leaf Class (Softmax),11,fly,0.904,0.9196,0.9117
92,Train,Leaf Class (Softmax),12,fruit_fly,0.9963,0.996,0.9962
92,Train,Leaf Class (Softmax),13,hoverfly,0.9933,0.9946,0.9939
92,Train,Leaf Class (Softmax),14,ladybug,0.9969,0.9966,0.9967
92,Train,Leaf Class (Softmax),15,leaf_beetle,0.9993,0.9986,0.9989
92,Train,Leaf Class (Softmax),16,midge,0.9977,0.9964,0.997
92,Train,Leaf Class (Softmax),17,moth,0.9945,0.9957,0.9951
92,Train,Leaf Class (Softmax),18,robber_fly,0.9979,0.9968,0.9973
92,Train,Leaf Class (Softmax),19,spider,0.9955,0.9965,0.996
92,Train,Leaf Class (Softmax),20,wasp,0.9742,0.9689,0.9715
92,Train,Leaf Class (Softmax),21,weevil,0.9986,0.9982,0.9984
92,Train,Leaf Class (Sigmoid),0,Ichneumonoidea,0.9881,0.9885,0.9883
92,Train,Leaf Class (Sigmoid),1,Muscoidea,0.8667,0.9436,0.9036
92,Train,Leaf Class (Sigmoid),2,ant,0.9967,0.9964,0.9966
92,Train,Leaf Class (Sigmoid),3,ant_beetle,0.9978,0.9993,0.9985
92,Train,Leaf Class (Sigmoid),4,bug,0.9954,0.978,0.9866
92,Train,Leaf Class (Sigmoid),5,butterfly,0.9967,0.9911,0.9939
92,Train,Leaf Class (Sigmoid),6,caddisfly,0.9985,0.9989,0.9987
92,Train,Leaf Class (Sigmoid),7,dance_fly,0.9973,0.9859,0.9916
92,Train,Leaf Class (Sigmoid),8,earwig,0.993,0.986,0.9895
92,Train,Leaf Class (Sigmoid),9,fever_fly,0.9971,0.9961,0.9966
92,Train,Leaf Class (Sigmoid),10,flesh_fly,0.9855,0.9898,0.9876
92,Train,Leaf Class (Sigmoid),11,fly,0.934,0.8602,0.8956
92,Train,Leaf Class (Sigmoid),12,fruit_fly,0.9955,0.9959,0.9957
92,Train,Leaf Class (Sigmoid),13,hoverfly,0.9934,0.9946,0.994
92,Train,Leaf Class (Sigmoid),14,ladybug,0.9949,0.9969,0.9959
92,Train,Leaf Class (Sigmoid),15,leaf_beetle,0.9978,0.9986,0.9982
92,Train,Leaf Class (Sigmoid),16,midge,0.9994,0.9941,0.9968
92,Train,Leaf Class (Sigmoid),17,moth,0.9982,0.9874,0.9927
92,Train,Leaf Class (Sigmoid),18,robber_fly,0.997,0.9969,0.9969
92,Train,Leaf Class (Sigmoid),19,spider,0.995,0.9955,0.9953
92,Train,Leaf Class (Sigmoid),20,wasp,0.9761,0.9609,0.9684
92,Train,Leaf Class (Sigmoid),21,weevil,0.9991,0.9974,0.9983
92,Test,PF4,0,Arachnida,0.703,0.8758,0.7799
92,Test,PF4,1,Insecta,0.9971,0.9914,0.9943
92,Test,PF3,0,Araneae,0.7194,0.8758,0.7899
92,Test,PF3,1,Coleoptera,0.9295,0.7881,0.8529
92,Test,PF3,2,Dermaptera,0.9123,0.152,0.2607
92,Test,PF3,3,Diptera,0.892,0.9657,0.9273
92,Test,PF3,4,Hemiptera,0.9691,0.7018,0.8141
92,Test,PF3,5,Hymenoptera,0.8472,0.8072,0.8267
92,Test,PF3,6,Lepidoptera,0.7827,0.605,0.6825
92,Test,PF3,7,Mecoptera,0.1668,0.297,0.2136
92,Test,PF3,8,Neuroptera,0.7945,0.4925,0.608
92,Test,PF3,9,Orthoptera,0.7089,0.9802,0.8228
92,Test,PF3,10,Trichoptera,0.9982,0.9573,0.9773
92,Test,PF2,0,Apocrita,0.8444,0.8227,0.8334
92,Test,PF2,1,Arneomorphae,0.7561,0.8752,0.8113
92,Test,PF2,2,Brachycera,0.8612,0.9616,0.9086
92,Test,PF2,3,Forficulina,0.8834,0.1404,0.2422
92,Test,PF2,4,Glossata,0.7634,0.5109,0.6121
92,Test,PF2,5,Hemerobiiformia,0.8512,0.4758,0.6104
92,Test,PF2,6,Heteroptera,0.9652,0.7042,0.8143
92,Test,PF2,7,Integripalpia,0.9981,0.9284,0.962
92,Test,PF2,8,Nematocera,0.9651,0.9601,0.9626
92,Test,PF2,9,Polyphaga,0.9425,0.7837,0.8558
92,Test,PF2,10,Symphyta,0.8938,0.7136,0.7936
92,Test,PF2,11,grasshopper,0.5688,0.9842,0.721
92,Test,PF2,12,scorpion_fly,0.1635,0.0791,0.1066
92,Test,PF1,0,Aculeata,0.8368,0.8586,0.8476
92,Test,PF1,1,Araneomorphae,0.7329,0.8758,0.798
92,Test,PF1,2,Asilomorpha,0.8073,0.7776,0.7922
92,Test,PF1,3,Bibionomorpha,0.9976,0.8769,0.9333
92,Test,PF1,4,Cucujiformia,0.9294,0.7846,0.8509
92,Test,PF1,5,Culicomorpha,0.9462,0.9932,0.9691
92,Test,PF1,6,Epidermaptera,0.9167,0.1715,0.289
92,Test,PF1,7,Heterocera,0.7753,0.6565,0.711
92,Test,PF1,8,Muscomorpha,0.7943,0.9504,0.8654
92,Test,PF1,9,Parasitica,0.6262,0.6009,0.6133
92,Test,PF1,10,Pentatomomorpha,0.9618,0.698,0.8089
92,Test,PF1,11,Plenitentoria,0.996,0.9724,0.9841
92,Test,PF1,12,Rhopalocera,0.8157,0.9025,0.8569
92,Test,PF1,13,lacewing,0.7751,0.5751,0.6603
92,Test,PF1,14,saw_fly,0.8841,0.6993,0.7809
92,Test,Leaf Class (Softmax),0,Ichneumonoidea,0.6065,0.6323,0.6191
92,Test,Leaf Class (Softmax),1,Muscoidea,0.3403,0.6005,0.4344
92,Test,Leaf Class (Softmax),2,ant,0.873,0.8522,0.8625
92,Test,Leaf Class (Softmax),3,ant_beetle,0.9075,0.9357,0.9214
92,Test,Leaf Class (Softmax),4,bug,0.964,0.7018,0.8123
92,Test,Leaf Class (Softmax),5,butterfly,0.8289,0.8926,0.8596
92,Test,Leaf Class (Softmax),6,caddisfly,0.9982,0.9694,0.9836
92,Test,Leaf Class (Softmax),7,dance_fly,0.8299,0.6102,0.7033
92,Test,Leaf Class (Softmax),8,earwig,0.8772,0.0975,0.1754
92,Test,Leaf Class (Softmax),9,fever_fly,0.9976,0.8839,0.9373
92,Test,Leaf Class (Softmax),10,flesh_fly,0.7498,0.797,0.7727
92,Test,Leaf Class (Softmax),11,fly,0.3498,0.4918,0.4088
92,Test,Leaf Class (Softmax),12,fruit_fly,0.8895,0.606,0.7209
92,Test,Leaf Class (Softmax),13,hoverfly,0.824,0.8425,0.8331
92,Test,Leaf Class (Softmax),14,ladybug,0.9315,0.9412,0.9363
92,Test,Leaf Class (Softmax),15,leaf_beetle,0.0406,0.01,0.016
92,Test,Leaf Class (Softmax),16,midge,0.9585,0.993,0.9754
92,Test,Leaf Class (Softmax),17,moth,0.8686,0.7155,0.7846
92,Test,Leaf Class (Softmax),18,robber_fly,0.7978,0.812,0.8049
92,Test,Leaf Class (Softmax),19,spider,0.7647,0.8758,0.8165
92,Test,Leaf Class (Softmax),20,wasp,0.8477,0.8188,0.833
92,Test,Leaf Class (Softmax),21,weevil,0.9175,0.7592,0.8309
92,Test,Leaf Class (Sigmoid),0,Ichneumonoidea,0.6524,0.6143,0.6328
92,Test,Leaf Class (Sigmoid),1,Muscoidea,0.3832,0.5412,0.4487
92,Test,Leaf Class (Sigmoid),2,ant,0.8541,0.8662,0.8601
92,Test,Leaf Class (Sigmoid),3,ant_beetle,0.9211,0.9401,0.9305
92,Test,Leaf Class (Sigmoid),4,bug,0.934,0.7088,0.806
92,Test,Leaf Class (Sigmoid),5,butterfly,0.8411,0.9074,0.873
92,Test,Leaf Class (Sigmoid),6,caddisfly,0.9991,0.9655,0.982
92,Test,Leaf Class (Sigmoid),7,dance_fly,0.7952,0.6278,0.7016
92,Test,Leaf Class (Sigmoid),8,earwig,0.8931,0.114,0.2022
92,Test,Leaf Class (Sigmoid),9,fever_fly,0.9976,0.8854,0.9381
92,Test,Leaf Class (Sigmoid),10,flesh_fly,0.7819,0.794,0.7879
92,Test,Leaf Class (Sigmoid),11,fly,0.3519,0.5712,0.4355
92,Test,Leaf Class (Sigmoid),12,fruit_fly,0.9112,0.5898,0.716
92,Test,Leaf Class (Sigmoid),13,hoverfly,0.8272,0.846,0.8365
92,Test,Leaf Class (Sigmoid),14,ladybug,0.9535,0.9382,0.9458
92,Test,Leaf Class (Sigmoid),15,leaf_beetle,0.0308,0.0046,0.008
92,Test,Leaf Class (Sigmoid),16,midge,0.9457,0.9935,0.969
92,Test,Leaf Class (Sigmoid),17,moth,0.8263,0.7907,0.8081
92,Test,Leaf Class (Sigmoid),18,robber_fly,0.8044,0.8155,0.8099
92,Test,Leaf Class (Sigmoid),19,spider,0.7425,0.8752,0.8034
92,Test,Leaf Class (Sigmoid),20,wasp,0.8029,0.8262,0.8144
92,Test,Leaf Class (Sigmoid),21,weevil,0.8931,0.7645,0.8238
93,Train,PF4,0,Arachnida,0.9799,0.9975,0.9886
93,Train,PF4,1,Insecta,1.0,0.9998,0.9999
93,Train,PF3,0,Araneae,0.991,0.994,0.9925
93,Train,PF3,1,Coleoptera,0.997,0.9967,0.9968
93,Train,PF3,2,Dermaptera,0.9845,0.9868,0.9857
93,Train,PF3,3,Diptera,0.9967,0.9958,0.9963
93,Train,PF3,4,Hemiptera,0.9943,0.9825,0.9884
93,Train,PF3,5,Hymenoptera,0.992,0.9926,0.9923
93,Train,PF3,6,Lepidoptera,0.9909,0.9837,0.9873
93,Train,PF3,7,Mecoptera,0.8882,0.3042,0.4531
93,Train,PF3,8,Neuroptera,0.9948,0.9985,0.9967
93,Train,PF3,9,Orthoptera,0.8863,0.995,0.9375
93,Train,PF3,10,Trichoptera,0.9992,0.997,0.9981
93,Train,PF2,0,Apocrita,0.9958,0.9915,0.9937
93,Train,PF2,1,Arneomorphae,0.9954,0.982,0.9887
93,Train,PF2,2,Brachycera,0.9962,0.9963,0.9962
93,Train,PF2,3,Forficulina,0.986,0.9853,0.9857
93,Train,PF2,4,Glossata,0.9916,0.9752,0.9833
93,Train,PF2,5,Hemerobiiformia,0.9962,0.9978,0.997
93,Train,PF2,6,Heteroptera,0.9932,0.9836,0.9884
93,Train,PF2,7,Integripalpia,0.9992,0.9955,0.9973
93,Train,PF2,8,Nematocera,0.9994,0.9927,0.996
93,Train,PF2,9,Polyphaga,0.9977,0.9961,0.9969
93,Train,PF2,10,Symphyta,0.9787,0.988,0.9833
93,Train,PF2,11,grasshopper,0.8461,0.9977,0.9157
93,Train,PF2,12,scorpion_fly,0.8117,0.0737,0.1351
93,Train,PF1,0,Aculeata,0.996,0.9941,0.995
93,Train,PF1,1,Araneomorphae,0.994,0.9915,0.9928
93,Train,PF1,2,Asilomorpha,0.9966,0.9959,0.9962
93,Train,PF1,3,Bibionomorpha,0.9996,0.9979,0.9987
93,Train,PF1,4,Cucujiformia,0.998,0.9969,0.9974
93,Train,PF1,5,Culicomorpha,0.9996,0.9947,0.9971
93,Train,PF1,6,Epidermaptera,0.9899,0.986,0.988
93,Train,PF1,7,Heterocera,0.9967,0.9867,0.9917
93,Train,PF1,8,Muscomorpha,0.9947,0.998,0.9963
93,Train,PF1,9,Parasitica,0.9921,0.9876,0.9899
93,Train,PF1,10,Pentatomomorpha,0.996,0.9836,0.9898
93,Train,PF1,11,Plenitentoria,0.9992,0.9996,0.9994
93,Train,PF1,12,Rhopalocera,0.9951,0.9895,0.9923
93,Train,PF1,13,lacewing,0.9949,0.9987,0.9968
93,Train,PF1,14,saw_fly,0.9895,0.9862,0.9878
93,Train,Leaf Class (Softmax),0,Ichneumonoidea,0.9926,0.9905,0.9915
93,Train,Leaf Class (Softmax),1,Muscoidea,0.9212,0.9047,0.9129
93,Train,Leaf Class (Softmax),2,ant,0.9965,0.9978,0.9972
93,Train,Leaf Class (Softmax),3,ant_beetle,0.9978,0.997,0.9974
93,Train,Leaf Class (Softmax),4,bug,0.9927,0.9921,0.9924
93,Train,Leaf Class (Softmax),5,butterfly,0.9967,0.9903,0.9935
93,Train,Leaf Class (Softmax),6,caddisfly,0.9989,0.9996,0.9992
93,Train,Leaf Class (Softmax),7,dance_fly,0.9913,0.988,0.9896
93,Train,Leaf Class (Softmax),8,earwig,0.9938,0.9884,0.9911
93,Train,Leaf Class (Softmax),9,fever_fly,0.9989,0.9989,0.9989
93,Train,Leaf Class (Softmax),10,flesh_fly,0.9869,0.9884,0.9876
93,Train,Leaf Class (Softmax),11,fly,0.903,0.9191,0.911
93,Train,Leaf Class (Softmax),12,fruit_fly,0.9961,0.9963,0.9962
93,Train,Leaf Class (Softmax),13,hoverfly,0.9933,0.9946,0.9939
93,Train,Leaf Class (Softmax),14,ladybug,0.997,0.9974,0.9972
93,Train,Leaf Class (Softmax),15,leaf_beetle,0.9985,0.9991,0.9988
93,Train,Leaf Class (Softmax),16,midge,0.9981,0.9956,0.9969
93,Train,Leaf Class (Softmax),17,moth,0.9949,0.9952,0.995
93,Train,Leaf Class (Softmax),18,robber_fly,0.9979,0.9967,0.9973
93,Train,Leaf Class (Softmax),19,spider,0.995,0.994,0.9945
93,Train,Leaf Class (Softmax),20,wasp,0.983,0.9739,0.9784
93,Train,Leaf Class (Softmax),21,weevil,0.9985,0.9989,0.9987
93,Train,Leaf Class (Sigmoid),0,Ichneumonoidea,0.9881,0.9913,0.9897
93,Train,Leaf Class (Sigmoid),1,Muscoidea,0.8663,0.9449,0.9039
93,Train,Leaf Class (Sigmoid),2,ant,0.9969,0.9967,0.9968
93,Train,Leaf Class (Sigmoid),3,ant_beetle,0.9981,0.9959,0.997
93,Train,Leaf Class (Sigmoid),4,bug,0.996,0.982,0.9889
93,Train,Leaf Class (Sigmoid),5,butterfly,0.9975,0.9879,0.9927
93,Train,Leaf Class (Sigmoid),6,caddisfly,0.9989,0.9996,0.9992
93,Train,Leaf Class (Sigmoid),7,dance_fly,0.9959,0.9846,0.9902
93,Train,Leaf Class (Sigmoid),8,earwig,0.9938,0.9868,0.9903
93,Train,Leaf Class (Sigmoid),9,fever_fly,0.9989,0.9982,0.9986
93,Train,Leaf Class (Sigmoid),10,flesh_fly,0.9833,0.9895,0.9864
93,Train,Leaf Class (Sigmoid),11,fly,0.9347,0.8566,0.8939
93,Train,Leaf Class (Sigmoid),12,fruit_fly,0.9956,0.9969,0.9963
93,Train,Leaf Class (Sigmoid),13,hoverfly,0.9934,0.9942,0.9938
93,Train,Leaf Class (Sigmoid),14,ladybug,0.9949,0.9977,0.9963
93,Train,Leaf Class (Sigmoid),15,leaf_beetle,0.9971,0.9994,0.9982
93,Train,Leaf Class (Sigmoid),16,midge,0.9996,0.9935,0.9966
93,Train,Leaf Class (Sigmoid),17,moth,0.9973,0.9865,0.9919
93,Train,Leaf Class (Sigmoid),18,robber_fly,0.9968,0.9965,0.9967
93,Train,Leaf Class (Sigmoid),19,spider,0.994,0.993,0.9935
93,Train,Leaf Class (Sigmoid),20,wasp,0.9845,0.9626,0.9734
93,Train,Leaf Class (Sigmoid),21,weevil,0.9988,0.9979,0.9983
93,Test,PF4,0,Arachnida,0.6915,0.8758,0.7728
93,Test,PF4,1,Insecta,0.9971,0.991,0.994
93,Test,PF3,0,Araneae,0.704,0.8758,0.7806
93,Test,PF3,1,Coleoptera,0.9325,0.7822,0.8508
93,Test,PF3,2,Dermaptera,0.9262,0.1345,0.2349
93,Test,PF3,3,Diptera,0.8984,0.9641,0.9301
93,Test,PF3,4,Hemiptera,0.9711,0.6995,0.8133
93,Test,PF3,5,Hymenoptera,0.8426,0.8155,0.8288
93,Test,PF3,6,Lepidoptera,0.7656,0.6371,0.6954
93,Test,PF3,7,Mecoptera,0.1908,0.3074,0.2355
93,Test,PF3,8,Neuroptera,0.8081,0.4904,0.6104
93,Test,PF3,9,Orthoptera,0.6936,0.9755,0.8107
93,Test,PF3,10,Trichoptera,0.9978,0.9565,0.9767
93,Test,PF2,0,Apocrita,0.8307,0.8292,0.8299
93,Test,PF2,1,Arneomorphae,0.7442,0.8758,0.8047
93,Test,PF2,2,Brachycera,0.8655,0.961,0.9108
93,Test,PF2,3,Forficulina,0.8923,0.1131,0.2007
93,Test,PF2,4,Glossata,0.7436,0.5298,0.6188
93,Test,PF2,5,Hemerobiiformia,0.8435,0.4763,0.6088
93,Test,PF2,6,Heteroptera,0.969,0.6988,0.812
93,Test,PF2,7,Integripalpia,0.9982,0.9306,0.9632
93,Test,PF2,8,Nematocera,0.9665,0.9582,0.9623
93,Test,PF2,9,Polyphaga,0.9442,0.7753,0.8515
93,Test,PF2,10,Symphyta,0.9077,0.7262,0.8069
93,Test,PF2,11,grasshopper,0.5684,0.9825,0.7202
93,Test,PF2,12,scorpion_fly,0.172,0.07,0.0995
93,Test,PF1,0,Aculeata,0.8219,0.8627,0.8418
93,Test,PF1,1,Araneomorphae,0.7144,0.8758,0.7869
93,Test,PF1,2,Asilomorpha,0.7962,0.7803,0.7881
93,Test,PF1,3,Bibionomorpha,0.9976,0.8726,0.9309
93,Test,PF1,4,Cucujiformia,0.9327,0.7778,0.8483
93,Test,PF1,5,Culicomorpha,0.9475,0.9932,0.9699
93,Test,PF1,6,Epidermaptera,0.9133,0.1335,0.233
93,Test,PF1,7,Heterocera,0.7533,0.6672,0.7077
93,Test,PF1,8,Muscomorpha,0.7991,0.947,0.8668
93,Test,PF1,9,Parasitica,0.6205,0.6121,0.6163
93,Test,PF1,10,Pentatomomorpha,0.9699,0.6949,0.8097
93,Test,PF1,11,Plenitentoria,0.9969,0.9716,0.9841
93,Test,PF1,12,Rhopalocera,0.792,0.9113,0.8475
93,Test,PF1,13,lacewing,0.7997,0.5564,0.6562
93,Test,PF1,14,saw_fly,0.8959,0.7096,0.7919
93,Test,Leaf Class (Softmax),0,Ichneumonoidea,0.5852,0.639,0.6109
93,Test,Leaf Class (Softmax),1,Muscoidea,0.3529,0.5962,0.4434
93,Test,Leaf Class (Softmax),2,ant,0.8407,0.8658,0.8531
93,Test,Leaf Class (Softmax),3,ant_beetle,0.8996,0.9342,0.9166
93,Test,Leaf Class (Softmax),4,bug,0.97,0.6965,0.8108
93,Test,Leaf Class (Softmax),5,butterfly,0.7997,0.9123,0.8523
93,Test,Leaf Class (Softmax),6,caddisfly,0.9982,0.9694,0.9836
93,Test,Leaf Class (Softmax),7,dance_fly,0.8266,0.611,0.7026
93,Test,Leaf Class (Softmax),8,earwig,0.8588,0.0712,0.1314
93,Test,Leaf Class (Softmax),9,fever_fly,0.9984,0.8762,0.9333
93,Test,Leaf Class (Softmax),10,flesh_fly,0.7579,0.7857,0.7716
93,Test,Leaf Class (Softmax),11,fly,0.3545,0.5032,0.416
93,Test,Leaf Class (Softmax),12,fruit_fly,0.8821,0.6095,0.7209
93,Test,Leaf Class (Softmax),13,hoverfly,0.8275,0.8382,0.8328
93,Test,Leaf Class (Softmax),14,ladybug,0.9452,0.9398,0.9425
93,Test,Leaf Class (Softmax),15,leaf_beetle,0.0365,0.0077,0.0127
93,Test,Leaf Class (Softmax),16,midge,0.9599,0.9932,0.9763
93,Test,Leaf Class (Softmax),17,moth,0.867,0.7628,0.8115
93,Test,Leaf Class (Softmax),18,robber_fly,0.7908,0.809,0.7998
93,Test,Leaf Class (Softmax),19,spider,0.7555,0.8758,0.8112
93,Test,Leaf Class (Softmax),20,wasp,0.8648,0.817,0.8402
93,Test,Leaf Class (Softmax),21,weevil,0.9177,0.755,0.8284
93,Test,Leaf Class (Sigmoid),0,Ichneumonoidea,0.6349,0.6278,0.6313
93,Test,Leaf Class (Sigmoid),1,Muscoidea,0.3834,0.521,0.4418
93,Test,Leaf Class (Sigmoid),2,ant,0.8265,0.8775,0.8512
93,Test,Leaf Class (Sigmoid),3,ant_beetle,0.9177,0.9394,0.9284
93,Test,Leaf Class (Sigmoid),4,bug,0.9482,0.7057,0.8092
93,Test,Leaf Class (Sigmoid),5,butterfly,0.8114,0.9241,0.8641
93,Test,Leaf Class (Sigmoid),6,caddisfly,0.9991,0.9659,0.9822
93,Test,Leaf Class (Sigmoid),7,dance_fly,0.7983,0.6339,0.7066
93,Test,Leaf Class (Sigmoid),8,earwig,0.8922,0.0887,0.1613
93,Test,Leaf Class (Sigmoid),9,fever_fly,0.9976,0.8839,0.9373
93,Test,Leaf Class (Sigmoid),10,flesh_fly,0.7929,0.7802,0.7865
93,Test,Leaf Class (Sigmoid),11,fly,0.3638,0.595,0.4515
93,Test,Leaf Class (Sigmoid),12,fruit_fly,0.9047,0.5933,0.7166
93,Test,Leaf Class (Sigmoid),13,hoverfly,0.8372,0.8408,0.839
93,Test,Leaf Class (Sigmoid),14,ladybug,0.9617,0.9352,0.9483
93,Test,Leaf Class (Sigmoid),15,leaf_beetle,0.0311,0.0038,0.0068
93,Test,Leaf Class (Sigmoid),16,midge,0.9518,0.9932,0.9721
93,Test,Leaf Class (Sigmoid),17,moth,0.8173,0.8275,0.8224
93,Test,Leaf Class (Sigmoid),18,robber_fly,0.797,0.8168,0.8068
93,Test,Leaf Class (Sigmoid),19,spider,0.7325,0.8758,0.7978
93,Test,Leaf Class (Sigmoid),20,wasp,0.8241,0.8294,0.8267
93,Test,Leaf Class (Sigmoid),21,weevil,0.8984,0.7605,0.8237
94,Train,PF4,0,Arachnida,0.9857,0.999,0.9923
94,Train,PF4,1,Insecta,1.0,0.9999,0.9999
94,Train,PF3,0,Araneae,0.9945,0.997,0.9958
94,Train,PF3,1,Coleoptera,0.9972,0.9966,0.9969
94,Train,PF3,2,Dermaptera,0.9816,0.9899,0.9857
94,Train,PF3,3,Diptera,0.9969,0.996,0.9965
94,Train,PF3,4,Hemiptera,0.9943,0.982,0.9881
94,Train,PF3,5,Hymenoptera,0.9926,0.9931,0.9929
94,Train,PF3,6,Lepidoptera,0.9905,0.9841,0.9873
94,Train,PF3,7,Mecoptera,0.8906,0.3249,0.4761
94,Train,PF3,8,Neuroptera,0.996,0.9992,0.9976
94,Train,PF3,9,Orthoptera,0.8896,0.9948,0.9392
94,Train,PF3,10,Trichoptera,1.0,0.9981,0.9991
94,Train,PF2,0,Apocrita,0.9956,0.9922,0.9939
94,Train,PF2,1,Arneomorphae,0.998,0.99,0.994
94,Train,PF2,2,Brachycera,0.9965,0.9962,0.9964
94,Train,PF2,3,Forficulina,0.9808,0.9907,0.9857
94,Train,PF2,4,Glossata,0.9914,0.9769,0.9841
94,Train,PF2,5,Hemerobiiformia,0.9968,0.9983,0.9975
94,Train,PF2,6,Heteroptera,0.9943,0.9842,0.9892
94,Train,PF2,7,Integripalpia,1.0,0.9962,0.9981
94,Train,PF2,8,Nematocera,0.9989,0.995,0.997
94,Train,PF2,9,Polyphaga,0.9981,0.9964,0.9973
94,Train,PF2,10,Symphyta,0.9798,0.9898,0.9847
94,Train,PF2,11,grasshopper,0.8482,0.9978,0.9169
94,Train,PF2,12,scorpion_fly,0.7991,0.0696,0.1281
94,Train,PF1,0,Aculeata,0.9954,0.9939,0.9947
94,Train,PF1,1,Araneomorphae,0.997,0.997,0.997
94,Train,PF1,2,Asilomorpha,0.9968,0.9964,0.9966
94,Train,PF1,3,Bibionomorpha,0.9986,0.9979,0.9982
94,Train,PF1,4,Cucujiformia,0.9985,0.9967,0.9976
94,Train,PF1,5,Culicomorpha,0.9994,0.9947,0.997
94,Train,PF1,6,Epidermaptera,0.9884,0.9915,0.9899
94,Train,PF1,7,Heterocera,0.9971,0.9876,0.9923
94,Train,PF1,8,Muscomorpha,0.9949,0.9979,0.9964
94,Train,PF1,9,Parasitica,0.9921,0.9876,0.9899
94,Train,PF1,10,Pentatomomorpha,0.996,0.9797,0.9878
94,Train,PF1,11,Plenitentoria,1.0,0.9996,0.9998
94,Train,PF1,12,Rhopalocera,0.9951,0.996,0.9956
94,Train,PF1,13,lacewing,0.9957,0.9991,0.9974
94,Train,PF1,14,saw_fly,0.9885,0.9893,0.9889
94,Train,Leaf Class (Softmax),0,Ichneumonoidea,0.9909,0.9901,0.9905
94,Train,Leaf Class (Softmax),1,Muscoidea,0.923,0.907,0.9149
94,Train,Leaf Class (Softmax),2,ant,0.9962,0.9978,0.997
94,Train,Leaf Class (Softmax),3,ant_beetle,0.9993,0.9985,0.9989
94,Train,Leaf Class (Softmax),4,bug,0.9899,0.9927,0.9913
94,Train,Leaf Class (Softmax),5,butterfly,0.9976,0.9943,0.9959
94,Train,Leaf Class (Softmax),6,caddisfly,1.0,0.9989,0.9994
94,Train,Leaf Class (Softmax),7,dance_fly,0.992,0.9906,0.9913
94,Train,Leaf Class (Softmax),8,earwig,0.9953,0.993,0.9942
94,Train,Leaf Class (Softmax),9,fever_fly,0.9989,0.9993,0.9991
94,Train,Leaf Class (Softmax),10,flesh_fly,0.989,0.9885,0.9887
94,Train,Leaf Class (Softmax),11,fly,0.9052,0.9212,0.9131
94,Train,Leaf Class (Softmax),12,fruit_fly,0.9964,0.996,0.9962
94,Train,Leaf Class (Softmax),13,hoverfly,0.9938,0.9948,0.9943
94,Train,Leaf Class (Softmax),14,ladybug,0.9969,0.9971,0.997
94,Train,Leaf Class (Softmax),15,leaf_beetle,0.9983,0.9983,0.9983
94,Train,Leaf Class (Softmax),16,midge,0.9979,0.9956,0.9968
94,Train,Leaf Class (Softmax),17,moth,0.9954,0.9951,0.9953
94,Train,Leaf Class (Softmax),18,robber_fly,0.9973,0.9977,0.9975
94,Train,Leaf Class (Softmax),19,spider,0.998,0.9975,0.9978
94,Train,Leaf Class (Softmax),20,wasp,0.9788,0.9722,0.9755
94,Train,Leaf Class (Softmax),21,weevil,0.999,0.9984,0.9987
94,Train,Leaf Class (Sigmoid),0,Ichneumonoidea,0.9873,0.9909,0.9891
94,Train,Leaf Class (Sigmoid),1,Muscoidea,0.8693,0.9456,0.9059
94,Train,Leaf Class (Sigmoid),2,ant,0.9964,0.9973,0.9969
94,Train,Leaf Class (Sigmoid),3,ant_beetle,0.9989,0.9989,0.9989
94,Train,Leaf Class (Sigmoid),4,bug,0.9943,0.9814,0.9878
94,Train,Leaf Class (Sigmoid),5,butterfly,0.9976,0.9927,0.9951
94,Train,Leaf Class (Sigmoid),6,caddisfly,0.9992,0.9989,0.9991
94,Train,Leaf Class (Sigmoid),7,dance_fly,0.9939,0.9853,0.9896
94,Train,Leaf Class (Sigmoid),8,earwig,0.993,0.9907,0.9919
94,Train,Leaf Class (Sigmoid),9,fever_fly,0.9986,0.9982,0.9984
94,Train,Leaf Class (Sigmoid),10,flesh_fly,0.9848,0.9897,0.9873
94,Train,Leaf Class (Sigmoid),11,fly,0.9369,0.8589,0.8962
94,Train,Leaf Class (Sigmoid),12,fruit_fly,0.9949,0.9961,0.9955
94,Train,Leaf Class (Sigmoid),13,hoverfly,0.9936,0.9938,0.9937
94,Train,Leaf Class (Sigmoid),14,ladybug,0.9949,0.9979,0.9964
94,Train,Leaf Class (Sigmoid),15,leaf_beetle,0.9967,0.9985,0.9976
94,Train,Leaf Class (Sigmoid),16,midge,0.9998,0.9945,0.9971
94,Train,Leaf Class (Sigmoid),17,moth,0.9984,0.9877,0.993
94,Train,Leaf Class (Sigmoid),18,robber_fly,0.9968,0.9976,0.9972
94,Train,Leaf Class (Sigmoid),19,spider,0.996,0.9955,0.9958
94,Train,Leaf Class (Sigmoid),20,wasp,0.9765,0.9609,0.9686
94,Train,Leaf Class (Sigmoid),21,weevil,0.9993,0.9973,0.9983
94,Test,PF4,0,Arachnida,0.6876,0.8758,0.7704
94,Test,PF4,1,Insecta,0.9971,0.9908,0.9939
94,Test,PF3,0,Araneae,0.6949,0.8758,0.7749
94,Test,PF3,1,Coleoptera,0.924,0.7882,0.8507
94,Test,PF3,2,Dermaptera,0.9217,0.1491,0.2567
94,Test,PF3,3,Diptera,0.9058,0.9615,0.9328
94,Test,PF3,4,Hemiptera,0.9691,0.7003,0.8131
94,Test,PF3,5,Hymenoptera,0.8413,0.8083,0.8244
94,Test,PF3,6,Lepidoptera,0.7623,0.653,0.7034
94,Test,PF3,7,Mecoptera,0.1623,0.3126,0.2137
94,Test,PF3,8,Neuroptera,0.8094,0.4925,0.6124
94,Test,PF3,9,Orthoptera,0.7111,0.9765,0.8229
94,Test,PF3,10,Trichoptera,0.9973,0.9608,0.9787
94,Test,PF2,0,Apocrita,0.8356,0.8251,0.8303
94,Test,PF2,1,Arneomorphae,0.7314,0.8758,0.7971
94,Test,PF2,2,Brachycera,0.8735,0.9575,0.9136
94,Test,PF2,3,Forficulina,0.8824,0.117,0.2065
94,Test,PF2,4,Glossata,0.7416,0.5472,0.6297
94,Test,PF2,5,Hemerobiiformia,0.8394,0.4758,0.6074
94,Test,PF2,6,Heteroptera,0.9681,0.7011,0.8132
94,Test,PF2,7,Integripalpia,0.9982,0.9409,0.9687
94,Test,PF2,8,Nematocera,0.9672,0.9592,0.9632
94,Test,PF2,9,Polyphaga,0.9381,0.7834,0.8538
94,Test,PF2,10,Symphyta,0.8945,0.7188,0.7971
94,Test,PF2,11,grasshopper,0.5678,0.982,0.7195
94,Test,PF2,12,scorpion_fly,0.1483,0.0856,0.1086
94,Test,PF1,0,Aculeata,0.828,0.8601,0.8438
94,Test,PF1,1,Araneomorphae,0.7033,0.8758,0.7801
94,Test,PF1,2,Asilomorpha,0.7959,0.7803,0.788
94,Test,PF1,3,Bibionomorpha,0.9976,0.874,0.9317
94,Test,PF1,4,Cucujiformia,0.9254,0.7854,0.8497
94,Test,PF1,5,Culicomorpha,0.9469,0.9932,0.9695
94,Test,PF1,6,Epidermaptera,0.8993,0.1306,0.2281
94,Test,PF1,7,Heterocera,0.7439,0.6688,0.7043
94,Test,PF1,8,Muscomorpha,0.8042,0.9456,0.8692
94,Test,PF1,9,Parasitica,0.6819,0.6009,0.6389
94,Test,PF1,10,Pentatomomorpha,0.9627,0.6965,0.8082
94,Test,PF1,11,Plenitentoria,0.996,0.9741,0.985
94,Test,PF1,12,Rhopalocera,0.7971,0.9094,0.8495
94,Test,PF1,13,lacewing,0.7956,0.5689,0.6634
94,Test,PF1,14,saw_fly,0.8871,0.7062,0.7864
94,Test,Leaf Class (Softmax),0,Ichneumonoidea,0.6416,0.63,0.6357
94,Test,Leaf Class (Softmax),1,Muscoidea,0.3571,0.5982,0.4472
94,Test,Leaf Class (Softmax),2,ant,0.8471,0.8488,0.8479
94,Test,Leaf Class (Softmax),3,ant_beetle,0.8994,0.9379,0.9182
94,Test,Leaf Class (Softmax),4,bug,0.9649,0.698,0.81
94,Test,Leaf Class (Softmax),5,butterfly,0.7983,0.9084,0.8498
94,Test,Leaf Class (Softmax),6,caddisfly,0.9982,0.972,0.9849
94,Test,Leaf Class (Softmax),7,dance_fly,0.8235,0.6087,0.7
94,Test,Leaf Class (Softmax),8,earwig,0.828,0.075,0.1376
94,Test,Leaf Class (Softmax),9,fever_fly,0.9984,0.8797,0.9353
94,Test,Leaf Class (Softmax),10,flesh_fly,0.7674,0.7738,0.7706
94,Test,Leaf Class (Softmax),11,fly,0.3469,0.5075,0.4121
94,Test,Leaf Class (Softmax),12,fruit_fly,0.9012,0.5998,0.7202
94,Test,Leaf Class (Softmax),13,hoverfly,0.8259,0.8418,0.8337
94,Test,Leaf Class (Softmax),14,ladybug,0.9403,0.9418,0.941
94,Test,Leaf Class (Softmax),15,leaf_beetle,0.0491,0.0108,0.0177
94,Test,Leaf Class (Softmax),16,midge,0.9603,0.993,0.9764
94,Test,Leaf Class (Softmax),17,moth,0.8519,0.7595,0.8031
94,Test,Leaf Class (Softmax),18,robber_fly,0.794,0.8092,0.8015
94,Test,Leaf Class (Softmax),19,spider,0.7393,0.8758,0.8018
94,Test,Leaf Class (Softmax),20,wasp,0.8467,0.8303,0.8385
94,Test,Leaf Class (Softmax),21,weevil,0.9166,0.7582,0.8299
94,Test,Leaf Class (Sigmoid),0,Ichneumonoidea,0.7026,0.6143,0.6555
94,Test,Leaf Class (Sigmoid),1,Muscoidea,0.3839,0.5288,0.4448
94,Test,Leaf Class (Sigmoid),2,ant,0.8332,0.8552,0.8441
94,Test,Leaf Class (Sigmoid),3,ant_beetle,0.9187,0.9438,0.9311
94,Test,Leaf Class (Sigmoid),4,bug,0.9395,0.7065,0.8065
94,Test,Leaf Class (Sigmoid),5,butterfly,0.8174,0.9172,0.8644
94,Test,Leaf Class (Sigmoid),6,caddisfly,0.9991,0.9698,0.9843
94,Test,Leaf Class (Sigmoid),7,dance_fly,0.7932,0.6262,0.6999
94,Test,Leaf Class (Sigmoid),8,earwig,0.8704,0.0916,0.1658
94,Test,Leaf Class (Sigmoid),9,fever_fly,0.9976,0.8868,0.9389
94,Test,Leaf Class (Sigmoid),10,flesh_fly,0.7992,0.7702,0.7845
94,Test,Leaf Class (Sigmoid),11,fly,0.3618,0.5903,0.4486
94,Test,Leaf Class (Sigmoid),12,fruit_fly,0.9169,0.5822,0.7122
94,Test,Leaf Class (Sigmoid),13,hoverfly,0.8333,0.845,0.8391
94,Test,Leaf Class (Sigmoid),14,ladybug,0.9574,0.9378,0.9475
94,Test,Leaf Class (Sigmoid),15,leaf_beetle,0.0208,0.0031,0.0054
94,Test,Leaf Class (Sigmoid),16,midge,0.9516,0.9932,0.972
94,Test,Leaf Class (Sigmoid),17,moth,0.7999,0.8262,0.8128
94,Test,Leaf Class (Sigmoid),18,robber_fly,0.8057,0.815,0.8103
94,Test,Leaf Class (Sigmoid),19,spider,0.7198,0.8758,0.7902
94,Test,Leaf Class (Sigmoid),20,wasp,0.805,0.8373,0.8208
94,Test,Leaf Class (Sigmoid),21,weevil,0.8906,0.7652,0.8232
95,Train,PF4,0,Arachnida,0.9766,0.9995,0.9879
95,Train,PF4,1,Insecta,1.0,0.9998,0.9999
95,Train,PF3,0,Araneae,0.9916,0.9955,0.9935
95,Train,PF3,1,Coleoptera,0.997,0.9967,0.9969
95,Train,PF3,2,Dermaptera,0.9869,0.9915,0.9892
95,Train,PF3,3,Diptera,0.997,0.9959,0.9964
95,Train,PF3,4,Hemiptera,0.9949,0.982,0.9884
95,Train,PF3,5,Hymenoptera,0.9922,0.9922,0.9922
95,Train,PF3,6,Lepidoptera,0.9903,0.985,0.9876
95,Train,PF3,7,Mecoptera,0.9103,0.2976,0.4486
95,Train,PF3,8,Neuroptera,0.9947,0.9991,0.9969
95,Train,PF3,9,Orthoptera,0.8852,0.9961,0.9374
95,Train,PF3,10,Trichoptera,0.9992,0.9966,0.9979
95,Train,PF2,0,Apocrita,0.9961,0.9916,0.9938
95,Train,PF2,1,Arneomorphae,0.9965,0.9905,0.9935
95,Train,PF2,2,Brachycera,0.9963,0.9964,0.9964
95,Train,PF2,3,Forficulina,0.9876,0.9876,0.9876
95,Train,PF2,4,Glossata,0.9916,0.979,0.9853
95,Train,PF2,5,Hemerobiiformia,0.9964,0.9984,0.9974
95,Train,PF2,6,Heteroptera,0.9943,0.9853,0.9898
95,Train,PF2,7,Integripalpia,0.9992,0.9955,0.9973
95,Train,PF2,8,Nematocera,0.9988,0.9939,0.9963
95,Train,PF2,9,Polyphaga,0.9978,0.9962,0.997
95,Train,PF2,10,Symphyta,0.981,0.9885,0.9847
95,Train,PF2,11,grasshopper,0.8474,0.9979,0.9165
95,Train,PF2,12,scorpion_fly,0.8187,0.057,0.1066
95,Train,PF1,0,Aculeata,0.9955,0.9933,0.9944
95,Train,PF1,1,Araneomorphae,0.994,0.9965,0.9953
95,Train,PF1,2,Asilomorpha,0.9966,0.9958,0.9962
95,Train,PF1,3,Bibionomorpha,0.9993,0.9968,0.998
95,Train,PF1,4,Cucujiformia,0.9983,0.9971,0.9977
95,Train,PF1,5,Culicomorpha,0.999,0.996,0.9975
95,Train,PF1,6,Epidermaptera,0.9891,0.9884,0.9888
95,Train,PF1,7,Heterocera,0.9977,0.9865,0.9921
95,Train,PF1,8,Muscomorpha,0.9949,0.9979,0.9964
95,Train,PF1,9,Parasitica,0.988,0.9847,0.9864
95,Train,PF1,10,Pentatomomorpha,0.9954,0.9814,0.9884
95,Train,PF1,11,Plenitentoria,0.9989,0.9996,0.9992
95,Train,PF1,12,Rhopalocera,0.9959,0.9935,0.9947
95,Train,PF1,13,lacewing,0.9949,0.9994,0.9971
95,Train,PF1,14,saw_fly,0.9882,0.9877,0.988
95,Train,Leaf Class (Softmax),0,Ichneumonoidea,0.9892,0.986,0.9876
95,Train,Leaf Class (Softmax),1,Muscoidea,0.9189,0.9041,0.9115
95,Train,Leaf Class (Softmax),2,ant,0.996,0.9974,0.9967
95,Train,Leaf Class (Softmax),3,ant_beetle,0.9974,0.9993,0.9983
95,Train,Leaf Class (Softmax),4,bug,0.9932,0.9921,0.9927
95,Train,Leaf Class (Softmax),5,butterfly,0.9976,0.9927,0.9951
95,Train,Leaf Class (Softmax),6,caddisfly,1.0,0.9996,0.9998
95,Train,Leaf Class (Softmax),7,dance_fly,0.9939,0.9866,0.9903
95,Train,Leaf Class (Softmax),8,earwig,0.9953,0.9899,0.9926
95,Train,Leaf Class (Softmax),9,fever_fly,0.9993,0.9993,0.9993
95,Train,Leaf Class (Softmax),10,flesh_fly,0.9884,0.9884,0.9884
95,Train,Leaf Class (Softmax),11,fly,0.9032,0.9194,0.9112
95,Train,Leaf Class (Softmax),12,fruit_fly,0.9953,0.9962,0.9958
95,Train,Leaf Class (Softmax),13,hoverfly,0.9946,0.9951,0.9948
95,Train,Leaf Class (Softmax),14,ladybug,0.9974,0.997,0.9972
95,Train,Leaf Class (Softmax),15,leaf_beetle,0.9985,0.9985,0.9985
95,Train,Leaf Class (Softmax),16,midge,0.9985,0.9966,0.9975
95,Train,Leaf Class (Softmax),17,moth,0.9959,0.9951,0.9955
95,Train,Leaf Class (Softmax),18,robber_fly,0.9977,0.9974,0.9976
95,Train,Leaf Class (Softmax),19,spider,0.9931,0.9985,0.9958
95,Train,Leaf Class (Softmax),20,wasp,0.9808,0.9693,0.975
95,Train,Leaf Class (Softmax),21,weevil,0.9983,0.9988,0.9985
95,Train,Leaf Class (Sigmoid),0,Ichneumonoidea,0.9844,0.988,0.9862
95,Train,Leaf Class (Sigmoid),1,Muscoidea,0.8661,0.9426,0.9027
95,Train,Leaf Class (Sigmoid),2,ant,0.9962,0.9964,0.9963
95,Train,Leaf Class (Sigmoid),3,ant_beetle,0.9974,0.9989,0.9981
95,Train,Leaf Class (Sigmoid),4,bug,0.9954,0.9814,0.9884
95,Train,Leaf Class (Sigmoid),5,butterfly,0.9967,0.9903,0.9935
95,Train,Leaf Class (Sigmoid),6,caddisfly,0.9989,0.9992,0.9991
95,Train,Leaf Class (Sigmoid),7,dance_fly,0.9953,0.9826,0.9889
95,Train,Leaf Class (Sigmoid),8,earwig,0.9953,0.9876,0.9914
95,Train,Leaf Class (Sigmoid),9,fever_fly,0.9993,0.9982,0.9988
95,Train,Leaf Class (Sigmoid),10,flesh_fly,0.9852,0.9893,0.9873
95,Train,Leaf Class (Sigmoid),11,fly,0.9336,0.8581,0.8943
95,Train,Leaf Class (Sigmoid),12,fruit_fly,0.9947,0.9963,0.9955
95,Train,Leaf Class (Sigmoid),13,hoverfly,0.9944,0.9946,0.9945
95,Train,Leaf Class (Sigmoid),14,ladybug,0.9955,0.9977,0.9966
95,Train,Leaf Class (Sigmoid),15,leaf_beetle,0.9977,0.9986,0.9981
95,Train,Leaf Class (Sigmoid),16,midge,0.9996,0.9951,0.9973
95,Train,Leaf Class (Sigmoid),17,moth,0.9988,0.9874,0.993
95,Train,Leaf Class (Sigmoid),18,robber_fly,0.9971,0.9974,0.9973
95,Train,Leaf Class (Sigmoid),19,spider,0.9916,0.997,0.9943
95,Train,Leaf Class (Sigmoid),20,wasp,0.9811,0.9613,0.9711
95,Train,Leaf Class (Sigmoid),21,weevil,0.9989,0.9979,0.9984
95,Test,PF4,0,Arachnida,0.6912,0.8758,0.7726
95,Test,PF4,1,Insecta,0.9971,0.9909,0.994
95,Test,PF3,0,Araneae,0.7088,0.8758,0.7835
95,Test,PF3,1,Coleoptera,0.9368,0.782,0.8524
95,Test,PF3,2,Dermaptera,0.915,0.1365,0.2375
95,Test,PF3,3,Diptera,0.8994,0.964,0.9306
95,Test,PF3,4,Hemiptera,0.965,0.7018,0.8127
95,Test,PF3,5,Hymenoptera,0.8469,0.8111,0.8286
95,Test,PF3,6,Lepidoptera,0.7743,0.6398,0.7006
95,Test,PF3,7,Mecoptera,0.173,0.3204,0.2246
95,Test,PF3,8,Neuroptera,0.7654,0.5091,0.6115
95,Test,PF3,9,Orthoptera,0.7121,0.979,0.8245
95,Test,PF3,10,Trichoptera,0.9969,0.972,0.9843
95,Test,PF2,0,Apocrita,0.8443,0.8222,0.8331
95,Test,PF2,1,Arneomorphae,0.7454,0.8758,0.8053
95,Test,PF2,2,Brachycera,0.8699,0.9605,0.913
95,Test,PF2,3,Forficulina,0.8904,0.1267,0.2218
95,Test,PF2,4,Glossata,0.7564,0.5591,0.643
95,Test,PF2,5,Hemerobiiformia,0.8279,0.4852,0.6118
95,Test,PF2,6,Heteroptera,0.9579,0.7018,0.8101
95,Test,PF2,7,Integripalpia,0.9982,0.9573,0.9773
95,Test,PF2,8,Nematocera,0.9669,0.9599,0.9634
95,Test,PF2,9,Polyphaga,0.9484,0.7758,0.8534
95,Test,PF2,10,Symphyta,0.8917,0.7451,0.8119
95,Test,PF2,11,grasshopper,0.577,0.9825,0.727
95,Test,PF2,12,scorpion_fly,0.1419,0.0843,0.1058
95,Test,PF1,0,Aculeata,0.8419,0.8583,0.8501
95,Test,PF1,1,Araneomorphae,0.7212,0.8758,0.791
95,Test,PF1,2,Asilomorpha,0.7898,0.7818,0.7858
95,Test,PF1,3,Bibionomorpha,0.9976,0.879,0.9345
95,Test,PF1,4,Cucujiformia,0.9353,0.7796,0.8504
95,Test,PF1,5,Culicomorpha,0.9455,0.9932,0.9688
95,Test,PF1,6,Epidermaptera,0.8848,0.1423,0.2452
95,Test,PF1,7,Heterocera,0.7585,0.6605,0.7061
95,Test,PF1,8,Muscomorpha,0.7995,0.9476,0.8673
95,Test,PF1,9,Parasitica,0.6241,0.6031,0.6135
95,Test,PF1,10,Pentatomomorpha,0.9547,0.698,0.8064
95,Test,PF1,11,Plenitentoria,0.9956,0.9737,0.9845
95,Test,PF1,12,Rhopalocera,0.8127,0.9064,0.857
95,Test,PF1,13,lacewing,0.7668,0.5933,0.669
95,Test,PF1,14,saw_fly,0.886,0.7257,0.7979
95,Test,Leaf Class (Softmax),0,Ichneumonoidea,0.5879,0.63,0.6082
95,Test,Leaf Class (Softmax),1,Muscoidea,0.3522,0.591,0.4413
95,Test,Leaf Class (Softmax),2,ant,0.8657,0.8428,0.8541
95,Test,Leaf Class (Softmax),3,ant_beetle,0.9095,0.9357,0.9224
95,Test,Leaf Class (Softmax),4,bug,0.9558,0.6995,0.8078
95,Test,Leaf Class (Softmax),5,butterfly,0.8237,0.9025,0.8613
95,Test,Leaf Class (Softmax),6,caddisfly,0.9982,0.9724,0.9852
95,Test,Leaf Class (Softmax),7,dance_fly,0.8233,0.6041,0.6969
95,Test,Leaf Class (Softmax),8,earwig,0.8544,0.0858,0.1559
95,Test,Leaf Class (Softmax),9,fever_fly,0.9984,0.8825,0.9369
95,Test,Leaf Class (Softmax),10,flesh_fly,0.7593,0.7808,0.7699
95,Test,Leaf Class (Softmax),11,fly,0.3581,0.5112,0.4212
95,Test,Leaf Class (Softmax),12,fruit_fly,0.8983,0.5985,0.7184
95,Test,Leaf Class (Softmax),13,hoverfly,0.8173,0.85,0.8333
95,Test,Leaf Class (Softmax),14,ladybug,0.9466,0.94,0.9433
95,Test,Leaf Class (Softmax),15,leaf_beetle,0.0438,0.0092,0.0152
95,Test,Leaf Class (Softmax),16,midge,0.9576,0.9932,0.9751
95,Test,Leaf Class (Softmax),17,moth,0.8634,0.793,0.8267
95,Test,Leaf Class (Softmax),18,robber_fly,0.7861,0.8105,0.7981
95,Test,Leaf Class (Softmax),19,spider,0.7481,0.8758,0.8069
95,Test,Leaf Class (Softmax),20,wasp,0.8524,0.828,0.84
95,Test,Leaf Class (Softmax),21,weevil,0.9145,0.7565,0.828
95,Test,Leaf Class (Sigmoid),0,Ichneumonoidea,0.6626,0.6121,0.6364
95,Test,Leaf Class (Sigmoid),1,Muscoidea,0.3849,0.529,0.4456
95,Test,Leaf Class (Sigmoid),2,ant,0.8497,0.8568,0.8532
95,Test,Leaf Class (Sigmoid),3,ant_beetle,0.9232,0.9416,0.9323
95,Test,Leaf Class (Sigmoid),4,bug,0.9291,0.7072,0.8031
95,Test,Leaf Class (Sigmoid),5,butterfly,0.8327,0.9123,0.8707
95,Test,Leaf Class (Sigmoid),6,caddisfly,0.9991,0.9703,0.9845
95,Test,Leaf Class (Sigmoid),7,dance_fly,0.7932,0.6262,0.6999
95,Test,Leaf Class (Sigmoid),8,earwig,0.8824,0.1023,0.1834
95,Test,Leaf Class (Sigmoid),9,fever_fly,0.9976,0.8896,0.9405
95,Test,Leaf Class (Sigmoid),10,flesh_fly,0.7928,0.7768,0.7847
95,Test,Leaf Class (Sigmoid),11,fly,0.3678,0.5925,0.4538
95,Test,Leaf Class (Sigmoid),12,fruit_fly,0.9139,0.584,0.7126
95,Test,Leaf Class (Sigmoid),13,hoverfly,0.817,0.8508,0.8336
95,Test,Leaf Class (Sigmoid),14,ladybug,0.9651,0.9342,0.9494
95,Test,Leaf Class (Sigmoid),15,leaf_beetle,0.0422,0.0054,0.0095
95,Test,Leaf Class (Sigmoid),16,midge,0.9455,0.9935,0.9689
95,Test,Leaf Class (Sigmoid),17,moth,0.8162,0.8418,0.8288
95,Test,Leaf Class (Sigmoid),18,robber_fly,0.7948,0.8182,0.8064
95,Test,Leaf Class (Sigmoid),19,spider,0.7303,0.8758,0.7965
95,Test,Leaf Class (Sigmoid),20,wasp,0.8035,0.8354,0.8192
95,Test,Leaf Class (Sigmoid),21,weevil,0.8953,0.7635,0.8242
96,Train,PF4,0,Arachnida,0.9776,0.9995,0.9884
96,Train,PF4,1,Insecta,1.0,0.9998,0.9999
96,Train,PF3,0,Araneae,0.993,0.9955,0.9943
96,Train,PF3,1,Coleoptera,0.9974,0.9965,0.9969
96,Train,PF3,2,Dermaptera,0.9884,0.9946,0.9915
96,Train,PF3,3,Diptera,0.9971,0.9959,0.9965
96,Train,PF3,4,Hemiptera,0.992,0.9853,0.9887
96,Train,PF3,5,Hymenoptera,0.9919,0.992,0.992
96,Train,PF3,6,Lepidoptera,0.9904,0.9863,0.9883
96,Train,PF3,7,Mecoptera,0.8848,0.3001,0.4482
96,Train,PF3,8,Neuroptera,0.995,0.9985,0.9968
96,Train,PF3,9,Orthoptera,0.8859,0.9961,0.9378
96,Train,PF3,10,Trichoptera,0.9992,0.9962,0.9977
96,Train,PF2,0,Apocrita,0.9959,0.9913,0.9936
96,Train,PF2,1,Arneomorphae,0.9965,0.987,0.9917
96,Train,PF2,2,Brachycera,0.9965,0.9963,0.9964
96,Train,PF2,3,Forficulina,0.9907,0.9922,0.9915
96,Train,PF2,4,Glossata,0.9908,0.9806,0.9857
96,Train,PF2,5,Hemerobiiformia,0.9961,0.9981,0.9971
96,Train,PF2,6,Heteroptera,0.9932,0.987,0.9901
96,Train,PF2,7,Integripalpia,1.0,0.9962,0.9981
96,Train,PF2,8,Nematocera,0.9984,0.9933,0.9958
96,Train,PF2,9,Polyphaga,0.9983,0.9961,0.9972
96,Train,PF2,10,Symphyta,0.9792,0.9882,0.9837
96,Train,PF2,11,grasshopper,0.8493,0.998,0.9176
96,Train,PF2,12,scorpion_fly,0.7155,0.0676,0.1235
96,Train,PF1,0,Aculeata,0.9956,0.994,0.9948
96,Train,PF1,1,Araneomorphae,0.9955,0.996,0.9958
96,Train,PF1,2,Asilomorpha,0.9963,0.9963,0.9963
96,Train,PF1,3,Bibionomorpha,0.9971,0.9968,0.997
96,Train,PF1,4,Cucujiformia,0.9985,0.9966,0.9976
96,Train,PF1,5,Culicomorpha,0.9989,0.9949,0.9969
96,Train,PF1,6,Epidermaptera,0.9915,0.9922,0.9919
96,Train,PF1,7,Heterocera,0.9974,0.9879,0.9926
96,Train,PF1,8,Muscomorpha,0.9951,0.9981,0.9966
96,Train,PF1,9,Parasitica,0.9933,0.9852,0.9892
96,Train,PF1,10,Pentatomomorpha,0.9943,0.9814,0.9878
96,Train,PF1,11,Plenitentoria,1.0,0.9985,0.9992
96,Train,PF1,12,Rhopalocera,0.9951,0.9943,0.9947
96,Train,PF1,13,lacewing,0.9943,0.9989,0.9966
96,Train,PF1,14,saw_fly,0.9875,0.9862,0.9868
96,Train,Leaf Class (Softmax),0,Ichneumonoidea,0.9934,0.9876,0.9905
96,Train,Leaf Class (Softmax),1,Muscoidea,0.9193,0.9079,0.9136
96,Train,Leaf Class (Softmax),2,ant,0.9963,0.9972,0.9968
96,Train,Leaf Class (Softmax),3,ant_beetle,0.9989,0.9985,0.9987
96,Train,Leaf Class (Softmax),4,bug,0.9955,0.9898,0.9926
96,Train,Leaf Class (Softmax),5,butterfly,0.9951,0.996,0.9956
96,Train,Leaf Class (Softmax),6,caddisfly,0.9996,0.9981,0.9989
96,Train,Leaf Class (Softmax),7,dance_fly,0.996,0.9913,0.9936
96,Train,Leaf Class (Softmax),8,earwig,0.9938,0.9946,0.9942
96,Train,Leaf Class (Softmax),9,fever_fly,0.9975,0.9979,0.9977
96,Train,Leaf Class (Softmax),10,flesh_fly,0.9895,0.9888,0.9891
96,Train,Leaf Class (Softmax),11,fly,0.9056,0.9179,0.9117
96,Train,Leaf Class (Softmax),12,fruit_fly,0.9961,0.996,0.9961
96,Train,Leaf Class (Softmax),13,hoverfly,0.9939,0.9955,0.9947
96,Train,Leaf Class (Softmax),14,ladybug,0.9974,0.9972,0.9973
96,Train,Leaf Class (Softmax),15,leaf_beetle,0.9988,0.9983,0.9986
96,Train,Leaf Class (Softmax),16,midge,0.9979,0.9962,0.997
96,Train,Leaf Class (Softmax),17,moth,0.9957,0.9957,0.9957
96,Train,Leaf Class (Softmax),18,robber_fly,0.9977,0.9975,0.9976
96,Train,Leaf Class (Softmax),19,spider,0.9945,0.9975,0.996
96,Train,Leaf Class (Softmax),20,wasp,0.9752,0.9756,0.9754
96,Train,Leaf Class (Softmax),21,weevil,0.9988,0.9984,0.9986
96,Train,Leaf Class (Sigmoid),0,Ichneumonoidea,0.9893,0.9897,0.9895
96,Train,Leaf Class (Sigmoid),1,Muscoidea,0.8706,0.9463,0.9069
96,Train,Leaf Class (Sigmoid),2,ant,0.9965,0.9969,0.9967
96,Train,Leaf Class (Sigmoid),3,ant_beetle,0.9985,0.9993,0.9989
96,Train,Leaf Class (Sigmoid),4,bug,0.996,0.9825,0.9892
96,Train,Leaf Class (Sigmoid),5,butterfly,0.9959,0.9927,0.9943
96,Train,Leaf Class (Sigmoid),6,caddisfly,0.9992,0.9981,0.9987
96,Train,Leaf Class (Sigmoid),7,dance_fly,0.9973,0.9893,0.9933
96,Train,Leaf Class (Sigmoid),8,earwig,0.9938,0.9922,0.993
96,Train,Leaf Class (Sigmoid),9,fever_fly,0.9979,0.9968,0.9973
96,Train,Leaf Class (Sigmoid),10,flesh_fly,0.9868,0.99,0.9884
96,Train,Leaf Class (Sigmoid),11,fly,0.9375,0.8622,0.8983
96,Train,Leaf Class (Sigmoid),12,fruit_fly,0.9951,0.9961,0.9956
96,Train,Leaf Class (Sigmoid),13,hoverfly,0.9939,0.9951,0.9945
96,Train,Leaf Class (Sigmoid),14,ladybug,0.9957,0.9976,0.9966
96,Train,Leaf Class (Sigmoid),15,leaf_beetle,0.9976,0.9988,0.9982
96,Train,Leaf Class (Sigmoid),16,midge,0.9992,0.9943,0.9968
96,Train,Leaf Class (Sigmoid),17,moth,0.9981,0.9891,0.9936
96,Train,Leaf Class (Sigmoid),18,robber_fly,0.9974,0.9971,0.9972
96,Train,Leaf Class (Sigmoid),19,spider,0.9935,0.9955,0.9945
96,Train,Leaf Class (Sigmoid),20,wasp,0.9795,0.9642,0.9718
96,Train,Leaf Class (Sigmoid),21,weevil,0.9993,0.9977,0.9985
96,Test,PF4,0,Arachnida,0.7019,0.8758,0.7793
96,Test,PF4,1,Insecta,0.9971,0.9914,0.9942
96,Test,PF3,0,Araneae,0.7151,0.8758,0.7874
96,Test,PF3,1,Coleoptera,0.9249,0.791,0.8527
96,Test,PF3,2,Dermaptera,0.9064,0.1511,0.259
96,Test,PF3,3,Diptera,0.9031,0.9629,0.9321
96,Test,PF3,4,Hemiptera,0.9651,0.7026,0.8132
96,Test,PF3,5,Hymenoptera,0.8445,0.8107,0.8272
96,Test,PF3,6,Lepidoptera,0.7839,0.6431,0.7065
96,Test,PF3,7,Mecoptera,0.177,0.2918,0.2204
96,Test,PF3,8,Neuroptera,0.786,0.4966,0.6087
96,Test,PF3,9,Orthoptera,0.6814,0.9805,0.804
96,Test,PF3,10,Trichoptera,0.9977,0.9547,0.9758
96,Test,PF2,0,Apocrita,0.8382,0.8231,0.8306
96,Test,PF2,1,Arneomorphae,0.7523,0.8758,0.8094
96,Test,PF2,2,Brachycera,0.8742,0.9585,0.9144
96,Test,PF2,3,Forficulina,0.8758,0.1306,0.2273
96,Test,PF2,4,Glossata,0.7639,0.549,0.6388
96,Test,PF2,5,Hemerobiiformia,0.8135,0.481,0.6046
96,Test,PF2,6,Heteroptera,0.9619,0.7011,0.8111
96,Test,PF2,7,Integripalpia,0.9981,0.9284,0.962
96,Test,PF2,8,Nematocera,0.9639,0.9627,0.9633
96,Test,PF2,9,Polyphaga,0.9387,0.7857,0.8554
96,Test,PF2,10,Symphyta,0.8891,0.7302,0.8019
96,Test,PF2,11,grasshopper,0.5621,0.9842,0.7156
96,Test,PF2,12,scorpion_fly,0.1446,0.0765,0.1001
96,Test,PF1,0,Aculeata,0.8494,0.8585,0.8539
96,Test,PF1,1,Araneomorphae,0.7252,0.8758,0.7934
96,Test,PF1,2,Asilomorpha,0.8062,0.7769,0.7913
96,Test,PF1,3,Bibionomorpha,0.9976,0.8868,0.9389
96,Test,PF1,4,Cucujiformia,0.9252,0.7867,0.8504
96,Test,PF1,5,Culicomorpha,0.9446,0.9932,0.9683
96,Test,PF1,6,Epidermaptera,0.8895,0.1491,0.2554
96,Test,PF1,7,Heterocera,0.7688,0.6575,0.7088
96,Test,PF1,8,Muscomorpha,0.7997,0.9493,0.8681
96,Test,PF1,9,Parasitica,0.588,0.6143,0.6009
96,Test,PF1,10,Pentatomomorpha,0.9556,0.6965,0.8057
96,Test,PF1,11,Plenitentoria,0.9969,0.972,0.9843
96,Test,PF1,12,Rhopalocera,0.8146,0.9133,0.8611
96,Test,PF1,13,lacewing,0.7605,0.5959,0.6682
96,Test,PF1,14,saw_fly,0.8872,0.7165,0.7928
96,Test,Leaf Class (Softmax),0,Ichneumonoidea,0.5468,0.6413,0.5903
96,Test,Leaf Class (Softmax),1,Muscoidea,0.3508,0.5988,0.4424
96,Test,Leaf Class (Softmax),2,ant,0.8687,0.8452,0.8568
96,Test,Leaf Class (Softmax),3,ant_beetle,0.91,0.9342,0.922
96,Test,Leaf Class (Softmax),4,bug,0.9619,0.7011,0.8111
96,Test,Leaf Class (Softmax),5,butterfly,0.8257,0.9054,0.8637
96,Test,Leaf Class (Softmax),6,caddisfly,0.9982,0.9711,0.9845
96,Test,Leaf Class (Softmax),7,dance_fly,0.8295,0.6049,0.6996
96,Test,Leaf Class (Softmax),8,earwig,0.8585,0.0887,0.1608
96,Test,Leaf Class (Softmax),9,fever_fly,0.9984,0.8868,0.9393
96,Test,Leaf Class (Softmax),10,flesh_fly,0.7565,0.7808,0.7685
96,Test,Leaf Class (Softmax),11,fly,0.3393,0.5035,0.4054
96,Test,Leaf Class (Softmax),12,fruit_fly,0.904,0.5982,0.72
96,Test,Leaf Class (Softmax),13,hoverfly,0.8331,0.846,0.8395
96,Test,Leaf Class (Softmax),14,ladybug,0.9341,0.9422,0.9381
96,Test,Leaf Class (Softmax),15,leaf_beetle,0.0435,0.01,0.0162
96,Test,Leaf Class (Softmax),16,midge,0.9573,0.9932,0.975
96,Test,Leaf Class (Softmax),17,moth,0.8646,0.7488,0.8025
96,Test,Leaf Class (Softmax),18,robber_fly,0.8008,0.8072,0.804
96,Test,Leaf Class (Softmax),19,spider,0.7595,0.8758,0.8135
96,Test,Leaf Class (Softmax),20,wasp,0.8598,0.8225,0.8407
96,Test,Leaf Class (Softmax),21,weevil,0.9171,0.7582,0.8302
96,Test,Leaf Class (Sigmoid),0,Ichneumonoidea,0.6167,0.6278,0.6222
96,Test,Leaf Class (Sigmoid),1,Muscoidea,0.3815,0.5322,0.4445
96,Test,Leaf Class (Sigmoid),2,ant,0.8556,0.8565,0.8561
96,Test,Leaf Class (Sigmoid),3,ant_beetle,0.9211,0.9401,0.9305
96,Test,Leaf Class (Sigmoid),4,bug,0.9347,0.7057,0.8042
96,Test,Leaf Class (Sigmoid),5,butterfly,0.8347,0.9202,0.8754
96,Test,Leaf Class (Sigmoid),6,caddisfly,0.9991,0.9668,0.9827
96,Test,Leaf Class (Sigmoid),7,dance_fly,0.7994,0.6232,0.7004
96,Test,Leaf Class (Sigmoid),8,earwig,0.8943,0.1072,0.1915
96,Test,Leaf Class (Sigmoid),9,fever_fly,0.9976,0.8995,0.946
96,Test,Leaf Class (Sigmoid),10,flesh_fly,0.7949,0.7782,0.7865
96,Test,Leaf Class (Sigmoid),11,fly,0.3548,0.5925,0.4438
96,Test,Leaf Class (Sigmoid),12,fruit_fly,0.9193,0.5812,0.7122
96,Test,Leaf Class (Sigmoid),13,hoverfly,0.844,0.8465,0.8452
96,Test,Leaf Class (Sigmoid),14,ladybug,0.9524,0.9395,0.9459
96,Test,Leaf Class (Sigmoid),15,leaf_beetle,0.0406,0.0061,0.0107
96,Test,Leaf Class (Sigmoid),16,midge,0.9415,0.9938,0.9669
96,Test,Leaf Class (Sigmoid),17,moth,0.8156,0.8162,0.8159
96,Test,Leaf Class (Sigmoid),18,robber_fly,0.8133,0.8145,0.8139
96,Test,Leaf Class (Sigmoid),19,spider,0.7389,0.8758,0.8016
96,Test,Leaf Class (Sigmoid),20,wasp,0.8119,0.8299,0.8208
96,Test,Leaf Class (Sigmoid),21,weevil,0.892,0.7662,0.8244
97,Train,PF4,0,Arachnida,0.9842,0.995,0.9896
97,Train,PF4,1,Insecta,1.0,0.9999,0.9999
97,Train,PF3,0,Araneae,0.993,0.994,0.9935
97,Train,PF3,1,Coleoptera,0.9964,0.9969,0.9967
97,Train,PF3,2,Dermaptera,0.9915,0.9922,0.9919
97,Train,PF3,3,Diptera,0.9971,0.9958,0.9964
97,Train,PF3,4,Hemiptera,0.9938,0.987,0.9904
97,Train,PF3,5,Hymenoptera,0.9927,0.9926,0.9926
97,Train,PF3,6,Lepidoptera,0.99,0.9835,0.9867
97,Train,PF3,7,Mecoptera,0.8946,0.318,0.4692
97,Train,PF3,8,Neuroptera,0.9945,0.9988,0.9966
97,Train,PF3,9,Orthoptera,0.8877,0.9955,0.9385
97,Train,PF3,10,Trichoptera,0.9989,0.9974,0.9981
97,Train,PF2,0,Apocrita,0.9961,0.9917,0.9939
97,Train,PF2,1,Arneomorphae,0.9965,0.9875,0.992
97,Train,PF2,2,Brachycera,0.9966,0.996,0.9963
97,Train,PF2,3,Forficulina,0.9884,0.993,0.9907
97,Train,PF2,4,Glossata,0.9909,0.9782,0.9845
97,Train,PF2,5,Hemerobiiformia,0.9952,0.9984,0.9968
97,Train,PF2,6,Heteroptera,0.9949,0.9882,0.9915
97,Train,PF2,7,Integripalpia,0.9992,0.9947,0.997
97,Train,PF2,8,Nematocera,0.9986,0.9933,0.996
97,Train,PF2,9,Polyphaga,0.9976,0.9964,0.997
97,Train,PF2,10,Symphyta,0.9812,0.9898,0.9855
97,Train,PF2,11,grasshopper,0.8474,0.9978,0.9165
97,Train,PF2,12,scorpion_fly,0.7373,0.0651,0.1197
97,Train,PF1,0,Aculeata,0.9955,0.9939,0.9947
97,Train,PF1,1,Araneomorphae,0.9955,0.9955,0.9955
97,Train,PF1,2,Asilomorpha,0.9965,0.9962,0.9963
97,Train,PF1,3,Bibionomorpha,0.9975,0.9982,0.9979
97,Train,PF1,4,Cucujiformia,0.9982,0.9971,0.9976
97,Train,PF1,5,Culicomorpha,0.999,0.9949,0.9969
97,Train,PF1,6,Epidermaptera,0.9922,0.9922,0.9922
97,Train,PF1,7,Heterocera,0.9968,0.9874,0.992
97,Train,PF1,8,Muscomorpha,0.9954,0.9978,0.9966
97,Train,PF1,9,Parasitica,0.988,0.9852,0.9866
97,Train,PF1,10,Pentatomomorpha,0.9977,0.9848,0.9912
97,Train,PF1,11,Plenitentoria,0.9974,0.9985,0.9979
97,Train,PF1,12,Rhopalocera,0.9959,0.9911,0.9935
97,Train,PF1,13,lacewing,0.9948,0.9988,0.9968
97,Train,PF1,14,saw_fly,0.9888,0.9888,0.9888
97,Train,Leaf Class (Softmax),0,Ichneumonoidea,0.9905,0.9893,0.9899
97,Train,Leaf Class (Softmax),1,Muscoidea,0.9221,0.9052,0.9136
97,Train,Leaf Class (Softmax),2,ant,0.9969,0.9978,0.9973
97,Train,Leaf Class (Softmax),3,ant_beetle,0.9978,0.9993,0.9985
97,Train,Leaf Class (Softmax),4,bug,0.9921,0.9921,0.9921
97,Train,Leaf Class (Softmax),5,butterfly,0.9967,0.9919,0.9943
97,Train,Leaf Class (Softmax),6,caddisfly,0.9989,0.9981,0.9985
97,Train,Leaf Class (Softmax),7,dance_fly,0.9933,0.99,0.9916
97,Train,Leaf Class (Softmax),8,earwig,0.9961,0.993,0.9946
97,Train,Leaf Class (Softmax),9,fever_fly,0.9971,0.9982,0.9977
97,Train,Leaf Class (Softmax),10,flesh_fly,0.9888,0.9895,0.9891
97,Train,Leaf Class (Softmax),11,fly,0.9048,0.9211,0.9129
97,Train,Leaf Class (Softmax),12,fruit_fly,0.9961,0.9959,0.996
97,Train,Leaf Class (Softmax),13,hoverfly,0.9933,0.9954,0.9943
97,Train,Leaf Class (Softmax),14,ladybug,0.9973,0.9976,0.9974
97,Train,Leaf Class (Softmax),15,leaf_beetle,0.9985,0.9985,0.9985
97,Train,Leaf Class (Softmax),16,midge,0.9973,0.9966,0.997
97,Train,Leaf Class (Softmax),17,moth,0.995,0.9949,0.995
97,Train,Leaf Class (Softmax),18,robber_fly,0.9978,0.9971,0.9974
97,Train,Leaf Class (Softmax),19,spider,0.9955,0.9975,0.9965
97,Train,Leaf Class (Softmax),20,wasp,0.9826,0.9756,0.9791
97,Train,Leaf Class (Softmax),21,weevil,0.999,0.9983,0.9986
97,Train,Leaf Class (Sigmoid),0,Ichneumonoidea,0.9844,0.9905,0.9875
97,Train,Leaf Class (Sigmoid),1,Muscoidea,0.8682,0.9444,0.9047
97,Train,Leaf Class (Sigmoid),2,ant,0.9971,0.9969,0.997
97,Train,Leaf Class (Sigmoid),3,ant_beetle,0.9966,0.9989,0.9978
97,Train,Leaf Class (Sigmoid),4,bug,0.9966,0.9842,0.9904
97,Train,Leaf Class (Sigmoid),5,butterfly,0.9967,0.9887,0.9927
97,Train,Leaf Class (Sigmoid),6,caddisfly,0.9985,0.9981,0.9983
97,Train,Leaf Class (Sigmoid),7,dance_fly,0.9953,0.9839,0.9896
97,Train,Leaf Class (Sigmoid),8,earwig,0.9961,0.993,0.9946
97,Train,Leaf Class (Sigmoid),9,fever_fly,0.9975,0.9971,0.9973
97,Train,Leaf Class (Sigmoid),10,flesh_fly,0.9852,0.9905,0.9878
97,Train,Leaf Class (Sigmoid),11,fly,0.9362,0.8591,0.896
97,Train,Leaf Class (Sigmoid),12,fruit_fly,0.9948,0.9962,0.9955
97,Train,Leaf Class (Sigmoid),13,hoverfly,0.9936,0.9951,0.9944
97,Train,Leaf Class (Sigmoid),14,ladybug,0.9954,0.9978,0.9966
97,Train,Leaf Class (Sigmoid),15,leaf_beetle,0.9973,0.9981,0.9977
97,Train,Leaf Class (Sigmoid),16,midge,0.9989,0.9945,0.9967
97,Train,Leaf Class (Sigmoid),17,moth,0.9983,0.9876,0.993
97,Train,Leaf Class (Sigmoid),18,robber_fly,0.9969,0.9972,0.9971
97,Train,Leaf Class (Sigmoid),19,spider,0.9935,0.995,0.9943
97,Train,Leaf Class (Sigmoid),20,wasp,0.9858,0.9659,0.9758
97,Train,Leaf Class (Sigmoid),21,weevil,0.9997,0.9975,0.9986
97,Test,PF4,0,Arachnida,0.7033,0.8758,0.7801
97,Test,PF4,1,Insecta,0.9971,0.9914,0.9943
97,Test,PF3,0,Araneae,0.7102,0.8758,0.7844
97,Test,PF3,1,Coleoptera,0.9286,0.7912,0.8544
97,Test,PF3,2,Dermaptera,0.9304,0.1433,0.2483
97,Test,PF3,3,Diptera,0.9007,0.9635,0.9311
97,Test,PF3,4,Hemiptera,0.9722,0.7011,0.8147
97,Test,PF3,5,Hymenoptera,0.8492,0.8088,0.8285
97,Test,PF3,6,Lepidoptera,0.7815,0.6333,0.6996
97,Test,PF3,7,Mecoptera,0.1726,0.3061,0.2208
97,Test,PF3,8,Neuroptera,0.7772,0.5008,0.6091
97,Test,PF3,9,Orthoptera,0.6929,0.98,0.8118
97,Test,PF3,10,Trichoptera,0.9978,0.9642,0.9807
97,Test,PF2,0,Apocrita,0.8463,0.819,0.8324
97,Test,PF2,1,Arneomorphae,0.7496,0.8758,0.8078
97,Test,PF2,2,Brachycera,0.8698,0.959,0.9122
97,Test,PF2,3,Forficulina,0.8897,0.1179,0.2083
97,Test,PF2,4,Glossata,0.7627,0.5378,0.6308
97,Test,PF2,5,Hemerobiiformia,0.8224,0.4841,0.6095
97,Test,PF2,6,Heteroptera,0.9691,0.7011,0.8136
97,Test,PF2,7,Integripalpia,0.9973,0.9457,0.9708
97,Test,PF2,8,Nematocera,0.9635,0.9616,0.9626
97,Test,PF2,9,Polyphaga,0.9411,0.7858,0.8565
97,Test,PF2,10,Symphyta,0.883,0.7348,0.8021
97,Test,PF2,11,grasshopper,0.566,0.9848,0.7189
97,Test,PF2,12,scorpion_fly,0.1473,0.0804,0.104
97,Test,PF1,0,Aculeata,0.8444,0.8588,0.8516
97,Test,PF1,1,Araneomorphae,0.7183,0.8758,0.7893
97,Test,PF1,2,Asilomorpha,0.7905,0.7827,0.7866
97,Test,PF1,3,Bibionomorpha,0.9976,0.8811,0.9357
97,Test,PF1,4,Cucujiformia,0.9278,0.7873,0.8518
97,Test,PF1,5,Culicomorpha,0.9444,0.9932,0.9682
97,Test,PF1,6,Epidermaptera,0.8957,0.1423,0.2456
97,Test,PF1,7,Heterocera,0.7757,0.658,0.712
97,Test,PF1,8,Muscomorpha,0.8023,0.9458,0.8682
97,Test,PF1,9,Parasitica,0.6273,0.6076,0.6173
97,Test,PF1,10,Pentatomomorpha,0.9627,0.6965,0.8082
97,Test,PF1,11,Plenitentoria,0.996,0.972,0.9839
97,Test,PF1,12,Rhopalocera,0.7966,0.9182,0.8531
97,Test,PF1,13,lacewing,0.7672,0.61,0.6796
97,Test,PF1,14,saw_fly,0.8848,0.7216,0.795
97,Test,Leaf Class (Softmax),0,Ichneumonoidea,0.5776,0.6345,0.6047
97,Test,Leaf Class (Softmax),1,Muscoidea,0.3488,0.5978,0.4406
97,Test,Leaf Class (Softmax),2,ant,0.8546,0.8508,0.8527
97,Test,Leaf Class (Softmax),3,ant_beetle,0.9187,0.9357,0.9271
97,Test,Leaf Class (Softmax),4,bug,0.9681,0.7018,0.8138
97,Test,Leaf Class (Softmax),5,butterfly,0.8143,0.9113,0.8601
97,Test,Leaf Class (Softmax),6,caddisfly,0.9982,0.9703,0.984
97,Test,Leaf Class (Softmax),7,dance_fly,0.8221,0.6064,0.698
97,Test,Leaf Class (Softmax),8,earwig,0.8673,0.0828,0.1512
97,Test,Leaf Class (Softmax),9,fever_fly,0.9984,0.8846,0.9381
97,Test,Leaf Class (Softmax),10,flesh_fly,0.7571,0.783,0.7698
97,Test,Leaf Class (Softmax),11,fly,0.3534,0.4992,0.4138
97,Test,Leaf Class (Softmax),12,fruit_fly,0.9007,0.601,0.7209
97,Test,Leaf Class (Softmax),13,hoverfly,0.8268,0.8352,0.831
97,Test,Leaf Class (Softmax),14,ladybug,0.9344,0.943,0.9387
97,Test,Leaf Class (Softmax),15,leaf_beetle,0.0548,0.0123,0.0201
97,Test,Leaf Class (Softmax),16,midge,0.956,0.9932,0.9743
97,Test,Leaf Class (Softmax),17,moth,0.8653,0.7642,0.8116
97,Test,Leaf Class (Softmax),18,robber_fly,0.7839,0.8142,0.7988
97,Test,Leaf Class (Softmax),19,spider,0.752,0.8758,0.8092
97,Test,Leaf Class (Softmax),20,wasp,0.8754,0.8197,0.8467
97,Test,Leaf Class (Softmax),21,weevil,0.9119,0.758,0.8278
97,Test,Leaf Class (Sigmoid),0,Ichneumonoidea,0.6509,0.6188,0.6345
97,Test,Leaf Class (Sigmoid),1,Muscoidea,0.3839,0.533,0.4464
97,Test,Leaf Class (Sigmoid),2,ant,0.8432,0.8602,0.8516
97,Test,Leaf Class (Sigmoid),3,ant_beetle,0.9273,0.9424,0.9348
97,Test,Leaf Class (Sigmoid),4,bug,0.9435,0.708,0.809
97,Test,Leaf Class (Sigmoid),5,butterfly,0.8238,0.9261,0.872
97,Test,Leaf Class (Sigmoid),6,caddisfly,0.9991,0.9664,0.9825
97,Test,Leaf Class (Sigmoid),7,dance_fly,0.7946,0.6255,0.7
97,Test,Leaf Class (Sigmoid),8,earwig,0.8889,0.1014,0.182
97,Test,Leaf Class (Sigmoid),9,fever_fly,0.9976,0.891,0.9413
97,Test,Leaf Class (Sigmoid),10,flesh_fly,0.7911,0.779,0.785
97,Test,Leaf Class (Sigmoid),11,fly,0.364,0.5898,0.4502
97,Test,Leaf Class (Sigmoid),12,fruit_fly,0.9172,0.5843,0.7138
97,Test,Leaf Class (Sigmoid),13,hoverfly,0.8325,0.8385,0.8355
97,Test,Leaf Class (Sigmoid),14,ladybug,0.9552,0.9382,0.9467
97,Test,Leaf Class (Sigmoid),15,leaf_beetle,0.0599,0.0077,0.0136
97,Test,Leaf Class (Sigmoid),16,midge,0.9433,0.9938,0.9679
97,Test,Leaf Class (Sigmoid),17,moth,0.8198,0.8245,0.8221
97,Test,Leaf Class (Sigmoid),18,robber_fly,0.7916,0.8242,0.8076
97,Test,Leaf Class (Sigmoid),19,spider,0.734,0.8758,0.7987
97,Test,Leaf Class (Sigmoid),20,wasp,0.8233,0.8271,0.8252
97,Test,Leaf Class (Sigmoid),21,weevil,0.8869,0.7665,0.8223
98,Train,PF4,0,Arachnida,0.9843,0.998,0.9911
98,Train,PF4,1,Insecta,1.0,0.9999,0.9999
98,Train,PF3,0,Araneae,0.9935,0.996,0.9948
98,Train,PF3,1,Coleoptera,0.9971,0.9967,0.9969
98,Train,PF3,2,Dermaptera,0.9846,0.993,0.9888
98,Train,PF3,3,Diptera,0.9969,0.9961,0.9965
98,Train,PF3,4,Hemiptera,0.992,0.9831,0.9875
98,Train,PF3,5,Hymenoptera,0.9938,0.9921,0.993
98,Train,PF3,6,Lepidoptera,0.9903,0.9851,0.9877
98,Train,PF3,7,Mecoptera,0.8995,0.3208,0.473
98,Train,PF3,8,Neuroptera,0.9958,0.999,0.9974
98,Train,PF3,9,Orthoptera,0.8883,0.9955,0.9388
98,Train,PF3,10,Trichoptera,1.0,0.9974,0.9987
98,Train,PF2,0,Apocrita,0.9963,0.9914,0.9938
98,Train,PF2,1,Arneomorphae,0.9965,0.9865,0.9915
98,Train,PF2,2,Brachycera,0.9961,0.9965,0.9963
98,Train,PF2,3,Forficulina,0.9839,0.993,0.9884
98,Train,PF2,4,Glossata,0.9909,0.9786,0.9847
98,Train,PF2,5,Hemerobiiformia,0.9973,0.9986,0.998
98,Train,PF2,6,Heteroptera,0.9949,0.9836,0.9892
98,Train,PF2,7,Integripalpia,1.0,0.9962,0.9981
98,Train,PF2,8,Nematocera,0.9991,0.9937,0.9964
98,Train,PF2,9,Polyphaga,0.9981,0.9963,0.9972
98,Train,PF2,10,Symphyta,0.9837,0.9867,0.9852
98,Train,PF2,11,grasshopper,0.8499,0.9976,0.9178
98,Train,PF2,12,scorpion_fly,0.7884,0.0774,0.1409
98,Train,PF1,0,Aculeata,0.9965,0.9939,0.9952
98,Train,PF1,1,Araneomorphae,0.996,0.995,0.9955
98,Train,PF1,2,Asilomorpha,0.9975,0.996,0.9968
98,Train,PF1,3,Bibionomorpha,0.9982,0.9989,0.9986
98,Train,PF1,4,Cucujiformia,0.9986,0.997,0.9978
98,Train,PF1,5,Culicomorpha,0.9998,0.9939,0.9969
98,Train,PF1,6,Epidermaptera,0.9907,0.9922,0.9915
98,Train,PF1,7,Heterocera,0.9968,0.9868,0.9918
98,Train,PF1,8,Muscomorpha,0.9945,0.9985,0.9965
98,Train,PF1,9,Parasitica,0.9909,0.986,0.9884
98,Train,PF1,10,Pentatomomorpha,0.9971,0.982,0.9895
98,Train,PF1,11,Plenitentoria,0.9985,0.9992,0.9989
98,Train,PF1,12,Rhopalocera,0.9968,0.9951,0.996
98,Train,PF1,13,lacewing,0.9961,0.9991,0.9976
98,Train,PF1,14,saw_fly,0.9913,0.9859,0.9886
98,Train,Leaf Class (Softmax),0,Ichneumonoidea,0.9926,0.9905,0.9915
98,Train,Leaf Class (Softmax),1,Muscoidea,0.9242,0.9078,0.9159
98,Train,Leaf Class (Softmax),2,ant,0.9968,0.9979,0.9973
98,Train,Leaf Class (Softmax),3,ant_beetle,0.9989,0.9985,0.9987
98,Train,Leaf Class (Softmax),4,bug,0.9938,0.9938,0.9938
98,Train,Leaf Class (Softmax),5,butterfly,0.996,0.9976,0.9968
98,Train,Leaf Class (Softmax),6,caddisfly,0.9992,0.9992,0.9992
98,Train,Leaf Class (Softmax),7,dance_fly,0.9953,0.9913,0.9933
98,Train,Leaf Class (Softmax),8,earwig,0.9961,0.993,0.9946
98,Train,Leaf Class (Softmax),9,fever_fly,0.9982,0.9993,0.9988
98,Train,Leaf Class (Softmax),10,flesh_fly,0.9883,0.9896,0.989
98,Train,Leaf Class (Softmax),11,fly,0.9056,0.9231,0.9143
98,Train,Leaf Class (Softmax),12,fruit_fly,0.9967,0.9962,0.9964
98,Train,Leaf Class (Softmax),13,hoverfly,0.9942,0.9944,0.9943
98,Train,Leaf Class (Softmax),14,ladybug,0.9971,0.9973,0.9972
98,Train,Leaf Class (Softmax),15,leaf_beetle,0.9988,0.9985,0.9986
98,Train,Leaf Class (Softmax),16,midge,0.9985,0.9956,0.997
98,Train,Leaf Class (Softmax),17,moth,0.9953,0.9958,0.9956
98,Train,Leaf Class (Softmax),18,robber_fly,0.998,0.9971,0.9975
98,Train,Leaf Class (Softmax),19,spider,0.9965,0.9975,0.997
98,Train,Leaf Class (Softmax),20,wasp,0.9826,0.9731,0.9778
98,Train,Leaf Class (Softmax),21,weevil,0.9983,0.9982,0.9983
98,Train,Leaf Class (Sigmoid),0,Ichneumonoidea,0.9885,0.9922,0.9903
98,Train,Leaf Class (Sigmoid),1,Muscoidea,0.871,0.9438,0.9059
98,Train,Leaf Class (Sigmoid),2,ant,0.9966,0.9974,0.997
98,Train,Leaf Class (Sigmoid),3,ant_beetle,0.9993,0.9985,0.9989
98,Train,Leaf Class (Sigmoid),4,bug,0.9977,0.9831,0.9903
98,Train,Leaf Class (Sigmoid),5,butterfly,0.9984,0.9943,0.9964
98,Train,Leaf Class (Sigmoid),6,caddisfly,0.9985,0.9989,0.9987
98,Train,Leaf Class (Sigmoid),7,dance_fly,0.9973,0.9859,0.9916
98,Train,Leaf Class (Sigmoid),8,earwig,0.9953,0.9899,0.9926
98,Train,Leaf Class (Sigmoid),9,fever_fly,0.9982,0.9982,0.9982
98,Train,Leaf Class (Sigmoid),10,flesh_fly,0.9837,0.9905,0.9871
98,Train,Leaf Class (Sigmoid),11,fly,0.9341,0.8624,0.8968
98,Train,Leaf Class (Sigmoid),12,fruit_fly,0.9957,0.9965,0.9961
98,Train,Leaf Class (Sigmoid),13,hoverfly,0.994,0.9938,0.9939
98,Train,Leaf Class (Sigmoid),14,ladybug,0.9954,0.9978,0.9966
98,Train,Leaf Class (Sigmoid),15,leaf_beetle,0.9982,0.9985,0.9983
98,Train,Leaf Class (Sigmoid),16,midge,0.9996,0.9935,0.9966
98,Train,Leaf Class (Sigmoid),17,moth,0.9978,0.9876,0.9927
98,Train,Leaf Class (Sigmoid),18,robber_fly,0.9972,0.9974,0.9973
98,Train,Leaf Class (Sigmoid),19,spider,0.996,0.994,0.995
98,Train,Leaf Class (Sigmoid),20,wasp,0.9795,0.9634,0.9714
98,Train,Leaf Class (Sigmoid),21,weevil,0.9992,0.9974,0.9983
98,Test,PF4,0,Arachnida,0.7071,0.8758,0.7825
98,Test,PF4,1,Insecta,0.9971,0.9916,0.9943
98,Test,PF3,0,Araneae,0.7183,0.8758,0.7893
98,Test,PF3,1,Coleoptera,0.9323,0.7875,0.8538
98,Test,PF3,2,Dermaptera,0.9235,0.153,0.2625
98,Test,PF3,3,Diptera,0.9038,0.9625,0.9323
98,Test,PF3,4,Hemiptera,0.9691,0.7011,0.8136
98,Test,PF3,5,Hymenoptera,0.8392,0.8169,0.8279
98,Test,PF3,6,Lepidoptera,0.7764,0.6508,0.7081
98,Test,PF3,7,Mecoptera,0.1671,0.332,0.2223
98,Test,PF3,8,Neuroptera,0.8,0.5034,0.6179
98,Test,PF3,9,Orthoptera,0.7163,0.9782,0.827
98,Test,PF3,10,Trichoptera,0.9977,0.9522,0.9744
98,Test,PF2,0,Apocrita,0.8355,0.8277,0.8316
98,Test,PF2,1,Arneomorphae,0.7599,0.8758,0.8137
98,Test,PF2,2,Brachycera,0.8738,0.9585,0.9142
98,Test,PF2,3,Forficulina,0.8913,0.1199,0.2113
98,Test,PF2,4,Glossata,0.7549,0.5507,0.6368
98,Test,PF2,5,Hemerobiiformia,0.8237,0.4836,0.6094
98,Test,PF2,6,Heteroptera,0.9691,0.6995,0.8125
98,Test,PF2,7,Integripalpia,0.9981,0.9228,0.959
98,Test,PF2,8,Nematocera,0.965,0.9629,0.9639
98,Test,PF2,9,Polyphaga,0.944,0.7836,0.8564
98,Test,PF2,10,Symphyta,0.8853,0.7428,0.8078
98,Test,PF2,11,grasshopper,0.5671,0.9835,0.7194
98,Test,PF2,12,scorpion_fly,0.146,0.0869,0.1089
98,Test,PF1,0,Aculeata,0.8447,0.8629,0.8537
98,Test,PF1,1,Araneomorphae,0.7314,0.8758,0.7971
98,Test,PF1,2,Asilomorpha,0.8038,0.7831,0.7933
98,Test,PF1,3,Bibionomorpha,0.9976,0.8832,0.9369
98,Test,PF1,4,Cucujiformia,0.9316,0.7856,0.8524
98,Test,PF1,5,Culicomorpha,0.9448,0.9932,0.9684
98,Test,PF1,6,Epidermaptera,0.9167,0.1501,0.258
98,Test,PF1,7,Heterocera,0.771,0.6665,0.7149
98,Test,PF1,8,Muscomorpha,0.8007,0.9487,0.8685
98,Test,PF1,9,Parasitica,0.6085,0.6099,0.6092
98,Test,PF1,10,Pentatomomorpha,0.9607,0.6965,0.8075
98,Test,PF1,11,Plenitentoria,0.9965,0.9703,0.9832
98,Test,PF1,12,Rhopalocera,0.7971,0.9133,0.8512
98,Test,PF1,13,lacewing,0.7844,0.5959,0.6773
98,Test,PF1,14,saw_fly,0.8795,0.7274,0.7962
98,Test,Leaf Class (Softmax),0,Ichneumonoidea,0.5737,0.6368,0.6036
98,Test,Leaf Class (Softmax),1,Muscoidea,0.3546,0.5848,0.4415
98,Test,Leaf Class (Softmax),2,ant,0.8632,0.8538,0.8585
98,Test,Leaf Class (Softmax),3,ant_beetle,0.9068,0.9424,0.9242
98,Test,Leaf Class (Softmax),4,bug,0.9639,0.6995,0.8107
98,Test,Leaf Class (Softmax),5,butterfly,0.8068,0.9094,0.855
98,Test,Leaf Class (Softmax),6,caddisfly,0.9982,0.9685,0.9832
98,Test,Leaf Class (Softmax),7,dance_fly,0.8281,0.6026,0.6976
98,Test,Leaf Class (Softmax),8,earwig,0.8713,0.0858,0.1562
98,Test,Leaf Class (Softmax),9,fever_fly,0.9976,0.8846,0.9377
98,Test,Leaf Class (Softmax),10,flesh_fly,0.769,0.7782,0.7736
98,Test,Leaf Class (Softmax),11,fly,0.3417,0.5162,0.4112
98,Test,Leaf Class (Softmax),12,fruit_fly,0.9085,0.5958,0.7196
98,Test,Leaf Class (Softmax),13,hoverfly,0.8168,0.847,0.8316
98,Test,Leaf Class (Softmax),14,ladybug,0.9416,0.94,0.9408
98,Test,Leaf Class (Softmax),15,leaf_beetle,0.041,0.0092,0.0151
98,Test,Leaf Class (Softmax),16,midge,0.9562,0.9932,0.9744
98,Test,Leaf Class (Softmax),17,moth,0.8667,0.7572,0.8083
98,Test,Leaf Class (Softmax),18,robber_fly,0.7969,0.8172,0.807
98,Test,Leaf Class (Softmax),19,spider,0.7745,0.8758,0.8221
98,Test,Leaf Class (Softmax),20,wasp,0.8554,0.8234,0.8391
98,Test,Leaf Class (Softmax),21,weevil,0.9101,0.762,0.8295
98,Test,Leaf Class (Sigmoid),0,Ichneumonoidea,0.6393,0.6278,0.6335
98,Test,Leaf Class (Sigmoid),1,Muscoidea,0.3838,0.5208,0.4419
98,Test,Leaf Class (Sigmoid),2,ant,0.847,0.8635,0.8552
98,Test,Leaf Class (Sigmoid),3,ant_beetle,0.9215,0.946,0.9336
98,Test,Leaf Class (Sigmoid),4,bug,0.9405,0.7057,0.8063
98,Test,Leaf Class (Sigmoid),5,butterfly,0.8195,0.9212,0.8673
98,Test,Leaf Class (Sigmoid),6,caddisfly,0.9991,0.9638,0.9811
98,Test,Leaf Class (Sigmoid),7,dance_fly,0.8025,0.6262,0.7035
98,Test,Leaf Class (Sigmoid),8,earwig,0.8926,0.1053,0.1883
98,Test,Leaf Class (Sigmoid),9,fever_fly,0.9976,0.8931,0.9425
98,Test,Leaf Class (Sigmoid),10,flesh_fly,0.8046,0.774,0.789
98,Test,Leaf Class (Sigmoid),11,fly,0.3557,0.5985,0.4462
98,Test,Leaf Class (Sigmoid),12,fruit_fly,0.9267,0.5788,0.7125
98,Test,Leaf Class (Sigmoid),13,hoverfly,0.8234,0.8522,0.8376
98,Test,Leaf Class (Sigmoid),14,ladybug,0.9581,0.9368,0.9473
98,Test,Leaf Class (Sigmoid),15,leaf_beetle,0.0485,0.0061,0.0109
98,Test,Leaf Class (Sigmoid),16,midge,0.9435,0.9935,0.9679
98,Test,Leaf Class (Sigmoid),17,moth,0.8185,0.8188,0.8186
98,Test,Leaf Class (Sigmoid),18,robber_fly,0.8057,0.824,0.8147
98,Test,Leaf Class (Sigmoid),19,spider,0.7512,0.8758,0.8087
98,Test,Leaf Class (Sigmoid),20,wasp,0.8074,0.8313,0.8192
98,Test,Leaf Class (Sigmoid),21,weevil,0.8889,0.7678,0.8239
99,Train,PF4,0,Arachnida,0.9804,0.9975,0.9889
99,Train,PF4,1,Insecta,1.0,0.9998,0.9999
99,Train,PF3,0,Araneae,0.992,0.9945,0.9933
99,Train,PF3,1,Coleoptera,0.9966,0.9972,0.9969
99,Train,PF3,2,Dermaptera,0.9884,0.9907,0.9895
99,Train,PF3,3,Diptera,0.997,0.9961,0.9965
99,Train,PF3,4,Hemiptera,0.9915,0.982,0.9867
99,Train,PF3,5,Hymenoptera,0.9931,0.9922,0.9926
99,Train,PF3,6,Lepidoptera,0.9911,0.9848,0.988
99,Train,PF3,7,Mecoptera,0.8994,0.3278,0.4805
99,Train,PF3,8,Neuroptera,0.9946,0.9988,0.9967
99,Train,PF3,9,Orthoptera,0.8901,0.9954,0.9398
99,Train,PF3,10,Trichoptera,0.9996,0.9981,0.9989
99,Train,PF2,0,Apocrita,0.9965,0.9917,0.9941
99,Train,PF2,1,Arneomorphae,0.9935,0.988,0.9907
99,Train,PF2,2,Brachycera,0.9963,0.9965,0.9964
99,Train,PF2,3,Forficulina,0.9861,0.9891,0.9876
99,Train,PF2,4,Glossata,0.9919,0.9802,0.986
99,Train,PF2,5,Hemerobiiformia,0.9955,0.9985,0.997
99,Train,PF2,6,Heteroptera,0.9937,0.982,0.9878
99,Train,PF2,7,Integripalpia,1.0,0.9974,0.9987
99,Train,PF2,8,Nematocera,0.999,0.9933,0.9961
99,Train,PF2,9,Polyphaga,0.9976,0.9962,0.9969
99,Train,PF2,10,Symphyta,0.984,0.9882,0.9861
99,Train,PF2,11,grasshopper,0.8514,0.9976,0.9187
99,Train,PF2,12,scorpion_fly,0.8178,0.0786,0.1434
99,Train,PF1,0,Aculeata,0.9966,0.9939,0.9952
99,Train,PF1,1,Araneomorphae,0.994,0.9945,0.9943
99,Train,PF1,2,Asilomorpha,0.997,0.9967,0.9968
99,Train,PF1,3,Bibionomorpha,0.9979,0.9982,0.998
99,Train,PF1,4,Cucujiformia,0.9983,0.9969,0.9976
99,Train,PF1,5,Culicomorpha,0.9996,0.9947,0.9971
99,Train,PF1,6,Epidermaptera,0.9876,0.9891,0.9884
99,Train,PF1,7,Heterocera,0.997,0.9881,0.9925
99,Train,PF1,8,Muscomorpha,0.995,0.9981,0.9966
99,Train,PF1,9,Parasitica,0.9913,0.9868,0.9891
99,Train,PF1,10,Pentatomomorpha,0.996,0.9808,0.9883
99,Train,PF1,11,Plenitentoria,1.0,0.9992,0.9996
99,Train,PF1,12,Rhopalocera,0.9976,0.9919,0.9947
99,Train,PF1,13,lacewing,0.9949,0.999,0.997
99,Train,PF1,14,saw_fly,0.9908,0.9877,0.9892
99,Train,Leaf Class (Softmax),0,Ichneumonoidea,0.9909,0.988,0.9895
99,Train,Leaf Class (Softmax),1,Muscoidea,0.9208,0.9089,0.9149
99,Train,Leaf Class (Softmax),2,ant,0.997,0.9982,0.9976
99,Train,Leaf Class (Softmax),3,ant_beetle,0.9992,0.9974,0.9983
99,Train,Leaf Class (Softmax),4,bug,0.9938,0.9893,0.9915
99,Train,Leaf Class (Softmax),5,butterfly,0.9992,0.9943,0.9968
99,Train,Leaf Class (Softmax),6,caddisfly,0.9996,0.9996,0.9996
99,Train,Leaf Class (Softmax),7,dance_fly,0.9953,0.9926,0.994
99,Train,Leaf Class (Softmax),8,earwig,0.993,0.9907,0.9919
99,Train,Leaf Class (Softmax),9,fever_fly,0.9979,0.9975,0.9977
99,Train,Leaf Class (Softmax),10,flesh_fly,0.989,0.9898,0.9894
99,Train,Leaf Class (Softmax),11,fly,0.9058,0.9191,0.9124
99,Train,Leaf Class (Softmax),12,fruit_fly,0.9961,0.9967,0.9964
99,Train,Leaf Class (Softmax),13,hoverfly,0.9943,0.9947,0.9945
99,Train,Leaf Class (Softmax),14,ladybug,0.9972,0.997,0.9971
99,Train,Leaf Class (Softmax),15,leaf_beetle,0.9986,0.999,0.9988
99,Train,Leaf Class (Softmax),16,midge,0.9987,0.9962,0.9974
99,Train,Leaf Class (Softmax),17,moth,0.9954,0.9955,0.9954
99,Train,Leaf Class (Softmax),18,robber_fly,0.9978,0.9975,0.9977
99,Train,Leaf Class (Softmax),19,spider,0.9945,0.996,0.9953
99,Train,Leaf Class (Softmax),20,wasp,0.9826,0.9735,0.978
99,Train,Leaf Class (Softmax),21,weevil,0.9985,0.9981,0.9983
99,Train,Leaf Class (Sigmoid),0,Ichneumonoidea,0.9881,0.9905,0.9893
99,Train,Leaf Class (Sigmoid),1,Muscoidea,0.8696,0.948,0.9071
99,Train,Leaf Class (Sigmoid),2,ant,0.9969,0.9971,0.997
99,Train,Leaf Class (Sigmoid),3,ant_beetle,0.9996,0.997,0.9983
99,Train,Leaf Class (Sigmoid),4,bug,0.9977,0.9774,0.9875
99,Train,Leaf Class (Sigmoid),5,butterfly,1.0,0.9911,0.9955
99,Train,Leaf Class (Sigmoid),6,caddisfly,0.9992,0.9992,0.9992
99,Train,Leaf Class (Sigmoid),7,dance_fly,0.998,0.9893,0.9936
99,Train,Leaf Class (Sigmoid),8,earwig,0.9915,0.9899,0.9907
99,Train,Leaf Class (Sigmoid),9,fever_fly,0.9979,0.9957,0.9968
99,Train,Leaf Class (Sigmoid),10,flesh_fly,0.9866,0.9906,0.9886
99,Train,Leaf Class (Sigmoid),11,fly,0.937,0.8608,0.8973
99,Train,Leaf Class (Sigmoid),12,fruit_fly,0.9954,0.997,0.9962
99,Train,Leaf Class (Sigmoid),13,hoverfly,0.9935,0.9944,0.9939
99,Train,Leaf Class (Sigmoid),14,ladybug,0.9958,0.9972,0.9965
99,Train,Leaf Class (Sigmoid),15,leaf_beetle,0.9975,0.9987,0.9981
99,Train,Leaf Class (Sigmoid),16,midge,0.9998,0.9947,0.9972
99,Train,Leaf Class (Sigmoid),17,moth,0.9979,0.9884,0.9931
99,Train,Leaf Class (Sigmoid),18,robber_fly,0.9971,0.9972,0.9972
99,Train,Leaf Class (Sigmoid),19,spider,0.9935,0.996,0.9948
99,Train,Leaf Class (Sigmoid),20,wasp,0.9824,0.9609,0.9715
99,Train,Leaf Class (Sigmoid),21,weevil,0.9993,0.9975,0.9984
99,Test,PF4,0,Arachnida,0.6952,0.8758,0.7751
99,Test,PF4,1,Insecta,0.9971,0.9911,0.9941
99,Test,PF3,0,Araneae,0.712,0.8758,0.7854
99,Test,PF3,1,Coleoptera,0.9367,0.7831,0.853
99,Test,PF3,2,Dermaptera,0.9205,0.1355,0.2362
99,Test,PF3,3,Diptera,0.8975,0.9647,0.9299
99,Test,PF3,4,Hemiptera,0.9681,0.7018,0.8138
99,Test,PF3,5,Hymenoptera,0.8408,0.8131,0.8267
99,Test,PF3,6,Lepidoptera,0.7803,0.6295,0.6968
99,Test,PF3,7,Mecoptera,0.167,0.284,0.2104
99,Test,PF3,8,Neuroptera,0.7891,0.4982,0.6108
99,Test,PF3,9,Orthoptera,0.6928,0.9795,0.8116
99,Test,PF3,10,Trichoptera,0.9977,0.953,0.9749
99,Test,PF2,0,Apocrita,0.8383,0.8236,0.8309
99,Test,PF2,1,Arneomorphae,0.7508,0.8758,0.8085
99,Test,PF2,2,Brachycera,0.8646,0.9613,0.9104
99,Test,PF2,3,Forficulina,0.8849,0.1199,0.2112
99,Test,PF2,4,Glossata,0.7634,0.534,0.6284
99,Test,PF2,5,Hemerobiiformia,0.829,0.4815,0.6092
99,Test,PF2,6,Heteroptera,0.9619,0.7011,0.8111
99,Test,PF2,7,Integripalpia,0.9981,0.925,0.9602
99,Test,PF2,8,Nematocera,0.9679,0.9595,0.9637
99,Test,PF2,9,Polyphaga,0.9473,0.7775,0.8541
99,Test,PF2,10,Symphyta,0.8953,0.7342,0.8068
99,Test,PF2,11,grasshopper,0.5679,0.9832,0.7199
99,Test,PF2,12,scorpion_fly,0.1565,0.0765,0.1028
99,Test,PF1,0,Aculeata,0.8374,0.8612,0.8491
99,Test,PF1,1,Araneomorphae,0.7219,0.8758,0.7915
99,Test,PF1,2,Asilomorpha,0.7945,0.778,0.7861
99,Test,PF1,3,Bibionomorpha,0.9976,0.8776,0.9337
99,Test,PF1,4,Cucujiformia,0.9363,0.7806,0.8514
99,Test,PF1,5,Culicomorpha,0.9475,0.9932,0.9699
99,Test,PF1,6,Epidermaptera,0.8938,0.1394,0.2411
99,Test,PF1,7,Heterocera,0.7747,0.6617,0.7138
99,Test,PF1,8,Muscomorpha,0.7954,0.9489,0.8654
99,Test,PF1,9,Parasitica,0.6376,0.6076,0.6223
99,Test,PF1,10,Pentatomomorpha,0.9597,0.6965,0.8071
99,Test,PF1,11,Plenitentoria,0.996,0.9741,0.985
99,Test,PF1,12,Rhopalocera,0.8227,0.9054,0.8621
99,Test,PF1,13,lacewing,0.7878,0.5985,0.6803
99,Test,PF1,14,saw_fly,0.8888,0.7188,0.7948
99,Test,Leaf Class (Softmax),0,Ichneumonoidea,0.5916,0.63,0.6102
99,Test,Leaf Class (Softmax),1,Muscoidea,0.355,0.5868,0.4423
99,Test,Leaf Class (Softmax),2,ant,0.8549,0.8498,0.8523
99,Test,Leaf Class (Softmax),3,ant_beetle,0.902,0.9387,0.92
99,Test,Leaf Class (Softmax),4,bug,0.9569,0.7011,0.8092
99,Test,Leaf Class (Softmax),5,butterfly,0.8238,0.8985,0.8596
99,Test,Leaf Class (Softmax),6,caddisfly,0.9982,0.972,0.9849
99,Test,Leaf Class (Softmax),7,dance_fly,0.8481,0.6003,0.703
99,Test,Leaf Class (Softmax),8,earwig,0.8763,0.0828,0.1514
99,Test,Leaf Class (Softmax),9,fever_fly,0.9984,0.8811,0.9361
99,Test,Leaf Class (Softmax),10,flesh_fly,0.7503,0.782,0.7658
99,Test,Leaf Class (Softmax),11,fly,0.3475,0.517,0.4156
99,Test,Leaf Class (Softmax),12,fruit_fly,0.9059,0.597,0.7197
99,Test,Leaf Class (Softmax),13,hoverfly,0.8185,0.842,0.8301
99,Test,Leaf Class (Softmax),14,ladybug,0.9419,0.9402,0.9411
99,Test,Leaf Class (Softmax),15,leaf_beetle,0.0511,0.0092,0.0156
99,Test,Leaf Class (Softmax),16,midge,0.9599,0.9932,0.9763
99,Test,Leaf Class (Softmax),17,moth,0.8654,0.7605,0.8096
99,Test,Leaf Class (Softmax),18,robber_fly,0.7814,0.8132,0.797
99,Test,Leaf Class (Softmax),19,spider,0.7567,0.8758,0.8119
99,Test,Leaf Class (Softmax),20,wasp,0.8438,0.8243,0.834
99,Test,Leaf Class (Softmax),21,weevil,0.9205,0.7588,0.8318
99,Test,Leaf Class (Sigmoid),0,Ichneumonoidea,0.6659,0.6121,0.6379
99,Test,Leaf Class (Sigmoid),1,Muscoidea,0.3854,0.5252,0.4446
99,Test,Leaf Class (Sigmoid),2,ant,0.8445,0.8605,0.8524
99,Test,Leaf Class (Sigmoid),3,ant_beetle,0.9213,0.9431,0.9321
99,Test,Leaf Class (Sigmoid),4,bug,0.9309,0.7057,0.8028
99,Test,Leaf Class (Sigmoid),5,butterfly,0.8312,0.9123,0.8699
99,Test,Leaf Class (Sigmoid),6,caddisfly,0.9991,0.9685,0.9836
99,Test,Leaf Class (Sigmoid),7,dance_fly,0.8104,0.6163,0.7002
99,Test,Leaf Class (Sigmoid),8,earwig,0.885,0.0975,0.1756
99,Test,Leaf Class (Sigmoid),9,fever_fly,0.9976,0.8825,0.9365
99,Test,Leaf Class (Sigmoid),10,flesh_fly,0.7869,0.7772,0.782
99,Test,Leaf Class (Sigmoid),11,fly,0.3557,0.598,0.4461
99,Test,Leaf Class (Sigmoid),12,fruit_fly,0.92,0.5805,0.7118
99,Test,Leaf Class (Sigmoid),13,hoverfly,0.822,0.843,0.8324
99,Test,Leaf Class (Sigmoid),14,ladybug,0.9635,0.9365,0.9498
99,Test,Leaf Class (Sigmoid),15,leaf_beetle,0.0439,0.0038,0.0071
99,Test,Leaf Class (Sigmoid),16,midge,0.9507,0.9935,0.9716
99,Test,Leaf Class (Sigmoid),17,moth,0.822,0.8208,0.8214
99,Test,Leaf Class (Sigmoid),18,robber_fly,0.7925,0.821,0.8065
99,Test,Leaf Class (Sigmoid),19,spider,0.7378,0.8758,0.8009
99,Test,Leaf Class (Sigmoid),20,wasp,0.7923,0.8303,0.8109
99,Test,Leaf Class (Sigmoid),21,weevil,0.8956,0.7652,0.8253
